family,variants,subsets,version,lastModified,files,category,kind,menu,axes,colorCapabilities,popularity_rank,year,period,has_italic,is_variable,num_weights,axis_tags,num_axes,has_width_axis,has_slant_axis,has_optical_size_axis,num_subsets,has_korean,is_top50,is_top100
Roboto,"['regular', 'italic']","['cyrillic', 'cyrillic-ext', 'greek', 'greek-ext', 'latin', 'latin-ext', 'math', 'symbols', 'vietnamese']",v51,2026-02-19,"{'regular': 'https://fonts.gstatic.com/s/roboto/v51/KFOmCnqEu92Fr1Me4GZLCzYlKw.woff2', 'italic': 'https://fonts.gstatic.com/s/roboto/v51/KFOkCnqEu92Fr1Mu52xKKTM1K9nz.woff2'}",sans-serif,webfonts#webfont,https://fonts.gstatic.com/s/roboto/v51/KFOMCnqEu92Fr1ME7kSn66aGLdTylUAMQXC89YmC2DPNWubEbVmSiAo.woff2,"[{'tag': 'wdth', 'start': 75, 'end': 100}, {'tag': 'wght', 'start': 100, 'end': 900}]",,1,2026,recent_12m,True,True,9,"{'wdth', 'wght'}",2,True,False,False,9,False,True,True
Open Sans,"['regular', 'italic']","['cyrillic', 'cyrillic-ext', 'greek', 'greek-ext', 'hebrew', 'latin', 'latin-ext', 'math', 'symbols', 'vietnamese']",v44,2025-09-16,"{'regular': 'https://fonts.gstatic.com/s/opensans/v44/mem8YaGs126MiZpBA-U1V5caXcl0Aw.woff2', 'italic': 'https://fonts.gstatic.com/s/opensans/v44/mem6YaGs126MiZpBA-UFUJ0bf8xkA76a.woff2'}",sans-serif,webfonts#webfont,https://fonts.gstatic.com/s/opensans/v44/memSYaGs126MiZpBA-UvWbX2vVnXBbObj2OVZyOOSr4dVJWUgsjZ0B4maVI.woff2,"[{'tag': 'wdth', 'start': 75, 'end': 100}, {'tag': 'wght', 'start': 300, 'end': 800}]",,2,2025,recent_12m,True,True,6,"{'wdth', 'wght'}",2,True,False,False,10,False,True,True
Google Sans,"['regular', 'italic']","['armenian', 'bengali', 'canadian-aboriginal', 'cyrillic', 'cyrillic-ext', 'devanagari', 'ethiopic', 'georgian', 'greek', 'greek-ext', 'gujarati', 'gurmukhi', 'hebrew', 'khmer', 'lao', 'latin', 'latin-ext', 'malayalam', 'oriya', 'sinhala', 'symbols', 'tamil', 'telugu', 'thai', 'vietnamese']",v70,2026-07-23,"{'regular': 'https://fonts.gstatic.com/s/googlesans/v70/4UaGrENHsxJlGDuGo1OIlI3MyJ98KhtH.woff2', 'italic': 'https://fonts.gstatic.com/s/googlesans/v70/4UaErENHsxJlGDuGo1OIlL3Lwp5eLwtHJlc.woff2'}",sans-serif,webfonts#webfont,https://fonts.gstatic.com/s/googlesans/v70/4Ua_rENHsxJlGDuGo1OIlJfC6l_24rlCK1Yo_Iqcsih3SAyH6cAwhX9RFD48TE63OOYKtrwEIJljpyk.woff2,"[{'tag': 'GRAD', 'start': -50, 'end': 200}, {'tag': 'opsz', 'start': 17, 'end': 18}, {'tag': 'wght', 'start': 400, 'end': 700}]",,3,2026,recent_12m,True,True,4,"{'opsz', 'wght', 'GRAD'}",3,False,False,True,25,False,True,True
Inter,"['regular', 'italic']","['cyrillic', 'cyrillic-ext', 'greek', 'greek-ext', 'latin', 'latin-ext', 'vietnamese']",v20,2025-09-10,"{'regular': 'https://fonts.gstatic.com/s/inter/v20/UcCo3FwrK3iLTfvgaQc78lA2.woff2', 'italic': 'https://fonts.gstatic.com/s/inter/v20/UcCm3FwrK3iLTcvnYwYZ90A2B58.woff2'}",sans-serif,webfonts#webfont,https://fonts.gstatic.com/s/inter/v20/UcCO3FwrK3iLTeHuS_nVMrMxCp50SjIw2boKoduKmMEVuLyfAZlhiA.woff2,"[{'tag': 'opsz', 'start': 14, 'end': 32}, {'tag': 'wght', 'start': 100, 'end': 900}]",,4,2025,recent_12m,True,True,9,"{'opsz', 'wght'}",2,False,False,True,7,False,True,True
Montserrat,"['regular', 'italic']","['cyrillic', 'cyrillic-ext', 'latin', 'latin-ext', 'vietnamese']",v31,2025-09-05,"{'regular': 'https://fonts.gstatic.com/s/montserrat/v31/JTUSjIg1_i6t8kCHKm45xWtrygbi49c.woff2', 'italic': 'https://fonts.gstatic.com/s/montserrat/v31/JTUQjIg1_i6t8kCHKm459WxhyyTn89dtpQ.woff2'}",sans-serif,webfonts#webfont,https://fonts.gstatic.com/s/montserrat/v31/JTUHjIg1_i6t8kCHKm4532VJOt5-QNFgpCtr6Hw_aXo.woff2,"[{'tag': 'wght', 'start': 100, 'end': 900}]",,5,2025,recent_12m,True,True,9,{'wght'},1,False,False,False,5,False,True,True
Poppins,"['100', '100italic', '200', '200italic', '300', '300italic', 'regular', 'italic', '500', '500italic', '600', '600italic', '700', '700italic', '800', '800italic', '900', '900italic']","['devanagari', 'latin', 'latin-ext']",v24,2025-09-16,"{'100': 'https://fonts.gstatic.com/s/poppins/v24/pxiGyp8kv8JHgFVrLPTecnFBGPaTSQ.woff2', '100italic': 'https://fonts.gstatic.com/s/poppins/v24/pxiAyp8kv8JHgFVrJJLmE3tAOvODSVFF.woff2', '200': 'https://fonts.gstatic.com/s/poppins/v24/pxiByp8kv8JHgFVrLFj_V15vFP-KUEg.woff2', '200italic': 'https://fonts.gstatic.com/s/poppins/v24/pxiDyp8kv8JHgFVrJJLmv1plFd2PQEhcqw.woff2', '300': 'https://fonts.gstatic.com/s/poppins/v24/pxiByp8kv8JHgFVrLDz8V15vFP-KUEg.woff2', '300italic': 'https://fonts.gstatic.com/s/poppins/v24/pxiDyp8kv8JHgFVrJJLm21llFd2PQEhcqw.woff2', 'regular': 'https://fonts.gstatic.com/s/poppins/v24/pxiEyp8kv8JHgFVrFJXUc1NECPY.woff2', 'italic': 'https://fonts.gstatic.com/s/poppins/v24/pxiGyp8kv8JHgFVrJJLecnFBGPaTSQ.woff2', '500': 'https://fonts.gstatic.com/s/poppins/v24/pxiByp8kv8JHgFVrLGT9V15vFP-KUEg.woff2', '500italic': 'https://fonts.gstatic.com/s/poppins/v24/pxiDyp8kv8JHgFVrJJLmg1hlFd2PQEhcqw.woff2', '600': 'https://fonts.gstatic.com/s/poppins/v24/pxiByp8kv8JHgFVrLEj6V15vFP-KUEg.woff2', '600italic': 'https://fonts.gstatic.com/s/poppins/v24/pxiDyp8kv8JHgFVrJJLmr19lFd2PQEhcqw.woff2', '700': 'https://fonts.gstatic.com/s/poppins/v24/pxiByp8kv8JHgFVrLCz7V15vFP-KUEg.woff2', '700italic': 'https://fonts.gstatic.com/s/poppins/v24/pxiDyp8kv8JHgFVrJJLmy15lFd2PQEhcqw.woff2', '800': 'https://fonts.gstatic.com/s/poppins/v24/pxiByp8kv8JHgFVrLDD4V15vFP-KUEg.woff2', '800italic': 'https://fonts.gstatic.com/s/poppins/v24/pxiDyp8kv8JHgFVrJJLm111lFd2PQEhcqw.woff2', '900': 'https://fonts.gstatic.com/s/poppins/v24/pxiByp8kv8JHgFVrLBT5V15vFP-KUEg.woff2', '900italic': 'https://fonts.gstatic.com/s/poppins/v24/pxiDyp8kv8JHgFVrJJLm81xlFd2PQEhcqw.woff2'}",sans-serif,webfonts#webfont,https://fonts.gstatic.com/s/poppins/v24/pxiEyp8kv8JHgFVrJJHecg.woff2,,,6,2025,recent_12m,True,False,9,set(),0,False,False,False,3,False,True,True
Lato,"['100', '100italic', '300', '300italic', 'regular', 'italic', '700', '700italic', '900', '900italic']","['latin', 'latin-ext']",v25,2025-09-16,"{'100': 'https://fonts.gstatic.com/s/lato/v25/S6u8w4BMUTPHh30wXiWrFCbw7A.woff2', '100italic': 'https://fonts.gstatic.com/s/lato/v25/S6u-w4BMUTPHjxsIPy-qNiPg7MU0.woff2', '300': 'https://fonts.gstatic.com/s/lato/v25/S6u9w4BMUTPHh7USewqFGC_p9dw.woff2', '300italic': 'https://fonts.gstatic.com/s/lato/v25/S6u_w4BMUTPHjxsI9w2PGQ3s5dwt7w.woff2', 'regular': 'https://fonts.gstatic.com/s/lato/v25/S6uyw4BMUTPHvxw6XweuBCY.woff2', 'italic': 'https://fonts.gstatic.com/s/lato/v25/S6u8w4BMUTPHjxswXiWrFCbw7A.woff2', '700': 'https://fonts.gstatic.com/s/lato/v25/S6u9w4BMUTPHh6UVewqFGC_p9dw.woff2', '700italic': 'https://fonts.gstatic.com/s/lato/v25/S6u_w4BMUTPHjxsI5wqPGQ3s5dwt7w.woff2', '900': 'https://fonts.gstatic.com/s/lato/v25/S6u9w4BMUTPHh50XewqFGC_p9dw.woff2', '900italic': 'https://fonts.gstatic.com/s/lato/v25/S6u_w4BMUTPHjxsI3wiPGQ3s5dwt7w.woff2'}",sans-serif,webfonts#webfont,https://fonts.gstatic.com/s/lato/v25/S6uyw4BMUTPHjxgwXg.woff2,,,7,2025,recent_12m,True,False,5,set(),0,False,False,False,2,False,True,True
Noto Sans JP,['regular'],"['cyrillic', 'japanese', 'latin', 'latin-ext', 'vietnamese']",v56,2026-01-07,{'regular': 'https://fonts.gstatic.com/s/notosansjp/v56/-F62fjtqLzI2JPCgQBnw7HFowwIO2lZ9hg.woff2'},sans-serif,webfonts#webfont,https://fonts.gstatic.com/s/notosansjp/v56/-F6jfjtqLzI2JPCgQBnw7HFyzSD-AsregP8VFBEj35rS0w.woff2,"[{'tag': 'wght', 'start': 100, 'end': 900}]",,8,2026,recent_12m,False,True,9,{'wght'},1,False,False,False,5,False,True,True
Material Icons,['regular'],['latin'],v145,2025-09-17,{'regular': 'https://fonts.gstatic.com/s/materialicons/v145/flUhRq6tzZclQEJ-Vdg-IuiaDsNcIhI8tIHh.woff2'},monospace,webfonts#webfont,https://fonts.gstatic.com/s/materialicons/v145/flUhRq6tzZclQEJ-Vdg-IuiaDvNYKBM.woff2,,,9,2025,recent_12m,False,False,1,set(),0,False,False,False,1,False,True,True
Roboto Condensed,"['regular', 'italic']","['cyrillic', 'cyrillic-ext', 'greek', 'greek-ext', 'latin', 'latin-ext', 'vietnamese']",v31,2025-09-11,"{'regular': 'https://fonts.gstatic.com/s/robotocondensed/v31/ieVl2ZhZI2eCN5jzbjEETS9weq8-59CxDCs5cvI.woff2', 'italic': 'https://fonts.gstatic.com/s/robotocondensed/v31/ieVj2ZhZI2eCN5jzbjEETS9weq8-19e7DQk8YvJEeg.woff2'}",sans-serif,webfonts#webfont,https://fonts.gstatic.com/s/robotocondensed/v31/ieVo2ZhZI2eCN5jzbjEETS9weq8-_d6T_POl0fRJeyWyosBI5Xw.woff2,"[{'tag': 'wght', 'start': 100, 'end': 900}]",,10,2025,recent_12m,True,True,9,{'wght'},1,False,False,False,7,False,True,True
Roboto Mono,"['regular', 'italic']","['cyrillic', 'cyrillic-ext', 'greek', 'latin', 'latin-ext', 'vietnamese']",v31,2026-05-05,"{'regular': 'https://fonts.gstatic.com/s/robotomono/v31/L0x5DF4xlVMF-BfR8bXMIghJoX6-XqKC.woff2', 'italic': 'https://fonts.gstatic.com/s/robotomono/v31/L0x7DF4xlVMF-BfR8bXMIjhOq3-cW7KCG1w.woff2'}",monospace,webfonts#webfont,https://fonts.gstatic.com/s/robotomono/v31/L0xuDF4xlVMF-BfR8bXMIhJHg45mwgGEFl0_3vq_QuW4.woff2,"[{'tag': 'wght', 'start': 100, 'end': 700}]",,11,2026,recent_12m,True,True,7,{'wght'},1,False,False,False,6,False,True,True
Arimo,"['regular', 'italic']","['cyrillic', 'cyrillic-ext', 'greek', 'greek-ext', 'hebrew', 'latin', 'latin-ext', 'vietnamese']",v36,2026-05-18,"{'regular': 'https://fonts.gstatic.com/s/arimo/v36/P5sMzZCDf9_T_20bziBMjI-u.woff2', 'italic': 'https://fonts.gstatic.com/s/arimo/v36/P5sCzZCDf9_T_10cxCFuiZ-uydg.woff2'}",sans-serif,webfonts#webfont,https://fonts.gstatic.com/s/arimo/v36/P5sfzZCDf9_T_3cV7NCUECyoxNk37cxcBhrB.woff2,"[{'tag': 'wght', 'start': 400, 'end': 700}]",,12,2026,recent_12m,True,True,4,{'wght'},1,False,False,False,8,False,True,True
Material Symbols Outlined,['regular'],['latin'],v362,2026-07-23,{'regular': 'https://fonts.gstatic.com/s/materialsymbolsoutlined/v362/kJEhBvYX7BgnkSrUwT8OhrdQw4oELdPIeeII9v6oFsLjAOVZBgs.woff2'},monospace,webfonts#webfont,https://fonts.gstatic.com/s/materialsymbolsoutlined/v362/kJF1BvYX7BgnkSrUwT8OhrdQw4oELdPIeeII9v6oDMzByHX9rA6RzaxHMPdY43zj-jCxv3fzvRNU22ZXGJpEpjC_1v-p_4MrImHCIJIZrDCvHNenZ98.woff2,"[{'tag': 'FILL', 'start': 0, 'end': 1}, {'tag': 'GRAD', 'start': -50, 'end': 200}, {'tag': 'opsz', 'start': 20, 'end': 48}, {'tag': 'wght', 'start': 100, 'end': 700}]",,13,2026,recent_12m,False,True,7,"{'FILL', 'wght', 'opsz', 'GRAD'}",4,False,False,True,1,False,True,True
Noto Sans,"['regular', 'italic']","['cyrillic', 'cyrillic-ext', 'devanagari', 'greek', 'greek-ext', 'latin', 'latin-ext', 'vietnamese']",v42,2025-09-11,"{'regular': 'https://fonts.gstatic.com/s/notosans/v42/o-0IIpQlx3QUlC5A4PNb5z5Ba_2c7A.woff2', 'italic': 'https://fonts.gstatic.com/s/notosans/v42/o-0OIpQlx3QUlC5A4PNr4DRASfiM7HBj.woff2'}",sans-serif,webfonts#webfont,https://fonts.gstatic.com/s/notosans/v42/o-0mIpQlx3QUlC5A4PNB6Ryti20_6n1iPHjcz6L1SoM-jCpoiyD9A-9c6VI.woff2,"[{'tag': 'wdth', 'start': 62.5, 'end': 100}, {'tag': 'wght', 'start': 100, 'end': 900}]",,14,2025,recent_12m,True,True,9,"{'wdth', 'wght'}",2,True,False,False,8,False,True,True
Oswald,['regular'],"['cyrillic', 'cyrillic-ext', 'latin', 'latin-ext', 'vietnamese']",v57,2025-09-11,{'regular': 'https://fonts.gstatic.com/s/oswald/v57/TK3iWkUHHAIjg75GGzUHte5fKg.woff2'},sans-serif,webfonts#webfont,https://fonts.gstatic.com/s/oswald/v57/TK3_WkUHHAIjg75cFRf3bXL8LICs1_FvsUBiZQ.woff2,"[{'tag': 'wght', 'start': 200, 'end': 700}]",,15,2025,recent_12m,False,True,6,{'wght'},1,False,False,False,5,False,True,True
Raleway,"['regular', 'italic']","['cyrillic', 'cyrillic-ext', 'latin', 'latin-ext', 'vietnamese']",v37,2025-09-10,"{'regular': 'https://fonts.gstatic.com/s/raleway/v37/1Ptug8zYS_SKggPN-C8CTqluHfE.woff2', 'italic': 'https://fonts.gstatic.com/s/raleway/v37/1Ptsg8zYS_SKggPNyCgIT4trDfGGxA.woff2'}",sans-serif,webfonts#webfont,https://fonts.gstatic.com/s/raleway/v37/1Ptxg8zYS_SKggPN4iEgvnHyvveLxVvaorCOPrE.woff2,"[{'tag': 'wght', 'start': 100, 'end': 900}]",,16,2025,recent_12m,True,True,9,{'wght'},1,False,False,False,5,False,True,True
DM Sans,"['regular', 'italic']","['latin', 'latin-ext']",v17,2025-09-11,"{'regular': 'https://fonts.gstatic.com/s/dmsans/v17/rP2Hp2ywxg089UriOZGCHBeHFl0.woff2', 'italic': 'https://fonts.gstatic.com/s/dmsans/v17/rP2Fp2ywxg089UriCZaIHTWCBl0O8Q.woff2'}",sans-serif,webfonts#webfont,https://fonts.gstatic.com/s/dmsans/v17/rP2tp2ywxg089UriI5-g4vlH9VoD8CmcqZG40F9JadbnoEwAopxRT232.woff2,"[{'tag': 'opsz', 'start': 9, 'end': 40}, {'tag': 'wght', 'start': 100, 'end': 1000}]",,17,2025,recent_12m,True,True,10,"{'opsz', 'wght'}",2,False,False,True,2,False,True,True
Nunito,"['regular', 'italic']","['cyrillic', 'cyrillic-ext', 'latin', 'latin-ext', 'vietnamese']",v32,2025-09-16,"{'regular': 'https://fonts.gstatic.com/s/nunito/v32/XRXV3I6Li01BKof4N-yAbsrVcA.woff2', 'italic': 'https://fonts.gstatic.com/s/nunito/v32/XRXX3I6Li01BKofIMOaBTM_FcCIG.woff2'}",sans-serif,webfonts#webfont,https://fonts.gstatic.com/s/nunito/v32/XRXI3I6Li01BKofiOc5wtlZ2di8HDLshdTI3jw.woff2,"[{'tag': 'wght', 'start': 200, 'end': 1000}]",,18,2025,recent_12m,True,True,9,{'wght'},1,False,False,False,5,False,True,True
Nunito Sans,"['regular', 'italic']","['cyrillic', 'cyrillic-ext', 'latin', 'latin-ext', 'vietnamese']",v19,2025-09-16,"{'regular': 'https://fonts.gstatic.com/s/nunitosans/v19/pe0qMImSLYBIv1o4X1M8cfe_Kdpickwp.woff2', 'italic': 'https://fonts.gstatic.com/s/nunitosans/v19/pe0oMImSLYBIv1o4X1M8cce4I9tAd1wpT5A.woff2'}",sans-serif,webfonts#webfont,https://fonts.gstatic.com/s/nunitosans/v19/pe1mMImSLYBIv1o4X1M8ce2xCx3yop4tQpF_MeTm0lfGWVpNn64CL7U8upHZIbMV51Q42ptCp5F5bxqqtQ1yiU4G1ilXtVUl.woff2,"[{'tag': 'YTLC', 'start': 440, 'end': 540}, {'tag': 'opsz', 'start': 6, 'end': 12}, {'tag': 'wdth', 'start': 75, 'end': 125}, {'tag': 'wght', 'start': 200, 'end': 1000}]",,19,2025,recent_12m,True,True,9,"{'opsz', 'YTLC', 'wdth', 'wght'}",4,True,False,True,5,False,True,True
Playfair Display,"['regular', 'italic']","['cyrillic', 'latin', 'latin-ext', 'vietnamese']",v40,2025-09-11,"{'regular': 'https://fonts.gstatic.com/s/playfairdisplay/v40/nuFiD-vYSZviVYUb_rj3ij__anPXPT7SgWE_-xU.woff2', 'italic': 'https://fonts.gstatic.com/s/playfairdisplay/v40/nuFkD-vYSZviVYUb_rj3ij__anPXDTnYgEM66xV7PQ.woff2'}",serif,webfonts#webfont,https://fonts.gstatic.com/s/playfairdisplay/v40/nuFvD-vYSZviVYUb_rj3ij__anPXJzDwcbmjWBN2PKdFvXDRbtM.woff2,"[{'tag': 'wght', 'start': 400, 'end': 900}]",,20,2025,recent_12m,True,True,6,{'wght'},1,False,False,False,4,False,True,True
Roboto Slab,['regular'],"['cyrillic', 'cyrillic-ext', 'greek', 'greek-ext', 'latin', 'latin-ext', 'vietnamese']",v36,2025-09-08,{'regular': 'https://fonts.gstatic.com/s/robotoslab/v36/BngMUXZYTXPIvIBgJJSb6tfP7KSJ4ACD.woff2'},serif,webfonts#webfont,https://fonts.gstatic.com/s/robotoslab/v36/BngbUXZYTXPIvIBgJJSb6s3BzlRRfKOFbvjojISmaWRj.woff2,"[{'tag': 'wght', 'start': 100, 'end': 900}]",,21,2025,recent_12m,False,True,9,{'wght'},1,False,False,False,7,False,True,True
Rubik,"['regular', 'italic']","['arabic', 'cyrillic', 'cyrillic-ext', 'hebrew', 'latin', 'latin-ext']",v31,2025-09-10,"{'regular': 'https://fonts.gstatic.com/s/rubik/v31/iJWKBXyIfDnIV4nDp32S0H3f.woff2', 'italic': 'https://fonts.gstatic.com/s/rubik/v31/iJWEBXyIfDnIV7nErXyw1W3f9Ik.woff2'}",sans-serif,webfonts#webfont,https://fonts.gstatic.com/s/rubik/v31/iJWZBXyIfDnIV5PNhY1KTN7Z-Yh-B4iFUUU1.woff2,"[{'tag': 'wght', 'start': 300, 'end': 900}]",,22,2025,recent_12m,True,True,7,{'wght'},1,False,False,False,6,False,True,True
Archivo Black,['regular'],"['latin', 'latin-ext']",v23,2025-09-11,{'regular': 'https://fonts.gstatic.com/s/archivoblack/v23/HTxqL289NzCGg4MzN6KJ7eW6OY6P_x7yx3A.woff2'},sans-serif,webfonts#webfont,https://fonts.gstatic.com/s/archivoblack/v23/HTxqL289NzCGg4MzN6KJ7eW6CYqF_g.woff2,,,23,2025,recent_12m,False,False,1,set(),0,False,False,False,2,False,True,True
Noto Sans KR,['regular'],"['cyrillic', 'korean', 'latin', 'latin-ext', 'vietnamese']",v39,2026-01-07,{'regular': 'https://fonts.gstatic.com/s/notosanskr/v39/PbykFmXiEBPT4ITbgNA5Cgm203Ts4JMMuA.woff2'},sans-serif,webfonts#webfont,https://fonts.gstatic.com/s/notosanskr/v39/PbyxFmXiEBPT4ITbgNA5Cgms3VYcOA-vvnIzzuoySLXg8Q.woff2,"[{'tag': 'wght', 'start': 100, 'end': 900}]",,24,2026,recent_12m,False,True,9,{'wght'},1,False,False,False,5,True,True,True
Ubuntu,"['300', '300italic', 'regular', 'italic', '500', '500italic', '700', '700italic']","['cyrillic', 'cyrillic-ext', 'greek', 'greek-ext', 'latin', 'latin-ext']",v21,2025-09-02,"{'300': 'https://fonts.gstatic.com/s/ubuntu/v21/4iCv6KVjbNBYlgoC1CzTsmaMH4V_gg.woff2', '300italic': 'https://fonts.gstatic.com/s/ubuntu/v21/4iCp6KVjbNBYlgoKejZftWyNPYBvgpUI.woff2', 'regular': 'https://fonts.gstatic.com/s/ubuntu/v21/4iCs6KVjbNBYlgo6fQT3v02QFg.woff2', 'italic': 'https://fonts.gstatic.com/s/ubuntu/v21/4iCu6KVjbNBYlgoKeg72nUiAFpxm.woff2', '500': 'https://fonts.gstatic.com/s/ubuntu/v21/4iCv6KVjbNBYlgoCjC3TsmaMH4V_gg.woff2', '500italic': 'https://fonts.gstatic.com/s/ubuntu/v21/4iCp6KVjbNBYlgoKejYHtGyNPYBvgpUI.woff2', '700': 'https://fonts.gstatic.com/s/ubuntu/v21/4iCv6KVjbNBYlgoCxCvTsmaMH4V_gg.woff2', '700italic': 'https://fonts.gstatic.com/s/ubuntu/v21/4iCp6KVjbNBYlgoKejZPsmyNPYBvgpUI.woff2'}",sans-serif,webfonts#webfont,https://fonts.gstatic.com/s/ubuntu/v21/4iCs6KVjbNBYlgoKeQ72.woff2,,,25,2025,recent_12m,True,False,4,set(),0,False,False,False,6,False,True,True
Kanit,"['100', '100italic', '200', '200italic', '300', '300italic', 'regular', 'italic', '500', '500italic', '600', '600italic', '700', '700italic', '800', '800italic', '900', '900italic']","['latin', 'latin-ext', 'thai', 'vietnamese']",v17,2025-09-11,"{'100': 'https://fonts.gstatic.com/s/kanit/v17/nKKX-Go6G5tXcr72GwCKcaxALFs.woff2', '100italic': 'https://fonts.gstatic.com/s/kanit/v17/nKKV-Go6G5tXcraQI2GAcI5FPFtrGw.woff2', '200': 'https://fonts.gstatic.com/s/kanit/v17/nKKU-Go6G5tXcr5aOiWlX6BJNUJy.woff2', '200italic': 'https://fonts.gstatic.com/s/kanit/v17/nKKS-Go6G5tXcraQI82hVaFrMFJyAu4.woff2', '300': 'https://fonts.gstatic.com/s/kanit/v17/nKKU-Go6G5tXcr4-OSWlX6BJNUJy.woff2', '300italic': 'https://fonts.gstatic.com/s/kanit/v17/nKKS-Go6G5tXcraQI6miVaFrMFJyAu4.woff2', 'regular': 'https://fonts.gstatic.com/s/kanit/v17/nKKZ-Go6G5tXcoaXEQGodLxA.woff2', 'italic': 'https://fonts.gstatic.com/s/kanit/v17/nKKX-Go6G5tXcraQGwCKcaxALFs.woff2', '500': 'https://fonts.gstatic.com/s/kanit/v17/nKKU-Go6G5tXcr5mOCWlX6BJNUJy.woff2', '500italic': 'https://fonts.gstatic.com/s/kanit/v17/nKKS-Go6G5tXcraQI_GjVaFrMFJyAu4.woff2', '600': 'https://fonts.gstatic.com/s/kanit/v17/nKKU-Go6G5tXcr5KPyWlX6BJNUJy.woff2', '600italic': 'https://fonts.gstatic.com/s/kanit/v17/nKKS-Go6G5tXcraQI92kVaFrMFJyAu4.woff2', '700': 'https://fonts.gstatic.com/s/kanit/v17/nKKU-Go6G5tXcr4uPiWlX6BJNUJy.woff2', '700italic': 'https://fonts.gstatic.com/s/kanit/v17/nKKS-Go6G5tXcraQI7mlVaFrMFJyAu4.woff2', '800': 'https://fonts.gstatic.com/s/kanit/v17/nKKU-Go6G5tXcr4yPSWlX6BJNUJy.woff2', '800italic': 'https://fonts.gstatic.com/s/kanit/v17/nKKS-Go6G5tXcraQI6WmVaFrMFJyAu4.woff2', '900': 'https://fonts.gstatic.com/s/kanit/v17/nKKU-Go6G5tXcr4WPCWlX6BJNUJy.woff2', '900italic': 'https://fonts.gstatic.com/s/kanit/v17/nKKS-Go6G5tXcraQI4GnVaFrMFJyAu4.woff2'}",sans-serif,webfonts#webfont,https://fonts.gstatic.com/s/kanit/v17/nKKZ-Go6G5tXcraTGwA.woff2,,,26,2025,recent_12m,True,False,9,set(),0,False,False,False,4,False,True,True
Outfit,['regular'],"['latin', 'latin-ext']",v15,2025-09-05,{'regular': 'https://fonts.gstatic.com/s/outfit/v15/QGYvz_MVcBeNP4N5tkFrc4H0ng.woff2'},sans-serif,webfonts#webfont,https://fonts.gstatic.com/s/outfit/v15/QGYyz_MVcBeNP4NjuGObqx1XmO1I4TC1O4C0Ew.woff2,"[{'tag': 'wght', 'start': 100, 'end': 900}]",,27,2025,recent_12m,False,True,9,{'wght'},1,False,False,False,2,False,True,True
Manrope,['regular'],"['cyrillic', 'cyrillic-ext', 'greek', 'latin', 'latin-ext', 'vietnamese']",v20,2025-09-05,{'regular': 'https://fonts.gstatic.com/s/manrope/v20/xn7gYHE41ni1AdIRsgW7S9XdZN8.woff2'},sans-serif,webfonts#webfont,https://fonts.gstatic.com/s/manrope/v20/xn7_YHE41ni1AdIRqAuZuw1Bx9mbZk79FN_E-bk.woff2,"[{'tag': 'wght', 'start': 200, 'end': 800}]",,28,2025,recent_12m,False,True,7,{'wght'},1,False,False,False,6,False,True,True
Merriweather,"['regular', 'italic']","['cyrillic', 'cyrillic-ext', 'latin', 'latin-ext', 'vietnamese']",v33,2025-09-02,"{'regular': 'https://fonts.gstatic.com/s/merriweather/v33/u-440qyriQwlOrhSvowK_l5OfixNV-bnrw.woff2', 'italic': 'https://fonts.gstatic.com/s/merriweather/v33/u-4m0qyriQwlOrhSvowK_l5-eSZMdeP3r-Ho.woff2'}",serif,webfonts#webfont,https://fonts.gstatic.com/s/merriweather/v33/u-4D0qyriQwlOrhSvowK_l5UcA6zuSYEqOzpPe3HOZJ5eX1WtLaQwmYiScCmDxhtNOKl8yDr3icaEl31.woff2,"[{'tag': 'opsz', 'start': 18, 'end': 144}, {'tag': 'wdth', 'start': 87, 'end': 112}, {'tag': 'wght', 'start': 300, 'end': 900}]",,29,2025,recent_12m,True,True,7,"{'opsz', 'wdth', 'wght'}",3,True,False,True,5,False,True,True
Work Sans,"['regular', 'italic']","['latin', 'latin-ext', 'vietnamese']",v24,2025-09-11,"{'regular': 'https://fonts.gstatic.com/s/worksans/v24/QGYsz_wNahGAdqQ43RhPfqrol_lQ4A.woff2', 'italic': 'https://fonts.gstatic.com/s/worksans/v24/QGYqz_wNahGAdqQ43Rh_eaDptfxA4OD3.woff2'}",sans-serif,webfonts#webfont,https://fonts.gstatic.com/s/worksans/v24/QGY_z_wNahGAdqQ43RhVcIgYT2Xz5u32K0nXBikJpg.woff2,"[{'tag': 'wght', 'start': 100, 'end': 900}]",,30,2025,recent_12m,True,True,9,{'wght'},1,False,False,False,3,False,True,True
Lora,"['regular', 'italic']","['cyrillic', 'cyrillic-ext', 'latin', 'latin-ext', 'math', 'symbols', 'vietnamese']",v37,2025-09-11,"{'regular': 'https://fonts.gstatic.com/s/lora/v37/0QIvMX1D_JOuAwjxItNPh_A.woff2', 'italic': 'https://fonts.gstatic.com/s/lora/v37/0QIhMX1D_JOuMw_7I_FKl_C28g.woff2'}",serif,webfonts#webfont,https://fonts.gstatic.com/s/lora/v37/0QI6MX1D_JOuGQbT0gvTJPa787weuxJHkq0.woff2,"[{'tag': 'wght', 'start': 400, 'end': 700}]",,31,2025,recent_12m,True,True,4,{'wght'},1,False,False,False,7,False,True,True
Black Ops One,['regular'],"['cyrillic-ext', 'latin', 'latin-ext', 'vietnamese']",v21,2025-09-10,{'regular': 'https://fonts.gstatic.com/s/blackopsone/v21/qWcsB6-ypo7xBdr6Xshe96H3WDnRtjkho4M.woff2'},display,webfonts#webfont,https://fonts.gstatic.com/s/blackopsone/v21/qWcsB6-ypo7xBdr6Xshe96H3aD3btw.woff2,,,32,2025,recent_12m,False,False,1,set(),0,False,False,False,4,False,True,True
Prompt,"['100', '100italic', '200', '200italic', '300', '300italic', 'regular', 'italic', '500', '500italic', '600', '600italic', '700', '700italic', '800', '800italic', '900', '900italic']","['latin', 'latin-ext', 'thai', 'vietnamese']",v12,2025-09-02,"{'100': 'https://fonts.gstatic.com/s/prompt/v12/-W_9XJnvUD7dzB2CA9odREcjeo0k.woff2', '100italic': 'https://fonts.gstatic.com/s/prompt/v12/-W_7XJnvUD7dzB2KZeJ8TkYBf50kbiM.woff2', '200': 'https://fonts.gstatic.com/s/prompt/v12/-W_8XJnvUD7dzB2Cr_s4a2kvc5Q9dw.woff2', '200italic': 'https://fonts.gstatic.com/s/prompt/v12/-W_6XJnvUD7dzB2KZeLQb2MuUZEtdzow.woff2', '300': 'https://fonts.gstatic.com/s/prompt/v12/-W_8XJnvUD7dzB2Cy_g4a2kvc5Q9dw.woff2', '300italic': 'https://fonts.gstatic.com/s/prompt/v12/-W_6XJnvUD7dzB2KZeK0bGMuUZEtdzow.woff2', 'regular': 'https://fonts.gstatic.com/s/prompt/v12/-W__XJnvUD7dzB26YtAcZkIzeg.woff2', 'italic': 'https://fonts.gstatic.com/s/prompt/v12/-W_9XJnvUD7dzB2KZdodREcjeo0k.woff2', '500': 'https://fonts.gstatic.com/s/prompt/v12/-W_8XJnvUD7dzB2Ck_k4a2kvc5Q9dw.woff2', '500italic': 'https://fonts.gstatic.com/s/prompt/v12/-W_6XJnvUD7dzB2KZeLsbWMuUZEtdzow.woff2', '600': 'https://fonts.gstatic.com/s/prompt/v12/-W_8XJnvUD7dzB2Cv_44a2kvc5Q9dw.woff2', '600italic': 'https://fonts.gstatic.com/s/prompt/v12/-W_6XJnvUD7dzB2KZeLAamMuUZEtdzow.woff2', '700': 'https://fonts.gstatic.com/s/prompt/v12/-W_8XJnvUD7dzB2C2_84a2kvc5Q9dw.woff2', '700italic': 'https://fonts.gstatic.com/s/prompt/v12/-W_6XJnvUD7dzB2KZeKka2MuUZEtdzow.woff2', '800': 'https://fonts.gstatic.com/s/prompt/v12/-W_8XJnvUD7dzB2Cx_w4a2kvc5Q9dw.woff2', '800italic': 'https://fonts.gstatic.com/s/prompt/v12/-W_6XJnvUD7dzB2KZeK4aGMuUZEtdzow.woff2', '900': 'https://fonts.gstatic.com/s/prompt/v12/-W_8XJnvUD7dzB2C4_04a2kvc5Q9dw.woff2', '900italic': 'https://fonts.gstatic.com/s/prompt/v12/-W_6XJnvUD7dzB2KZeKcaWMuUZEtdzow.woff2'}",sans-serif,webfonts#webfont,https://fonts.gstatic.com/s/prompt/v12/-W__XJnvUD7dzB2KZtod.woff2,,,33,2025,recent_12m,True,False,9,set(),0,False,False,False,4,False,True,True
PT Sans,"['regular', 'italic', '700', '700italic']","['cyrillic', 'cyrillic-ext', 'latin', 'latin-ext']",v18,2025-09-05,"{'regular': 'https://fonts.gstatic.com/s/ptsans/v18/jizaRExUiTo99u79P0COxOGMMDQ.woff2', 'italic': 'https://fonts.gstatic.com/s/ptsans/v18/jizYRExUiTo99u79D0eExcOJIDQA-g.woff2', '700': 'https://fonts.gstatic.com/s/ptsans/v18/jizfRExUiTo99u79B_mh4OynLD0Z4zM.woff2', '700italic': 'https://fonts.gstatic.com/s/ptsans/v18/jizdRExUiTo99u79D0e8fOytLR8c8zMrig.woff2'}",sans-serif,webfonts#webfont,https://fonts.gstatic.com/s/ptsans/v18/jizaRExUiTo99u79D0SExQ.woff2,,,34,2025,recent_12m,True,False,2,set(),0,False,False,False,4,False,True,True
Mulish,"['regular', 'italic']","['cyrillic', 'cyrillic-ext', 'latin', 'latin-ext', 'vietnamese']",v18,2025-09-08,"{'regular': 'https://fonts.gstatic.com/s/mulish/v18/1Ptvg83HX_SGhgqU3QAsQqB3BA.woff2', 'italic': 'https://fonts.gstatic.com/s/mulish/v18/1Pttg83HX_SGhgqk2gotYKVnBOif.woff2'}",sans-serif,webfonts#webfont,https://fonts.gstatic.com/s/mulish/v18/1Ptyg83HX_SGhgqO0yLcmjzUAuWexZNR8aGvGw.woff2,"[{'tag': 'wght', 'start': 200, 'end': 1000}]",,35,2025,recent_12m,True,True,9,{'wght'},1,False,False,False,5,False,True,True
Bebas Neue,['regular'],"['latin', 'latin-ext']",v16,2025-09-16,{'regular': 'https://fonts.gstatic.com/s/bebasneue/v16/JTUSjIg69CK48gW7PXooxWtrygbi49c.woff2'},sans-serif,webfonts#webfont,https://fonts.gstatic.com/s/bebasneue/v16/JTUSjIg69CK48gW7PXoo9W9hyw.woff2,,,36,2025,recent_12m,False,False,1,set(),0,False,False,False,2,False,True,True
Noto Sans TC,['regular'],"['chinese-traditional', 'cyrillic', 'latin', 'latin-ext', 'vietnamese']",v39,2026-01-07,{'regular': 'https://fonts.gstatic.com/s/notosanstc/v39/-nF7OG829Oofr2wohFbTp9iFOisLA_ZJ1g.woff2'},sans-serif,webfonts#webfont,https://fonts.gstatic.com/s/notosanstc/v39/-nFuOG829Oofr2wohFbTp9ifNAn722rq0MXz76CyzCtEtw.woff2,"[{'tag': 'wght', 'start': 100, 'end': 900}]",,37,2026,recent_12m,False,True,9,{'wght'},1,False,False,False,5,False,True,True
Saira,"['regular', 'italic']","['latin', 'latin-ext', 'vietnamese']",v23,2025-11-18,"{'regular': 'https://fonts.gstatic.com/s/saira/v23/memwYa2wxmKQyOklR5IdU6Uf.woff2', 'italic': 'https://fonts.gstatic.com/s/saira/v23/mem-Ya2wxmKQyNkiTZM_VrUfTck.woff2'}",sans-serif,webfonts#webfont,https://fonts.gstatic.com/s/saira/v23/memWYa2wxmKQyPMrZX79wwYZQMhsyuShhKMjjbU9uXuA71rCkskxlg.woff2,"[{'tag': 'wdth', 'start': 50, 'end': 125}, {'tag': 'wght', 'start': 100, 'end': 900}]",,38,2025,recent_12m,True,True,9,"{'wdth', 'wght'}",2,True,False,False,3,False,True,True
Figtree,"['regular', 'italic']","['latin', 'latin-ext']",v9,2025-09-11,"{'regular': 'https://fonts.gstatic.com/s/figtree/v9/_Xms-HUzqDCFdgfMq4a3DIZs3ik.woff2', 'italic': 'https://fonts.gstatic.com/s/figtree/v9/_Xmu-HUzqDCFdgfMm4G9DaRpzimMsg.woff2'}",sans-serif,webfonts#webfont,https://fonts.gstatic.com/s/figtree/v9/_Xmz-HUzqDCFdgfMsYiV_F7wfS-Bs_d_QG5fyEA.woff2,"[{'tag': 'wght', 'start': 300, 'end': 900}]",,39,2025,recent_12m,True,True,7,{'wght'},1,False,False,False,2,False,True,True
Plus Jakarta Sans,"['regular', 'italic']","['cyrillic-ext', 'latin', 'latin-ext', 'vietnamese']",v12,2025-09-10,"{'regular': 'https://fonts.gstatic.com/s/plusjakartasans/v12/LDIoaomQNQcsA88c7O9yZ4KMCoOg4Jo02S2CgOva.woff2', 'italic': 'https://fonts.gstatic.com/s/plusjakartasans/v12/LDIuaomQNQcsA88c7O9yZ4KMCoOg4Koz0yyghfvaV-E.woff2'}",sans-serif,webfonts#webfont,https://fonts.gstatic.com/s/plusjakartasans/v12/LDIbaomQNQcsA88c7O9yZ4KMCoOg4IA6-91aHEjcWuA_qU79Sx_V.woff2,"[{'tag': 'wght', 'start': 200, 'end': 800}]",,40,2025,recent_12m,True,True,7,{'wght'},1,False,False,False,4,False,True,True
Source Sans 3,"['regular', 'italic']","['cyrillic', 'cyrillic-ext', 'greek', 'greek-ext', 'latin', 'latin-ext', 'vietnamese']",v19,2025-09-05,"{'regular': 'https://fonts.gstatic.com/s/sourcesans3/v19/nwpStKy2OAdR1K-IwhWudF-R7w0QZMrc9HY.woff2', 'italic': 'https://fonts.gstatic.com/s/sourcesans3/v19/nwpMtKy2OAdR1K-IwhWudF-R3woaZejZ5HZl8Q.woff2'}",sans-serif,webfonts#webfont,https://fonts.gstatic.com/s/sourcesans3/v19/nwpBtKy2OAdR1K-IwhWudF-R9QMylBJAV3Bo8Ky462EM9Cs.woff2,"[{'tag': 'wght', 'start': 200, 'end': 900}]",,41,2025,recent_12m,True,True,8,{'wght'},1,False,False,False,7,False,True,True
Bricolage Grotesque,['regular'],"['latin', 'latin-ext', 'vietnamese']",v9,2025-09-11,{'regular': 'https://fonts.gstatic.com/s/bricolagegrotesque/v9/3y996as8bTXq_nANBjzKo3IeZx8z6up5H-qHGN6NLPo.woff2'},sans-serif,webfonts#webfont,https://fonts.gstatic.com/s/bricolagegrotesque/v9/3y9U6as8bTXq_nANBjzKo3IeZx8z6up5BeSl5jBNz_19PpbpMXuECpwUxJBOm_OJWiaaD30YfKfjZZoLvRvi-Mwlsg.woff2,"[{'tag': 'opsz', 'start': 12, 'end': 96}, {'tag': 'wdth', 'start': 75, 'end': 100}, {'tag': 'wght', 'start': 200, 'end': 800}]",,42,2025,recent_12m,False,True,7,"{'opsz', 'wdth', 'wght'}",3,True,False,True,3,False,True,True
Barlow,"['100', '100italic', '200', '200italic', '300', '300italic', 'regular', 'italic', '500', '500italic', '600', '600italic', '700', '700italic', '800', '800italic', '900', '900italic']","['latin', 'latin-ext', 'vietnamese']",v13,2025-09-11,"{'100': 'https://fonts.gstatic.com/s/barlow/v13/7cHrv4kjgoGqM7E3b8s5yn4hnCci.woff2', '100italic': 'https://fonts.gstatic.com/s/barlow/v13/7cHtv4kjgoGqM7E_CfNYwH8DmTcibrA.woff2', '200': 'https://fonts.gstatic.com/s/barlow/v13/7cHqv4kjgoGqM7E3w-oc5VAtlT47dw.woff2', '200italic': 'https://fonts.gstatic.com/s/barlow/v13/7cHsv4kjgoGqM7E_CfP04Vostzsrd6m9.woff2', '300': 'https://fonts.gstatic.com/s/barlow/v13/7cHqv4kjgoGqM7E3p-kc5VAtlT47dw.woff2', '300italic': 'https://fonts.gstatic.com/s/barlow/v13/7cHsv4kjgoGqM7E_CfOQ4lostzsrd6m9.woff2', 'regular': 'https://fonts.gstatic.com/s/barlow/v13/7cHpv4kjgoGqM7EPDsE46HsxnA.woff2', 'italic': 'https://fonts.gstatic.com/s/barlow/v13/7cHrv4kjgoGqM7E_Ccs5yn4hnCci.woff2', '500': 'https://fonts.gstatic.com/s/barlow/v13/7cHqv4kjgoGqM7E3_-gc5VAtlT47dw.woff2', '500italic': 'https://fonts.gstatic.com/s/barlow/v13/7cHsv4kjgoGqM7E_CfPI41ostzsrd6m9.woff2', '600': 'https://fonts.gstatic.com/s/barlow/v13/7cHqv4kjgoGqM7E30-8c5VAtlT47dw.woff2', '600italic': 'https://fonts.gstatic.com/s/barlow/v13/7cHsv4kjgoGqM7E_CfPk5Fostzsrd6m9.woff2', '700': 'https://fonts.gstatic.com/s/barlow/v13/7cHqv4kjgoGqM7E3t-4c5VAtlT47dw.woff2', '700italic': 'https://fonts.gstatic.com/s/barlow/v13/7cHsv4kjgoGqM7E_CfOA5Vostzsrd6m9.woff2', '800': 'https://fonts.gstatic.com/s/barlow/v13/7cHqv4kjgoGqM7E3q-0c5VAtlT47dw.woff2', '800italic': 'https://fonts.gstatic.com/s/barlow/v13/7cHsv4kjgoGqM7E_CfOc5lostzsrd6m9.woff2', '900': 'https://fonts.gstatic.com/s/barlow/v13/7cHqv4kjgoGqM7E3j-wc5VAtlT47dw.woff2', '900italic': 'https://fonts.gstatic.com/s/barlow/v13/7cHsv4kjgoGqM7E_CfO451ostzsrd6m9.woff2'}",sans-serif,webfonts#webfont,https://fonts.gstatic.com/s/barlow/v13/7cHpv4kjgoGqM7E_Css5.woff2,,,43,2025,recent_12m,True,False,9,set(),0,False,False,False,3,False,True,True
Share Tech,['regular'],['latin'],v23,2025-09-11,{'regular': 'https://fonts.gstatic.com/s/sharetech/v23/7cHtv4Uyi5K0OeZ7bohUwH8DmTcibrA.woff2'},sans-serif,webfonts#webfont,https://fonts.gstatic.com/s/sharetech/v23/7cHtv4Uyi5K0OeZ7bohU8HsJmA.woff2,,,44,2025,recent_12m,False,False,1,set(),0,False,False,False,1,False,True,True
Smooch Sans,['regular'],"['latin', 'latin-ext', 'vietnamese']",v15,2025-09-10,{'regular': 'https://fonts.gstatic.com/s/smoochsans/v15/c4mk1n5uGsXss2LJh1QH6ad41qa3WFv8.woff2'},sans-serif,webfonts#webfont,https://fonts.gstatic.com/s/smoochsans/v15/c4mz1n5uGsXss2LJh1QH6b129FZvxPj6I4oiwUBYd6gf.woff2,"[{'tag': 'wght', 'start': 100, 'end': 900}]",,45,2025,recent_12m,False,True,9,{'wght'},1,False,False,False,3,False,True,True
IBM Plex Sans,"['regular', 'italic']","['cyrillic', 'cyrillic-ext', 'greek', 'latin', 'latin-ext', 'vietnamese']",v23,2025-09-08,"{'regular': 'https://fonts.gstatic.com/s/ibmplexsans/v23/zYXgKVElMYYaJe8bpLHnCwDKtdPUFI5NadY.woff2', 'italic': 'https://fonts.gstatic.com/s/ibmplexsans/v23/zYX-KVElMYYaJe8bpLHnCwDKhdTeFaxIedbzDw.woff2'}",sans-serif,webfonts#webfont,https://fonts.gstatic.com/s/ibmplexsans/v23/zYXGKVElMYYaJe8bpLHnCwDKr932-G7dytD-Dmu1swZSAXcomDVmadSD6llDAag4.woff2,"[{'tag': 'wdth', 'start': 75, 'end': 100}, {'tag': 'wght', 'start': 100, 'end': 700}]",,46,2025,recent_12m,True,True,7,"{'wdth', 'wght'}",2,True,False,False,6,False,True,True
Jost,"['regular', 'italic']","['cyrillic', 'latin', 'latin-ext']",v20,2025-09-10,"{'regular': 'https://fonts.gstatic.com/s/jost/v20/92zatBhPNqw77obX4xYlbxM.woff2', 'italic': 'https://fonts.gstatic.com/s/jost/v20/92zUtBhPNqw73oHd4jQgfxMi7w.woff2'}",sans-serif,webfonts#webfont,https://fonts.gstatic.com/s/jost/v20/92zPtBhPNqw79Ij1E865zBUv7myjJTVHNIg.woff2,"[{'tag': 'wght', 'start': 100, 'end': 900}]",,47,2025,recent_12m,True,True,9,{'wght'},1,False,False,False,3,False,True,True
Inconsolata,['regular'],"['latin', 'latin-ext', 'vietnamese']",v37,2025-09-05,{'regular': 'https://fonts.gstatic.com/s/inconsolata/v37/QldKNThLqRwH-OJ1UHjlKFlb7KlmxuHx.woff2'},monospace,webfonts#webfont,https://fonts.gstatic.com/s/inconsolata/v37/QldgNThLqRwH-OJ1UHjlKENVzkWGVkL3GZQmAwLYxYWI2qfdm7Lpp4U8WRv2lw.woff2,"[{'tag': 'wdth', 'start': 50, 'end': 200}, {'tag': 'wght', 'start': 200, 'end': 900}]",,48,2025,recent_12m,False,True,8,"{'wdth', 'wght'}",2,True,False,False,3,False,True,True
Material Icons Outlined,['regular'],['latin'],v110,2025-06-17,{'regular': 'https://fonts.gstatic.com/s/materialiconsoutlined/v110/gok-H7zzDkdnRel8-DQ6KAXJ69wP1tGnf4ZGhUcel5GuI2Ze.woff2'},monospace,webfonts#webfont,https://fonts.gstatic.com/s/materialiconsoutlined/v110/gok-H7zzDkdnRel8-DQ6KAXJ69wP1tGnf4ZGhXcanZA.woff2,,,49,2025,older,False,False,1,set(),0,False,False,False,1,False,True,True
Quicksand,['regular'],"['latin', 'latin-ext', 'vietnamese']",v37,2025-09-02,{'regular': 'https://fonts.gstatic.com/s/quicksand/v37/6xKtdSZaM9iE8KbpRA_RKV4MQOPiPg.woff2'},sans-serif,webfonts#webfont,https://fonts.gstatic.com/s/quicksand/v37/6xK-dSZaM9iE8KbpRA_LJ3z8mH9BOJvgkP8o58C-wg.woff2,"[{'tag': 'wght', 'start': 300, 'end': 700}]",,50,2025,recent_12m,False,True,5,{'wght'},1,False,False,False,3,False,True,True
Karla,"['regular', 'italic']","['latin', 'latin-ext']",v33,2025-09-11,"{'regular': 'https://fonts.gstatic.com/s/karla/v33/qkBbXvYC6trAT4RXJN225aZO.woff2', 'italic': 'https://fonts.gstatic.com/s/karla/v33/qkBVXvYC6trAT7RQLtyU4LZOgAU.woff2'}",sans-serif,webfonts#webfont,https://fonts.gstatic.com/s/karla/v33/qkBIXvYC6trAT55ZBi1ueQVIjQTD-JqaFUlK.woff2,"[{'tag': 'wght', 'start': 200, 'end': 800}]",,51,2025,recent_12m,True,True,7,{'wght'},1,False,False,False,2,False,False,True
Archivo,"['regular', 'italic']","['latin', 'latin-ext', 'vietnamese']",v25,2025-09-08,"{'regular': 'https://fonts.gstatic.com/s/archivo/v25/k3kQo8UDI-1M0wlSTdviL0nAMaM.woff2', 'italic': 'https://fonts.gstatic.com/s/archivo/v25/k3kSo8UDI-1M0wlSfdzoLmvFIaOV8A.woff2'}",sans-serif,webfonts#webfont,https://fonts.gstatic.com/s/archivo/v25/k3k6o8UDI-1M0wlSV9XAw6lQkqWY8Q82sJaRE-NWIDdgffTTNDNZ8Rdp.woff2,"[{'tag': 'wdth', 'start': 62, 'end': 125}, {'tag': 'wght', 'start': 100, 'end': 900}]",,52,2025,recent_12m,True,True,9,"{'wdth', 'wght'}",2,True,False,False,3,False,False,True
Fira Sans,"['100', '100italic', '200', '200italic', '300', '300italic', 'regular', 'italic', '500', '500italic', '600', '600italic', '700', '700italic', '800', '800italic', '900', '900italic']","['cyrillic', 'cyrillic-ext', 'greek', 'greek-ext', 'latin', 'latin-ext', 'vietnamese']",v18,2025-09-11,"{'100': 'https://fonts.gstatic.com/s/firasans/v18/va9C4kDNxMZdWfMOD5Vn9IjLazP3dUTP.woff2', '100italic': 'https://fonts.gstatic.com/s/firasans/v18/va9A4kDNxMZdWfMOD5VvkrCqYTLVcFTPj0s.woff2', '200': 'https://fonts.gstatic.com/s/firasans/v18/va9B4kDNxMZdWfMOD5VnWKnuRB37fF3Wlg.woff2', '200italic': 'https://fonts.gstatic.com/s/firasans/v18/va9f4kDNxMZdWfMOD5VvkrAGQBf6XljGllLX.woff2', '300': 'https://fonts.gstatic.com/s/firasans/v18/va9B4kDNxMZdWfMOD5VnPKruRB37fF3Wlg.woff2', '300italic': 'https://fonts.gstatic.com/s/firasans/v18/va9f4kDNxMZdWfMOD5VvkrBiQxf6XljGllLX.woff2', 'regular': 'https://fonts.gstatic.com/s/firasans/v18/va9E4kDNxMZdWfMOD5VflYLKSTbndQ.woff2', 'italic': 'https://fonts.gstatic.com/s/firasans/v18/va9C4kDNxMZdWfMOD5VvkojLazP3dUTP.woff2', '500': 'https://fonts.gstatic.com/s/firasans/v18/va9B4kDNxMZdWfMOD5VnZKvuRB37fF3Wlg.woff2', '500italic': 'https://fonts.gstatic.com/s/firasans/v18/va9f4kDNxMZdWfMOD5VvkrA6Qhf6XljGllLX.woff2', '600': 'https://fonts.gstatic.com/s/firasans/v18/va9B4kDNxMZdWfMOD5VnSKzuRB37fF3Wlg.woff2', '600italic': 'https://fonts.gstatic.com/s/firasans/v18/va9f4kDNxMZdWfMOD5VvkrAWRRf6XljGllLX.woff2', '700': 'https://fonts.gstatic.com/s/firasans/v18/va9B4kDNxMZdWfMOD5VnLK3uRB37fF3Wlg.woff2', '700italic': 'https://fonts.gstatic.com/s/firasans/v18/va9f4kDNxMZdWfMOD5VvkrByRBf6XljGllLX.woff2', '800': 'https://fonts.gstatic.com/s/firasans/v18/va9B4kDNxMZdWfMOD5VnMK7uRB37fF3Wlg.woff2', '800italic': 'https://fonts.gstatic.com/s/firasans/v18/va9f4kDNxMZdWfMOD5VvkrBuRxf6XljGllLX.woff2', '900': 'https://fonts.gstatic.com/s/firasans/v18/va9B4kDNxMZdWfMOD5VnFK_uRB37fF3Wlg.woff2', '900italic': 'https://fonts.gstatic.com/s/firasans/v18/va9f4kDNxMZdWfMOD5VvkrBKRhf6XljGllLX.woff2'}",sans-serif,webfonts#webfont,https://fonts.gstatic.com/s/firasans/v18/va9E4kDNxMZdWfMOD5VvkYjL.woff2,,,53,2025,recent_12m,True,False,9,set(),0,False,False,False,7,False,False,True
Heebo,['regular'],"['hebrew', 'latin', 'latin-ext', 'math', 'symbols']",v28,2025-09-10,{'regular': 'https://fonts.gstatic.com/s/heebo/v28/NGS6v5_NC0k9P-H0R7BDsbMB.woff2'},sans-serif,webfonts#webfont,https://fonts.gstatic.com/s/heebo/v28/NGSpv5_NC0k9P_v6ZUCbLRAHxK1EiSysc0mm.woff2,"[{'tag': 'wght', 'start': 100, 'end': 900}]",,54,2025,recent_12m,False,True,9,{'wght'},1,False,False,False,5,False,False,True
Noto Serif,"['regular', 'italic']","['cyrillic', 'cyrillic-ext', 'greek', 'greek-ext', 'latin', 'latin-ext', 'math', 'vietnamese']",v33,2025-09-06,"{'regular': 'https://fonts.gstatic.com/s/notoserif/v33/ga6Iaw1J5X9T9RW6j9bNTFUcaRi_bMQ.woff2', 'italic': 'https://fonts.gstatic.com/s/notoserif/v33/ga6Kaw1J5X9T9RW6j9bNfFIWaDq6fMRRMw.woff2'}",serif,webfonts#webfont,https://fonts.gstatic.com/s/notoserif/v33/ga6iaw1J5X9T9RW6j9bNVls-hfgvz8JcMofYTa32J4wsL2JAlAhZqFCTwccK.woff2,"[{'tag': 'wdth', 'start': 62.5, 'end': 100}, {'tag': 'wght', 'start': 100, 'end': 900}]",,55,2025,recent_12m,True,True,9,"{'wdth', 'wght'}",2,True,False,False,8,False,False,True
JetBrains Mono,"['regular', 'italic']","['cyrillic', 'cyrillic-ext', 'greek', 'latin', 'latin-ext', 'vietnamese']",v24,2025-09-11,"{'regular': 'https://fonts.gstatic.com/s/jetbrainsmono/v24/tDbV2o-flEEny0FZhsfKu5WU4yD5MQCPTFrV.woff2', 'italic': 'https://fonts.gstatic.com/s/jetbrainsmono/v24/tDbX2o-flEEny0FZhsfKu5WU4xD-OwGtSUrV_BE.woff2'}",monospace,webfonts#webfont,https://fonts.gstatic.com/s/jetbrainsmono/v24/tDbY2o-flEEny0FZhsfKu5WU4zr3E_BX0PnT8RD8yKxTPFOV.woff2,"[{'tag': 'wght', 'start': 100, 'end': 800}]",,56,2025,recent_12m,True,True,8,{'wght'},1,False,False,False,6,False,False,True
Titillium Web,"['200', '200italic', '300', '300italic', 'regular', 'italic', '600', '600italic', '700', '700italic', '900']","['latin', 'latin-ext']",v19,2025-09-10,"{'200': 'https://fonts.gstatic.com/s/titilliumweb/v19/NaPDcZTIAOhVxoMyOr9n_E7ffAzHKIl5YrSYqWM.woff2', '200italic': 'https://fonts.gstatic.com/s/titilliumweb/v19/NaPFcZTIAOhVxoMyOr9n_E7fdMbewI1zY5aduWMmxA.woff2', '300': 'https://fonts.gstatic.com/s/titilliumweb/v19/NaPDcZTIAOhVxoMyOr9n_E7ffGjEKIl5YrSYqWM.woff2', '300italic': 'https://fonts.gstatic.com/s/titilliumweb/v19/NaPFcZTIAOhVxoMyOr9n_E7fdMbepI5zY5aduWMmxA.woff2', 'regular': 'https://fonts.gstatic.com/s/titilliumweb/v19/NaPecZTIAOhVxoMyOr9n_E7fRMHsDIRSfr0.woff2', 'italic': 'https://fonts.gstatic.com/s/titilliumweb/v19/NaPAcZTIAOhVxoMyOr9n_E7fdMbmDaZXbr2BsA.woff2', '600': 'https://fonts.gstatic.com/s/titilliumweb/v19/NaPDcZTIAOhVxoMyOr9n_E7ffBzCKIl5YrSYqWM.woff2', '600italic': 'https://fonts.gstatic.com/s/titilliumweb/v19/NaPFcZTIAOhVxoMyOr9n_E7fdMbe0IhzY5aduWMmxA.woff2', '700': 'https://fonts.gstatic.com/s/titilliumweb/v19/NaPDcZTIAOhVxoMyOr9n_E7ffHjDKIl5YrSYqWM.woff2', '700italic': 'https://fonts.gstatic.com/s/titilliumweb/v19/NaPFcZTIAOhVxoMyOr9n_E7fdMbetIlzY5aduWMmxA.woff2', '900': 'https://fonts.gstatic.com/s/titilliumweb/v19/NaPDcZTIAOhVxoMyOr9n_E7ffEDBKIl5YrSYqWM.woff2'}",sans-serif,webfonts#webfont,https://fonts.gstatic.com/s/titilliumweb/v19/NaPecZTIAOhVxoMyOr9n_E7fdMXmDQ.woff2,,,57,2025,recent_12m,True,False,6,set(),0,False,False,False,2,False,False,True
PT Serif,"['regular', 'italic', '700', '700italic']","['cyrillic', 'cyrillic-ext', 'latin', 'latin-ext']",v19,2025-09-05,"{'regular': 'https://fonts.gstatic.com/s/ptserif/v19/EJRVQgYoZZY2vCFuvDFUxL6ddjb-.woff2', 'italic': 'https://fonts.gstatic.com/s/ptserif/v19/EJRTQgYoZZY2vCFuvAFTzr-_cyb-vco.woff2', '700': 'https://fonts.gstatic.com/s/ptserif/v19/EJRSQgYoZZY2vCFuvAnt65qQXSr3pNNB.woff2', '700italic': 'https://fonts.gstatic.com/s/ptserif/v19/EJRQQgYoZZY2vCFuvAFT9gaQVyvVocNB6Iw.woff2'}",serif,webfonts#webfont,https://fonts.gstatic.com/s/ptserif/v19/EJRVQgYoZZY2vCFuvAFQzr8.woff2,,,58,2025,recent_12m,True,False,2,set(),0,False,False,False,4,False,False,True
Space Grotesk,['regular'],"['latin', 'latin-ext', 'vietnamese']",v22,2025-09-05,{'regular': 'https://fonts.gstatic.com/s/spacegrotesk/v22/V8mDoQDjQSkFtoMM3T6r8E7mDbNyCts0DqQ.woff2'},sans-serif,webfonts#webfont,https://fonts.gstatic.com/s/spacegrotesk/v22/V8mQoQDjQSkFtoMM3T6r8E7mF71Q-gOoraIAEj7oUXsiPMA.woff2,"[{'tag': 'wght', 'start': 300, 'end': 700}]",,59,2025,recent_12m,False,True,5,{'wght'},1,False,False,False,3,False,False,True
Fjalla One,['regular'],"['cyrillic-ext', 'latin', 'latin-ext', 'vietnamese']",v16,2025-09-16,{'regular': 'https://fonts.gstatic.com/s/fjallaone/v16/Yq6R-LCAWCX3-6Ky7FAFnONwkxgtUb8.woff2'},sans-serif,webfonts#webfont,https://fonts.gstatic.com/s/fjallaone/v16/Yq6R-LCAWCX3-6Ky7FAFrOd6kg.woff2,,,60,2025,recent_12m,False,False,1,set(),0,False,False,False,4,False,False,True
Libre Baskerville,"['regular', 'italic']","['latin', 'latin-ext']",v24,2025-11-20,"{'regular': 'https://fonts.gstatic.com/s/librebaskerville/v24/kmKnZrc3Hgbbcjq75U4uslyuy4kn0pNbYRI4CN2V.woff2', 'italic': 'https://fonts.gstatic.com/s/librebaskerville/v24/kmKhZrc3Hgbbcjq75U4uslyuy4kn0qNcaxMaDc2V2ro.woff2'}",serif,webfonts#webfont,https://fonts.gstatic.com/s/librebaskerville/v24/kmKUZrc3Hgbbcjq75U4uslyuy4kn0olVQ-LglH6T17uj8Q4iCANP.woff2,"[{'tag': 'wght', 'start': 400, 'end': 700}]",,61,2025,recent_12m,True,True,4,{'wght'},1,False,False,False,2,False,False,True
Noto Color Emoji,['regular'],['emoji'],v39,2026-02-17,{'regular': 'https://fonts.gstatic.com/s/notocoloremoji/v39/Yq6P-KqIXTD0t4D9z1ESnKM3-HpFabts79iz64w.woff2'},sans-serif,webfonts#webfont,https://fonts.gstatic.com/s/notocoloremoji/v39/Yq6P-KqIXTD0t4D9z1ESnKM3-HpFWb9m7g.woff2,,"['COLRv1', 'SVG']",62,2026,recent_12m,False,False,1,set(),0,False,False,False,1,False,False,True
Dancing Script,['regular'],"['latin', 'latin-ext', 'vietnamese']",v29,2025-09-08,{'regular': 'https://fonts.gstatic.com/s/dancingscript/v29/If2RXTr6YS-zF4S-kcSWSVi_swLigOAliz4X.woff2'},handwriting,webfonts#webfont,https://fonts.gstatic.com/s/dancingscript/v29/If2cXTr6YS-zF4S-kcSWSVi_sxjsohD9F50Ruu7BMSo3TOp8.woff2,"[{'tag': 'wght', 'start': 400, 'end': 700}]",,63,2025,recent_12m,False,True,4,{'wght'},1,False,False,False,3,False,False,True
Changa One,"['regular', 'italic']",['latin'],v22,2025-09-10,"{'regular': 'https://fonts.gstatic.com/s/changaone/v22/xfu00W3wXn3QLUJXhzq46APouLfbK64.woff2', 'italic': 'https://fonts.gstatic.com/s/changaone/v22/xfu20W3wXn3QLUJXhzq42ATiuZXeO67ISw.woff2'}",display,webfonts#webfont,https://fonts.gstatic.com/s/changaone/v22/xfu00W3wXn3QLUJXhzq42AfiuQ.woff2,,,64,2025,recent_12m,True,False,1,set(),0,False,False,False,1,False,False,True
Cormorant Garamond,"['regular', 'italic']","['cyrillic', 'cyrillic-ext', 'latin', 'latin-ext', 'vietnamese']",v21,2025-09-08,"{'regular': 'https://fonts.gstatic.com/s/cormorantgaramond/v21/co3bmX5slCNuHLi8bLeY9MK7whWMhyjoq3FLsS6V7w.woff2', 'italic': 'https://fonts.gstatic.com/s/cormorantgaramond/v21/co3ZmX5slCNuHLi8bLeY9MK7whWMhyjYrHtKkyuF7w6C.woff2'}",serif,webfonts#webfont,https://fonts.gstatic.com/s/cormorantgaramond/v21/co3umX5slCNuHLi8bLeY9MK7whWMhyjypVO7abI26QOD_v86KnLOig.woff2,"[{'tag': 'wght', 'start': 300, 'end': 700}]",,65,2025,recent_12m,True,True,5,{'wght'},1,False,False,False,5,False,False,True
Lobster Two,"['regular', 'italic', '700', '700italic']",['latin'],v22,2025-09-11,"{'regular': 'https://fonts.gstatic.com/s/lobstertwo/v22/BngMUXZGTXPUvIoyV6yN59fP7KSJ4ACD.woff2', 'italic': 'https://fonts.gstatic.com/s/lobstertwo/v22/BngOUXZGTXPUvIoyV6yN5-fI5qWr5RCDY_k.woff2', '700': 'https://fonts.gstatic.com/s/lobstertwo/v22/BngRUXZGTXPUvIoyV6yN5-92w4CEyxyKeuDp.woff2', '700italic': 'https://fonts.gstatic.com/s/lobstertwo/v22/BngTUXZGTXPUvIoyV6yN5-fI3hyEwR2of_DpXMY.woff2'}",display,webfonts#webfont,https://fonts.gstatic.com/s/lobstertwo/v22/BngMUXZGTXPUvIoyV6yN5-fL5qU.woff2,,,66,2025,recent_12m,True,False,2,set(),0,False,False,False,1,False,False,True
Noto Sans SC,['regular'],"['chinese-simplified', 'cyrillic', 'latin', 'latin-ext', 'vietnamese']",v40,2026-01-07,{'regular': 'https://fonts.gstatic.com/s/notosanssc/v40/k3kXo84MPvpLmixcA63oeALhLIiJ-Q7m8w.woff2'},sans-serif,webfonts#webfont,https://fonts.gstatic.com/s/notosanssc/v40/k3kCo84MPvpLmixcA63oeAL7Iqp5IZJF9bmaG9_FrY1HbQ.woff2,"[{'tag': 'wght', 'start': 100, 'end': 900}]",,67,2026,recent_12m,False,True,9,{'wght'},1,False,False,False,5,False,False,True
Libre Franklin,"['regular', 'italic']","['cyrillic', 'cyrillic-ext', 'latin', 'latin-ext', 'vietnamese']",v20,2025-09-08,"{'regular': 'https://fonts.gstatic.com/s/librefranklin/v20/jizDREVItHgc8qDIbSTKq4XkRhUd0TY7ikbI.woff2', 'italic': 'https://fonts.gstatic.com/s/librefranklin/v20/jizBREVItHgc8qDIbSTKq4XkRiUa2zcZj1bIkNo.woff2'}",sans-serif,webfonts#webfont,https://fonts.gstatic.com/s/librefranklin/v20/jizOREVItHgc8qDIbSTKq4XkRg8T88bjFuXOnduhLsWkBtDJ.woff2,"[{'tag': 'wght', 'start': 100, 'end': 900}]",,68,2025,recent_12m,True,True,9,{'wght'},1,False,False,False,5,False,False,True
Source Code Pro,"['regular', 'italic']","['cyrillic', 'cyrillic-ext', 'greek', 'greek-ext', 'latin', 'latin-ext', 'vietnamese']",v31,2025-09-08,"{'regular': 'https://fonts.gstatic.com/s/sourcecodepro/v31/HI_SiYsKILxRpg3hIP6sJ7fM7PqVP-HXvMY3xw.woff2', 'italic': 'https://fonts.gstatic.com/s/sourcecodepro/v31/HI_QiYsKILxRpg3hIP6sJ7fM7PqlOOvWnsMnx3C9.woff2'}",monospace,webfonts#webfont,https://fonts.gstatic.com/s/sourcecodepro/v31/HI_diYsKILxRpg3hIP6sJ7fM7PqPMcMnZFqUwX28DMyQtM9rTA.woff2,"[{'tag': 'wght', 'start': 200, 'end': 900}]",,69,2025,recent_12m,True,True,8,{'wght'},1,False,False,False,7,False,False,True
Barlow Condensed,"['100', '100italic', '200', '200italic', '300', '300italic', 'regular', 'italic', '500', '500italic', '600', '600italic', '700', '700italic', '800', '800italic', '900', '900italic']","['latin', 'latin-ext', 'vietnamese']",v13,2025-09-08,"{'100': 'https://fonts.gstatic.com/s/barlowcondensed/v13/HTxxL3I-JCGChYJ8VI-L6OO_au7B43LT2lvytKgbaw.woff2', '100italic': 'https://fonts.gstatic.com/s/barlowcondensed/v13/HTxzL3I-JCGChYJ8VI-L6OO_au7B6xTru1Hzlq0La6JN.woff2', '200': 'https://fonts.gstatic.com/s/barlowcondensed/v13/HTxwL3I-JCGChYJ8VI-L6OO_au7B497y_3TcuKECcrs.woff2', '200italic': 'https://fonts.gstatic.com/s/barlowcondensed/v13/HTxyL3I-JCGChYJ8VI-L6OO_au7B6xTrF3DWuYMHYrtUxg.woff2', '300': 'https://fonts.gstatic.com/s/barlowcondensed/v13/HTxwL3I-JCGChYJ8VI-L6OO_au7B47rx_3TcuKECcrs.woff2', '300italic': 'https://fonts.gstatic.com/s/barlowcondensed/v13/HTxyL3I-JCGChYJ8VI-L6OO_au7B6xTrc3PWuYMHYrtUxg.woff2', 'regular': 'https://fonts.gstatic.com/s/barlowcondensed/v13/HTx3L3I-JCGChYJ8VI-L6OO_au7B2xPZ23n3pKg.woff2', 'italic': 'https://fonts.gstatic.com/s/barlowcondensed/v13/HTxxL3I-JCGChYJ8VI-L6OO_au7B6xTT2lvytKgbaw.woff2', '500': 'https://fonts.gstatic.com/s/barlowcondensed/v13/HTxwL3I-JCGChYJ8VI-L6OO_au7B4-Lw_3TcuKECcrs.woff2', '500italic': 'https://fonts.gstatic.com/s/barlowcondensed/v13/HTxyL3I-JCGChYJ8VI-L6OO_au7B6xTrK3LWuYMHYrtUxg.woff2', '600': 'https://fonts.gstatic.com/s/barlowcondensed/v13/HTxwL3I-JCGChYJ8VI-L6OO_au7B4873_3TcuKECcrs.woff2', '600italic': 'https://fonts.gstatic.com/s/barlowcondensed/v13/HTxyL3I-JCGChYJ8VI-L6OO_au7B6xTrB3XWuYMHYrtUxg.woff2', '700': 'https://fonts.gstatic.com/s/barlowcondensed/v13/HTxwL3I-JCGChYJ8VI-L6OO_au7B46r2_3TcuKECcrs.woff2', '700italic': 'https://fonts.gstatic.com/s/barlowcondensed/v13/HTxyL3I-JCGChYJ8VI-L6OO_au7B6xTrY3TWuYMHYrtUxg.woff2', '800': 'https://fonts.gstatic.com/s/barlowcondensed/v13/HTxwL3I-JCGChYJ8VI-L6OO_au7B47b1_3TcuKECcrs.woff2', '800italic': 'https://fonts.gstatic.com/s/barlowcondensed/v13/HTxyL3I-JCGChYJ8VI-L6OO_au7B6xTrf3fWuYMHYrtUxg.woff2', '900': 'https://fonts.gstatic.com/s/barlowcondensed/v13/HTxwL3I-JCGChYJ8VI-L6OO_au7B45L0_3TcuKECcrs.woff2', '900italic': 'https://fonts.gstatic.com/s/barlowcondensed/v13/HTxyL3I-JCGChYJ8VI-L6OO_au7B6xTrW3bWuYMHYrtUxg.woff2'}",sans-serif,webfonts#webfont,https://fonts.gstatic.com/s/barlowcondensed/v13/HTx3L3I-JCGChYJ8VI-L6OO_au7B6xfT2g.woff2,,,70,2025,recent_12m,True,False,9,set(),0,False,False,False,3,False,False,True
Public Sans,"['regular', 'italic']","['latin', 'latin-ext', 'vietnamese']",v21,2025-09-16,"{'regular': 'https://fonts.gstatic.com/s/publicsans/v21/ijwRs572Xtc6ZYQws9YVwkNEdp_yw_k0.woff2', 'italic': 'https://fonts.gstatic.com/s/publicsans/v21/ijwTs572Xtc6ZYQws9YVwnNDfJ7Qxuk0Nig.woff2'}",sans-serif,webfonts#webfont,https://fonts.gstatic.com/s/publicsans/v21/ijwGs572Xtc6ZYQws9YVwllKVG8qX1oyOymuFpmJwgco.woff2,"[{'tag': 'wght', 'start': 100, 'end': 900}]",,71,2025,recent_12m,True,True,9,{'wght'},1,False,False,False,3,False,False,True
Material Symbols Rounded,['regular'],['latin'],v363,2026-07-23,{'regular': 'https://fonts.gstatic.com/s/materialsymbolsrounded/v363/sykg-zNym6YjUruM-QrEh7-nyTnjDwKNJ_190FjzaqkLCeA_PQ.woff2'},monospace,webfonts#webfont,https://fonts.gstatic.com/s/materialsymbolsrounded/v363/syl0-zNym6YjUruM-QrEh7-nyTnjDwKNJ_190FjpZIvDmUSVOK7BDB_Qb9vUSzq3wzLK-P0J-V_Zs-QtQth3-jOcbTCVpeRL2w5rwZu2rIelbxODKQ.woff2,"[{'tag': 'FILL', 'start': 0, 'end': 1}, {'tag': 'GRAD', 'start': -50, 'end': 200}, {'tag': 'opsz', 'start': 20, 'end': 48}, {'tag': 'wght', 'start': 100, 'end': 700}]",,72,2026,recent_12m,False,True,7,"{'FILL', 'wght', 'opsz', 'GRAD'}",4,False,False,True,1,False,False,True
Josefin Sans,"['regular', 'italic']","['latin', 'latin-ext', 'vietnamese']",v34,2025-09-05,"{'regular': 'https://fonts.gstatic.com/s/josefinsans/v34/Qw3aZQNVED7rKGKxtqIqX5EkD3Z5dHw8iw.woff2', 'italic': 'https://fonts.gstatic.com/s/josefinsans/v34/Qw3EZQNVED7rKGKxtqIqX5EUCHx4Vnksi4M7.woff2'}",sans-serif,webfonts#webfont,https://fonts.gstatic.com/s/josefinsans/v34/Qw3PZQNVED7rKGKxtqIqX5E-AVSJrOCfjY46_DjQbMBhLw.woff2,"[{'tag': 'wght', 'start': 100, 'end': 700}]",,73,2025,recent_12m,True,True,7,{'wght'},1,False,False,False,3,False,False,True
Cairo,['regular'],"['arabic', 'latin', 'latin-ext']",v31,2025-09-16,{'regular': 'https://fonts.gstatic.com/s/cairo/v31/SLXGc1nY6HkvamIjRJqExst1.woff2'},sans-serif,webfonts#webfont,https://fonts.gstatic.com/s/cairo/v31/SLXgc1nY6HkvangtZmpQdkhzfH5lkSs2SgRjCAGMQ1z0hOA-a1XiLA.woff2,"[{'tag': 'slnt', 'start': -11, 'end': 11}, {'tag': 'wght', 'start': 200, 'end': 1000}]",,74,2025,recent_12m,False,True,9,"{'wght', 'slnt'}",2,False,True,False,3,False,False,True
EB Garamond,"['regular', 'italic']","['cyrillic', 'cyrillic-ext', 'greek', 'greek-ext', 'latin', 'latin-ext', 'vietnamese']",v33,2026-06-30,"{'regular': 'https://fonts.gstatic.com/s/ebgaramond/v33/SlGUmQSNjdsmc35JDF1K5FR3QjgdYxPJ.woff2', 'italic': 'https://fonts.gstatic.com/s/ebgaramond/v33/SlGWmQSNjdsmc35JDF1K5GRwSDk_ZgPJtWk.woff2'}",serif,webfonts#webfont,https://fonts.gstatic.com/s/ebgaramond/v33/SlGDmQSNjdsmc35JDF1K5E55YMjF_7DPuGi-6_RkAo9_.woff2,"[{'tag': 'wght', 'start': 400, 'end': 800}]",,75,2026,recent_12m,True,True,5,{'wght'},1,False,False,False,7,False,False,True
Alfa Slab One,['regular'],"['latin', 'latin-ext', 'vietnamese']",v21,2025-09-05,{'regular': 'https://fonts.gstatic.com/s/alfaslabone/v21/6NUQ8FmMKwSEKjnm5-4v-4Jh6dBretWvYmE.woff2'},display,webfonts#webfont,https://fonts.gstatic.com/s/alfaslabone/v21/6NUQ8FmMKwSEKjnm5-4v-4Jh2dRhew.woff2,,,76,2025,recent_12m,False,False,1,set(),0,False,False,False,3,False,False,True
Noto Serif JP,['regular'],"['cyrillic', 'japanese', 'latin', 'latin-ext', 'vietnamese']",v33,2026-01-07,{'regular': 'https://fonts.gstatic.com/s/notoserifjp/v33/xn7mYHs72GKoTvER4Gn3b5eMXNukYkY0T84.woff2'},serif,webfonts#webfont,https://fonts.gstatic.com/s/notoserifjp/v33/xn71YHs72GKoTvER4Gn3b5eMRtWGkp6o7MjQ2bwxOtbBKrI.woff2,"[{'tag': 'wght', 'start': 200, 'end': 900}]",,77,2026,recent_12m,False,True,8,{'wght'},1,False,False,False,5,False,False,True
Anton,['regular'],"['latin', 'latin-ext', 'vietnamese']",v27,2025-09-16,{'regular': 'https://fonts.gstatic.com/s/anton/v27/1Ptgg87LROyAm0Kx8i4gS7lu.woff2'},sans-serif,webfonts#webfont,https://fonts.gstatic.com/s/anton/v27/1Ptgg87LROyAm3K1-C8.woff2,,,78,2025,recent_12m,False,False,1,set(),0,False,False,False,3,False,False,True
Nanum Gothic,"['regular', '700', '800']","['korean', 'latin']",v26,2025-05-30,"{'regular': 'https://fonts.gstatic.com/s/nanumgothic/v26/PN_3Rfi-oW3hYwmKDpxS7F_z-9Lfxno73g.woff2', '700': 'https://fonts.gstatic.com/s/nanumgothic/v26/PN_oRfi-oW3hYwmKDpxS7F_LQv37y1En14YEUQ.woff2', '800': 'https://fonts.gstatic.com/s/nanumgothic/v26/PN_oRfi-oW3hYwmKDpxS7F_LXv77y1En14YEUQ.woff2'}",sans-serif,webfonts#webfont,https://fonts.gstatic.com/s/nanumgothic/v26/PN_3Rfi-oW3hYwmKDpxS7F_D_9je.woff2,,,79,2025,older,False,False,3,set(),0,False,False,False,2,True,False,True
Assistant,['regular'],"['hebrew', 'latin', 'latin-ext']",v24,2025-09-08,{'regular': 'https://fonts.gstatic.com/s/assistant/v24/2sDcZGJYnIjSi6H75xkDam-4C7wFZQ.woff2'},sans-serif,webfonts#webfont,https://fonts.gstatic.com/s/assistant/v24/2sDPZGJYnIjSi6H75xkZZE1I0yCmYzzQtuZnIGCV3w.woff2,"[{'tag': 'wght', 'start': 200, 'end': 800}]",,80,2025,recent_12m,False,True,7,{'wght'},1,False,False,False,3,False,False,True
Inter Tight,"['regular', 'italic']","['cyrillic', 'cyrillic-ext', 'greek', 'greek-ext', 'latin', 'latin-ext', 'vietnamese']",v9,2025-09-16,"{'regular': 'https://fonts.gstatic.com/s/intertight/v9/NGSwv5HMAFg6IuGlBNMjxIsF-6lMQHe9.woff2', 'italic': 'https://fonts.gstatic.com/s/intertight/v9/NGSyv5HMAFg6IuGlBNMjxLsC8ahuRWe9amg.woff2'}",sans-serif,webfonts#webfont,https://fonts.gstatic.com/s/intertight/v9/NGSnv5HMAFg6IuGlBNMjxJEL2VmU3NS7Z2mjDw-aXS5S.woff2,"[{'tag': 'wght', 'start': 100, 'end': 900}]",,81,2025,recent_12m,True,True,9,{'wght'},1,False,False,False,7,False,False,True
Sora,['regular'],"['latin', 'latin-ext']",v17,2025-09-08,{'regular': 'https://fonts.gstatic.com/s/sora/v17/xMQbuFFYT72X_QcjD4e2OX8.woff2'},sans-serif,webfonts#webfont,https://fonts.gstatic.com/s/sora/v17/xMQOuFFYT72X5wkB_18qmnndmSdSnk-LKQI.woff2,"[{'tag': 'wght', 'start': 100, 'end': 800}]",,82,2025,recent_12m,False,True,8,{'wght'},1,False,False,False,2,False,False,True
Material Icons Round,['regular'],['latin'],v109,2025-06-17,{'regular': 'https://fonts.gstatic.com/s/materialiconsround/v109/LDItaoyNOAY6Uewc665JcIzCKsKc_M9flwmPq_fTTvg-.woff2'},monospace,webfonts#webfont,https://fonts.gstatic.com/s/materialiconsround/v109/LDItaoyNOAY6Uewc665JcIzCKsKc_M9flzmLofY.woff2,,,83,2025,older,False,False,1,set(),0,False,False,False,1,False,False,True
Mukta,"['200', '300', 'regular', '500', '600', '700', '800']","['devanagari', 'latin', 'latin-ext']",v17,2025-09-08,"{'200': 'https://fonts.gstatic.com/s/mukta/v17/iJWHBXyXfDDVXbEOjFmf-2HW7ZB_.woff2', '300': 'https://fonts.gstatic.com/s/mukta/v17/iJWHBXyXfDDVXbFqj1mf-2HW7ZB_.woff2', 'regular': 'https://fonts.gstatic.com/s/mukta/v17/iJWKBXyXfDDVXYnDp32S0H3f.woff2', '500': 'https://fonts.gstatic.com/s/mukta/v17/iJWHBXyXfDDVXbEyjlmf-2HW7ZB_.woff2', '600': 'https://fonts.gstatic.com/s/mukta/v17/iJWHBXyXfDDVXbEeiVmf-2HW7ZB_.woff2', '700': 'https://fonts.gstatic.com/s/mukta/v17/iJWHBXyXfDDVXbF6iFmf-2HW7ZB_.woff2', '800': 'https://fonts.gstatic.com/s/mukta/v17/iJWHBXyXfDDVXbFmi1mf-2HW7ZB_.woff2'}",sans-serif,webfonts#webfont,https://fonts.gstatic.com/s/mukta/v17/iJWKBXyXfDDVXbnHrXw.woff2,,,84,2025,recent_12m,False,False,7,set(),0,False,False,False,3,False,False,True
Schibsted Grotesk,"['regular', 'italic']","['latin', 'latin-ext']",v7,2025-09-05,"{'regular': 'https://fonts.gstatic.com/s/schibstedgrotesk/v7/Jqz55SSPQuCQF3t8uOwiUL-taUTtaq9EYSsBdjFP.woff2', 'italic': 'https://fonts.gstatic.com/s/schibstedgrotesk/v7/Jqz_5SSPQuCQF3t8uOwiUL-taUTtap9DayojcyFPV1I.woff2'}",sans-serif,webfonts#webfont,https://fonts.gstatic.com/s/schibstedgrotesk/v7/JqzK5SSPQuCQF3t8uOwiUL-taUTtarVKQ9vZ6pJJWlMNIsEwTshv.woff2,"[{'tag': 'wght', 'start': 400, 'end': 900}]",,85,2025,recent_12m,True,True,6,{'wght'},1,False,False,False,2,False,False,True
Lexend,['regular'],"['latin', 'latin-ext', 'vietnamese']",v26,2025-09-08,{'regular': 'https://fonts.gstatic.com/s/lexend/v26/wlpwgwvFAVdoq2_f-a4V0WdXaQ.woff2'},sans-serif,webfonts#webfont,https://fonts.gstatic.com/s/lexend/v26/wlptgwvFAVdoq2_F94zlCfv0bz1WCzsWzLFneg.woff2,"[{'tag': 'wght', 'start': 100, 'end': 900}]",,86,2025,recent_12m,False,True,9,{'wght'},1,False,False,False,3,False,False,True
Instrument Serif,"['regular', 'italic']","['latin', 'latin-ext']",v5,2025-09-05,"{'regular': 'https://fonts.gstatic.com/s/instrumentserif/v5/jizBRFtNs2ka5fXjeivQ4LroWlx-2zcZj1bIkNo.woff2', 'italic': 'https://fonts.gstatic.com/s/instrumentserif/v5/jizHRFtNs2ka5fXjeivQ4LroWlx-6zATjnTNgNq55w.woff2'}",serif,webfonts#webfont,https://fonts.gstatic.com/s/instrumentserif/v5/jizBRFtNs2ka5fXjeivQ4LroWlx-6zMTjg.woff2,,,87,2025,recent_12m,True,False,1,set(),0,False,False,False,2,False,False,True
Cabin,"['regular', 'italic']","['latin', 'latin-ext', 'vietnamese']",v35,2025-09-11,"{'regular': 'https://fonts.gstatic.com/s/cabin/v35/u-4x0qWljRw-Pe8y9fxqmjRv.woff2', 'italic': 'https://fonts.gstatic.com/s/cabin/v35/u-4_0qWljRw-Pd81__1InyRvYwc.woff2'}",sans-serif,webfonts#webfont,https://fonts.gstatic.com/s/cabin/v35/u-4X0qWljRw-PfU81xCKCpdpbgZJl6XFpfEd7eA9BIxxkV2EH7Clxw.woff2,"[{'tag': 'wdth', 'start': 75, 'end': 100}, {'tag': 'wght', 'start': 400, 'end': 700}]",,88,2025,recent_12m,True,True,4,"{'wdth', 'wght'}",2,True,False,False,3,False,False,True
Bitter,"['regular', 'italic']","['cyrillic', 'cyrillic-ext', 'latin', 'latin-ext', 'vietnamese']",v42,2026-06-30,"{'regular': 'https://fonts.gstatic.com/s/bitter/v42/rax8HiqOu8IVPmnLfYZoDDlCmg.woff2', 'italic': 'https://fonts.gstatic.com/s/bitter/v42/rax-HiqOu8IVPmn7eoxpLjxSmlLZ.woff2'}",serif,webfonts#webfont,https://fonts.gstatic.com/s/bitter/v42/raxhHiqOu8IVPmnRc6SY1KXhnF_Y8fbfOL7OXQ.woff2,"[{'tag': 'wght', 'start': 100, 'end': 900}]",,89,2026,recent_12m,True,True,9,{'wght'},1,False,False,False,5,False,False,True
Noto Sans Telugu,['regular'],"['latin', 'latin-ext', 'telugu']",v30,2025-09-08,{'regular': 'https://fonts.gstatic.com/s/notosanstelugu/v30/0FlPVOGZlE2Rrtr-HmgkMWJNjJ5_XSreTyer338.woff2'},sans-serif,webfonts#webfont,https://fonts.gstatic.com/s/notosanstelugu/v30/0FlxVOGZlE2Rrtr-HmgkMWJNjJ5_RyT8o8c7fHkeg-esVC5dzHkHIJQqrEntezbaQEze.woff2,"[{'tag': 'wdth', 'start': 62.5, 'end': 100}, {'tag': 'wght', 'start': 100, 'end': 900}]",,90,2025,recent_12m,False,True,9,"{'wdth', 'wght'}",2,True,False,False,3,False,False,True
Ramabhadra,['regular'],"['latin', 'telugu']",v17,2025-09-16,{'regular': 'https://fonts.gstatic.com/s/ramabhadra/v17/EYq2maBOwqRW9P1SQ83LehZGX5uWw3o.woff2'},sans-serif,webfonts#webfont,https://fonts.gstatic.com/s/ramabhadra/v17/EYq2maBOwqRW9P1SQ83LShJMXg.woff2,,,91,2025,recent_12m,False,False,1,set(),0,False,False,False,2,False,False,True
Red Hat Display,"['regular', 'italic']","['latin', 'latin-ext']",v21,2025-09-10,"{'regular': 'https://fonts.gstatic.com/s/redhatdisplay/v21/8vIQ7wUr0m80wwYf0QCXZzYzUoTQ_zSgZYvdCQ.woff2', 'italic': 'https://fonts.gstatic.com/s/redhatdisplay/v21/8vIS7wUr0m80wwYf0QCXZzYzUoTg-D6hR47NCV5Z.woff2'}",sans-serif,webfonts#webfont,https://fonts.gstatic.com/s/redhatdisplay/v21/8vIf7wUr0m80wwYf0QCXZzYzUoTK8RZQvRd-D1NYbmyWQkkz-A.woff2,"[{'tag': 'wght', 'start': 300, 'end': 900}]",,92,2025,recent_12m,True,True,7,{'wght'},1,False,False,False,2,False,False,True
Roboto Flex,['regular'],"['cyrillic', 'cyrillic-ext', 'greek', 'latin', 'latin-ext', 'vietnamese']",v30,2025-09-05,{'regular': 'https://fonts.gstatic.com/s/robotoflex/v30/NaPccZLOBv5T3oB7Cb4i0wu4TsDOCZRS.woff2'},sans-serif,webfonts#webfont,https://fonts.gstatic.com/s/robotoflex/v30/NaNnepOXO_NexZs0b5QrzlOHb8wCikXpYqmZsWI-__OGbt8jZktqc2V3Zs0KvDLdBP8SBZtOs2IifRuUZQMsPJtUsR4DEK6cULNeUx9XgTnH37Ha_FIAp4Fm0PP1hw45DntW2x0wZGzhPmr1YNMYKYn9_1IQXGwJAiUJVUMdN5YUW4O8HtSoXjC1z3QSabshNFVe3e0O5j3ZjrZCu23Qd4G0EBysQNK-QKavMl1cKq3tHXtXi8mzLjaAcbCknQ.woff2,"[{'tag': 'GRAD', 'start': -200, 'end': 150}, {'tag': 'XOPQ', 'start': 27, 'end': 175}, {'tag': 'XTRA', 'start': 323, 'end': 603}, {'tag': 'YOPQ', 'start': 25, 'end': 135}, {'tag': 'YTAS', 'start': 649, 'end': 854}, {'tag': 'YTDE', 'start': -305, 'end': -98}, {'tag': 'YTFI', 'start': 560, 'end': 788}, {'tag': 'YTLC', 'start': 416, 'end': 570}, {'tag': 'YTUC', 'start': 528, 'end': 760}, {'tag': 'opsz', 'start': 8, 'end': 144}, {'tag': 'slnt', 'start': -10, 'end': 0}, {'tag': 'wdth', 'start': 25, 'end': 151}, {'tag': 'wght', 'start': 100, 'end': 1000}]",,93,2025,recent_12m,False,True,10,"{'YTUC', 'YTDE', 'XOPQ', 'YTAS', 'XTRA', 'YTLC', 'wght', 'opsz', 'wdth', 'slnt', 'YOPQ', 'GRAD', 'YTFI'}",13,True,True,True,6,False,False,True
Anek Telugu,['regular'],"['latin', 'latin-ext', 'telugu']",v13,2025-09-08,{'regular': 'https://fonts.gstatic.com/s/anektelugu/v13/LhWhMVrUNvsddMtYGCx4Fd9YGNWQg_am.woff2'},sans-serif,webfonts#webfont,https://fonts.gstatic.com/s/anektelugu/v13/LhWLMVrUNvsddMtYGCx4FcVWOjlwE1WgXdoJ-5XHMl2DkooGK7i13y--kEyM2A.woff2,"[{'tag': 'wdth', 'start': 75, 'end': 125}, {'tag': 'wght', 'start': 100, 'end': 800}]",,94,2025,recent_12m,False,True,8,"{'wdth', 'wght'}",2,True,False,False,3,False,False,True
Dosis,['regular'],"['latin', 'latin-ext', 'vietnamese']",v34,2025-09-11,{'regular': 'https://fonts.gstatic.com/s/dosis/v34/HhyaU5sn9vOmLwlqAfSKEZZL.woff2'},sans-serif,webfonts#webfont,https://fonts.gstatic.com/s/dosis/v34/HhyJU5sn9vOmLxNkIwRSjTVNWLEJN7Ml3RME.woff2,"[{'tag': 'wght', 'start': 200, 'end': 800}]",,95,2025,recent_12m,False,True,7,{'wght'},1,False,False,False,3,False,False,True
Hind Siliguri,"['300', 'regular', '500', '600', '700']","['bengali', 'latin', 'latin-ext']",v14,2025-09-16,"{'300': 'https://fonts.gstatic.com/s/hindsiliguri/v14/ijwOs5juQtsyLLR5jN4cxBEoRDf44uQfKiGvxts.woff2', 'regular': 'https://fonts.gstatic.com/s/hindsiliguri/v14/ijwTs5juQtsyLLR5jN4cxBEofJ7Qxuk0Nig.woff2', '500': 'https://fonts.gstatic.com/s/hindsiliguri/v14/ijwOs5juQtsyLLR5jN4cxBEoRG_54uQfKiGvxts.woff2', '600': 'https://fonts.gstatic.com/s/hindsiliguri/v14/ijwOs5juQtsyLLR5jN4cxBEoREP-4uQfKiGvxts.woff2', '700': 'https://fonts.gstatic.com/s/hindsiliguri/v14/ijwOs5juQtsyLLR5jN4cxBEoRCf_4uQfKiGvxts.woff2'}",sans-serif,webfonts#webfont,https://fonts.gstatic.com/s/hindsiliguri/v14/ijwTs5juQtsyLLR5jN4cxBEoTJraxw.woff2,,,96,2025,recent_12m,False,False,5,set(),0,False,False,False,3,False,False,True
Geist,"['regular', 'italic']","['cyrillic', 'cyrillic-ext', 'latin', 'latin-ext', 'vietnamese']",v5,2026-05-13,"{'regular': 'https://fonts.gstatic.com/s/geist/v5/gyByhwUxId8gMHweElSvO5Tc.woff2', 'italic': 'https://fonts.gstatic.com/s/geist/v5/gyB8hwUxId8gMEwZGFWNPoTcVY4.woff2'}",sans-serif,webfonts#webfont,https://fonts.gstatic.com/s/geist/v5/gyBhhwUxId8gMGYQMKR3pzfaWI_RnOMInJna.woff2,"[{'tag': 'wght', 'start': 100, 'end': 900}]",,97,2026,recent_12m,True,True,9,{'wght'},1,False,False,False,5,False,False,True
Noto Sans Khmer,['regular'],"['khmer', 'latin', 'latin-ext']",v29,2025-09-11,{'regular': 'https://fonts.gstatic.com/s/notosanskhmer/v29/ijwNs5roRME5LLRxjsRb-gssOenax8sxJii23w.woff2'},sans-serif,webfonts#webfont,https://fonts.gstatic.com/s/notosanskhmer/v29/ijw3s5roRME5LLRxjsRb-gssOenAyendxrgV2c-Zw-9vbVUti_Z_dWgtWYuNAKz5mgc.woff2,"[{'tag': 'wdth', 'start': 62.5, 'end': 100}, {'tag': 'wght', 'start': 100, 'end': 900}]",,98,2025,recent_12m,False,True,9,"{'wdth', 'wght'}",2,True,False,False,3,False,False,True
Rajdhani,"['300', 'regular', '500', '600', '700']","['devanagari', 'latin', 'latin-ext']",v17,2025-09-16,"{'300': 'https://fonts.gstatic.com/s/rajdhani/v17/LDI2apCSOBg7S-QT7pasEcOpc-bGkqIw.woff2', 'regular': 'https://fonts.gstatic.com/s/rajdhani/v17/LDIxapCSOBg7S-QT7q4FOeekWPrP.woff2', '500': 'https://fonts.gstatic.com/s/rajdhani/v17/LDI2apCSOBg7S-QT7pb0EMOpc-bGkqIw.woff2', '600': 'https://fonts.gstatic.com/s/rajdhani/v17/LDI2apCSOBg7S-QT7pbYF8Opc-bGkqIw.woff2', '700': 'https://fonts.gstatic.com/s/rajdhani/v17/LDI2apCSOBg7S-QT7pa8FsOpc-bGkqIw.woff2'}",sans-serif,webfonts#webfont,https://fonts.gstatic.com/s/rajdhani/v17/LDIxapCSOBg7S-QT7p4BM-Y.woff2,,,99,2025,recent_12m,False,False,5,set(),0,False,False,False,3,False,False,True
Lilita One,['regular'],"['latin', 'latin-ext']",v17,2025-09-10,{'regular': 'https://fonts.gstatic.com/s/lilitaone/v17/i7dPIFZ9Zz-WBtRtedDbUEN2RFq7AwU.woff2'},display,webfonts#webfont,https://fonts.gstatic.com/s/lilitaone/v17/i7dPIFZ9Zz-WBtRtedDbYEd8RQ.woff2,,,100,2025,recent_12m,False,False,1,set(),0,False,False,False,2,False,False,True
IBM Plex Mono,"['100', '100italic', '200', '200italic', '300', '300italic', 'regular', 'italic', '500', '500italic', '600', '600italic', '700', '700italic']","['cyrillic', 'cyrillic-ext', 'latin', 'latin-ext', 'vietnamese']",v20,2025-09-16,"{'100': 'https://fonts.gstatic.com/s/ibmplexmono/v20/-F6pfjptAgt5VM-kVkqdyU8n3kwq131hj-sNFQ.woff2', '100italic': 'https://fonts.gstatic.com/s/ibmplexmono/v20/-F6rfjptAgt5VM-kVkqdyU8n1ioStndgre4dFcFh.woff2', '200': 'https://fonts.gstatic.com/s/ibmplexmono/v20/-F6qfjptAgt5VM-kVkqdyU8n3uAL8lJPg-IUDNg.woff2', '200italic': 'https://fonts.gstatic.com/s/ibmplexmono/v20/-F6sfjptAgt5VM-kVkqdyU8n1ioSGlZFgsARHNh4zg.woff2', '300': 'https://fonts.gstatic.com/s/ibmplexmono/v20/-F6qfjptAgt5VM-kVkqdyU8n3oQI8lJPg-IUDNg.woff2', '300italic': 'https://fonts.gstatic.com/s/ibmplexmono/v20/-F6sfjptAgt5VM-kVkqdyU8n1ioSflVFgsARHNh4zg.woff2', 'regular': 'https://fonts.gstatic.com/s/ibmplexmono/v20/-F63fjptAgt5VM-kVkqdyU8n5i0g1l9kn-s.woff2', 'italic': 'https://fonts.gstatic.com/s/ibmplexmono/v20/-F6pfjptAgt5VM-kVkqdyU8n1ioq131hj-sNFQ.woff2', '500': 'https://fonts.gstatic.com/s/ibmplexmono/v20/-F6qfjptAgt5VM-kVkqdyU8n3twJ8lJPg-IUDNg.woff2', '500italic': 'https://fonts.gstatic.com/s/ibmplexmono/v20/-F6sfjptAgt5VM-kVkqdyU8n1ioSJlRFgsARHNh4zg.woff2', '600': 'https://fonts.gstatic.com/s/ibmplexmono/v20/-F6qfjptAgt5VM-kVkqdyU8n3vAO8lJPg-IUDNg.woff2', '600italic': 'https://fonts.gstatic.com/s/ibmplexmono/v20/-F6sfjptAgt5VM-kVkqdyU8n1ioSClNFgsARHNh4zg.woff2', '700': 'https://fonts.gstatic.com/s/ibmplexmono/v20/-F6qfjptAgt5VM-kVkqdyU8n3pQP8lJPg-IUDNg.woff2', '700italic': 'https://fonts.gstatic.com/s/ibmplexmono/v20/-F6sfjptAgt5VM-kVkqdyU8n1ioSblJFgsARHNh4zg.woff2'}",monospace,webfonts#webfont,https://fonts.gstatic.com/s/ibmplexmono/v20/-F63fjptAgt5VM-kVkqdyU8n1ikq1w.woff2,,,101,2025,recent_12m,True,False,7,set(),0,False,False,False,5,False,False,False
Fraunces,"['regular', 'italic']","['latin', 'latin-ext', 'vietnamese']",v38,2025-09-10,"{'regular': 'https://fonts.gstatic.com/s/fraunces/v38/6NUV8FyLNQOQZAnv9awKnugMyM1A.woff2', 'italic': 'https://fonts.gstatic.com/s/fraunces/v38/6NUT8FyLNQOQZAnv9ZwNlOkuzd1AZtw.woff2'}",serif,webfonts#webfont,https://fonts.gstatic.com/s/fraunces/v38/6NUh8FyLNQOQZAnv9bYEvDiIdE9Ea92uemAk_WBq8U_9v0c2Wa0K7iN7hzFUPJH58nib1603gg7S2nfgRYIctxuTD_7T.woff2,"[{'tag': 'SOFT', 'start': 0, 'end': 100}, {'tag': 'WONK', 'start': 0, 'end': 1}, {'tag': 'opsz', 'start': 9, 'end': 144}, {'tag': 'wght', 'start': 100, 'end': 900}]",,102,2025,recent_12m,True,True,9,"{'opsz', 'SOFT', 'WONK', 'wght'}",4,False,False,True,3,False,False,False
Caveat,['regular'],"['cyrillic', 'cyrillic-ext', 'latin', 'latin-ext']",v23,2025-09-05,{'regular': 'https://fonts.gstatic.com/s/caveat/v23/Wnz6HAc5bAfYB2QLZDwZqg_MPQ.woff2'},handwriting,webfonts#webfont,https://fonts.gstatic.com/s/caveat/v23/WnznHAc5bAfYB2QRah7pcpNvOx-pjfJ9eIOpYQ.woff2,"[{'tag': 'wght', 'start': 400, 'end': 700}]",,103,2025,recent_12m,False,True,4,{'wght'},1,False,False,False,4,False,False,False
Urbanist,"['regular', 'italic']","['latin', 'latin-ext']",v18,2025-09-16,"{'regular': 'https://fonts.gstatic.com/s/urbanist/v18/L0x-DF02iFML4hGCyPqnZyxEimK3.woff2', 'italic': 'https://fonts.gstatic.com/s/urbanist/v18/L0x4DF02iFML4hGCyMqgbS1mj3K3R7s.woff2'}",sans-serif,webfonts#webfont,https://fonts.gstatic.com/s/urbanist/v18/L0xjDF02iFML4hGCyOCpRdycFsGxSrqDyx4vF5mq.woff2,"[{'tag': 'wght', 'start': 100, 'end': 900}]",,104,2025,recent_12m,True,True,9,{'wght'},1,False,False,False,2,False,False,False
Exo 2,"['regular', 'italic']","['cyrillic', 'cyrillic-ext', 'latin', 'latin-ext', 'vietnamese']",v26,2025-09-02,"{'regular': 'https://fonts.gstatic.com/s/exo2/v26/7cHmv4okm5zmbuYqIe804WIo.woff2', 'italic': 'https://fonts.gstatic.com/s/exo2/v26/7cHov4okm5zmbtYtK-4W5HIohT4.woff2'}",sans-serif,webfonts#webfont,https://fonts.gstatic.com/s/exo2/v26/7cH1v4okm5zmbvwkAx_sfcEuiD8jvvKsP9C_.woff2,"[{'tag': 'wght', 'start': 100, 'end': 900}]",,105,2025,recent_12m,True,True,9,{'wght'},1,False,False,False,5,False,False,False
Oxygen,"['300', 'regular', '700']","['latin', 'latin-ext']",v16,2025-09-05,"{'300': 'https://fonts.gstatic.com/s/oxygen/v16/2sDcZG1Wl4LcnbuCJW8Dam-4C7wFZQ.woff2', 'regular': 'https://fonts.gstatic.com/s/oxygen/v16/2sDfZG1Wl4Lcnbu6jEcnZ0SkAg.woff2', '700': 'https://fonts.gstatic.com/s/oxygen/v16/2sDcZG1Wl4LcnbuCNWgDam-4C7wFZQ.woff2'}",sans-serif,webfonts#webfont,https://fonts.gstatic.com/s/oxygen/v16/2sDfZG1Wl4LcnbuKiE0m.woff2,,,106,2025,recent_12m,False,False,3,set(),0,False,False,False,2,False,False,False
M PLUS Rounded 1c,"['100', '300', 'regular', '500', '700', '800', '900']","['cyrillic', 'cyrillic-ext', 'greek', 'greek-ext', 'hebrew', 'japanese', 'latin', 'latin-ext', 'vietnamese']",v22,2026-06-08,"{'100': 'https://fonts.gstatic.com/s/mplusrounded1c/v22/VdGCAYIAV6gnpUpoWwNkYvrugw9RuM3ixL4g6-av1x0.woff2', '300': 'https://fonts.gstatic.com/s/mplusrounded1c/v22/VdGBAYIAV6gnpUpoWwNkYvrugw9RuM0q5psPxeqmzgRK.woff2', 'regular': 'https://fonts.gstatic.com/s/mplusrounded1c/v22/VdGEAYIAV6gnpUpoWwNkYvrugw9RuPWDzr8C7vav.woff2', '500': 'https://fonts.gstatic.com/s/mplusrounded1c/v22/VdGBAYIAV6gnpUpoWwNkYvrugw9RuM1y55sPxeqmzgRK.woff2', '700': 'https://fonts.gstatic.com/s/mplusrounded1c/v22/VdGBAYIAV6gnpUpoWwNkYvrugw9RuM064ZsPxeqmzgRK.woff2', '800': 'https://fonts.gstatic.com/s/mplusrounded1c/v22/VdGBAYIAV6gnpUpoWwNkYvrugw9RuM0m4psPxeqmzgRK.woff2', '900': 'https://fonts.gstatic.com/s/mplusrounded1c/v22/VdGBAYIAV6gnpUpoWwNkYvrugw9RuM0C45sPxeqmzgRK.woff2'}",sans-serif,webfonts#webfont,https://fonts.gstatic.com/s/mplusrounded1c/v22/VdGEAYIAV6gnpUpoWwNkYvrugw9RuMWHxL4.woff2,,,107,2026,recent_12m,False,False,7,set(),0,False,False,False,9,False,False,False
Orbitron,['regular'],['latin'],v35,2025-09-05,{'regular': 'https://fonts.gstatic.com/s/orbitron/v35/yMJRMIlzdpvBhQQL_Tq5fSx5i814.woff2'},sans-serif,webfonts#webfont,https://fonts.gstatic.com/s/orbitron/v35/yMJMMIlzdpvBhQQL_SC3X9yhF25-T1nyGy6Bp2gz.woff2,"[{'tag': 'wght', 'start': 400, 'end': 900}]",,108,2025,recent_12m,False,True,6,{'wght'},1,False,False,False,1,False,False,False
DM Serif Display,"['regular', 'italic']","['latin', 'latin-ext']",v17,2025-09-11,"{'regular': 'https://fonts.gstatic.com/s/dmserifdisplay/v17/-nFnOHM81r4j6k0gjAW3mujVU2B2K_J709jy92k.woff2', 'italic': 'https://fonts.gstatic.com/s/dmserifdisplay/v17/-nFhOHM81r4j6k0gjAW3mujVU2B2G_Vx0vr352np3Q.woff2'}",serif,webfonts#webfont,https://fonts.gstatic.com/s/dmserifdisplay/v17/-nFnOHM81r4j6k0gjAW3mujVU2B2G_Zx0g.woff2,,,109,2025,recent_12m,True,False,1,set(),0,False,False,False,2,False,False,False
Overpass,"['regular', 'italic']","['cyrillic', 'cyrillic-ext', 'latin', 'latin-ext', 'vietnamese']",v19,2025-09-02,"{'regular': 'https://fonts.gstatic.com/s/overpass/v19/qFdH35WCmI96Ajtm82GnWdrCwwcJ.woff2', 'italic': 'https://fonts.gstatic.com/s/overpass/v19/qFdB35WCmI96Ajtm81GgU9vgxhcJk1s.woff2'}",sans-serif,webfonts#webfont,https://fonts.gstatic.com/s/overpass/v19/qFda35WCmI96Ajtm83upeyoaX6QPnlo6_PPbOJqK.woff2,"[{'tag': 'wght', 'start': 100, 'end': 900}]",,110,2025,recent_12m,True,True,9,{'wght'},1,False,False,False,5,False,False,False
Hind,"['300', 'regular', '500', '600', '700']","['devanagari', 'latin', 'latin-ext']",v18,2025-09-05,"{'300': 'https://fonts.gstatic.com/s/hind/v18/5aU19_a8oxmIfMJaIR6YjDpf5Vw.woff2', 'regular': 'https://fonts.gstatic.com/s/hind/v18/5aU69_a8oxmIRGtyBROzkDM.woff2', '500': 'https://fonts.gstatic.com/s/hind/v18/5aU19_a8oxmIfJpbIR6YjDpf5Vw.woff2', '600': 'https://fonts.gstatic.com/s/hind/v18/5aU19_a8oxmIfLZcIR6YjDpf5Vw.woff2', '700': 'https://fonts.gstatic.com/s/hind/v18/5aU19_a8oxmIfNJdIR6YjDpf5Vw.woff2'}",sans-serif,webfonts#webfont,https://fonts.gstatic.com/s/hind/v18/5aU69_a8oxmIdG94BA.woff2,,,111,2025,recent_12m,False,False,5,set(),0,False,False,False,3,False,False,False
Crimson Text,"['regular', 'italic', '600', '600italic', '700', '700italic']","['latin', 'latin-ext', 'vietnamese']",v19,2025-05-30,"{'regular': 'https://fonts.gstatic.com/s/crimsontext/v19/wlp2gwHKFkZgtmSR3NB0oRJvbQJSA_JN3Q.woff2', 'italic': 'https://fonts.gstatic.com/s/crimsontext/v19/wlpogwHKFkZgtmSR3NB0oRJfaghTIfdd3ahG.woff2', '600': 'https://fonts.gstatic.com/s/crimsontext/v19/wlppgwHKFkZgtmSR3NB0oRJXsCx2DtlR1LFffg.woff2', '600italic': 'https://fonts.gstatic.com/s/crimsontext/v19/wlprgwHKFkZgtmSR3NB0oRJfajCOD9NQ9rRPfrKu.woff2', '700': 'https://fonts.gstatic.com/s/crimsontext/v19/wlppgwHKFkZgtmSR3NB0oRJX1C12DtlR1LFffg.woff2', '700italic': 'https://fonts.gstatic.com/s/crimsontext/v19/wlprgwHKFkZgtmSR3NB0oRJfajDqDtNQ9rRPfrKu.woff2'}",serif,webfonts#webfont,https://fonts.gstatic.com/s/crimsontext/v19/wlp2gwHKFkZgtmSR3NB0oRJfaQhT.woff2,,,112,2025,older,True,False,3,set(),0,False,False,False,3,False,False,False
Source Serif 4,"['regular', 'italic']","['cyrillic', 'cyrillic-ext', 'greek', 'latin', 'latin-ext', 'vietnamese']",v14,2025-09-11,"{'regular': 'https://fonts.gstatic.com/s/sourceserif4/v14/vEFI2_tTDB4M7-auWDN0ahZJW2gZ-NaXXq7H.woff2', 'italic': 'https://fonts.gstatic.com/s/sourceserif4/v14/vEFK2_tTDB4M7-auWDN0ahZJW1ge8te1W77HtMo.woff2'}",serif,webfonts#webfont,https://fonts.gstatic.com/s/sourceserif4/v14/vEFy2_tTDB4M7-auWDN0ahZJW3IX2ih5nk3AucvUHf6OAVIJmeUDygwjihdqnh1dDg.woff2,"[{'tag': 'opsz', 'start': 8, 'end': 60}, {'tag': 'wght', 'start': 200, 'end': 900}]",,113,2025,recent_12m,True,True,8,"{'opsz', 'wght'}",2,False,False,True,6,False,False,False
Tajawal,"['200', '300', 'regular', '500', '700', '800', '900']","['arabic', 'latin']",v12,2025-09-08,"{'200': 'https://fonts.gstatic.com/s/tajawal/v12/Iurf6YBj_oCad4k1l_6gLrNjiLlJ-G0.woff2', '300': 'https://fonts.gstatic.com/s/tajawal/v12/Iurf6YBj_oCad4k1l5qjLrNjiLlJ-G0.woff2', 'regular': 'https://fonts.gstatic.com/s/tajawal/v12/Iura6YBj_oCad4k1rzOLCr5IlLA.woff2', '500': 'https://fonts.gstatic.com/s/tajawal/v12/Iurf6YBj_oCad4k1l8KiLrNjiLlJ-G0.woff2', '700': 'https://fonts.gstatic.com/s/tajawal/v12/Iurf6YBj_oCad4k1l4qkLrNjiLlJ-G0.woff2', '800': 'https://fonts.gstatic.com/s/tajawal/v12/Iurf6YBj_oCad4k1l5anLrNjiLlJ-G0.woff2', '900': 'https://fonts.gstatic.com/s/tajawal/v12/Iurf6YBj_oCad4k1l7KmLrNjiLlJ-G0.woff2'}",sans-serif,webfonts#webfont,https://fonts.gstatic.com/s/tajawal/v12/Iura6YBj_oCad4k1nzeBCw.woff2,,,114,2025,recent_12m,False,False,7,set(),0,False,False,False,2,False,False,False
Fredoka,['regular'],"['hebrew', 'latin', 'latin-ext']",v17,2025-09-11,{'regular': 'https://fonts.gstatic.com/s/fredoka/v17/X7nl4b87HvSqjb_WOCOQ4MTgAgk.woff2'},sans-serif,webfonts#webfont,https://fonts.gstatic.com/s/fredoka/v17/X7nP4b87HvSqjb_WIi2yDCRwoQ_k7367_B-i2yQag0-mac3O8SL8F-mK.woff2,"[{'tag': 'wdth', 'start': 75, 'end': 125}, {'tag': 'wght', 'start': 300, 'end': 700}]",,115,2025,recent_12m,False,True,5,"{'wdth', 'wght'}",2,True,False,False,3,False,False,False
Slabo 27px,['regular'],"['latin', 'latin-ext']",v16,2025-09-16,{'regular': 'https://fonts.gstatic.com/s/slabo27px/v16/mFT0WbgBwKPR_Z4hGN2qsx0J1EJ7i90.woff2'},serif,webfonts#webfont,https://fonts.gstatic.com/s/slabo27px/v16/mFT0WbgBwKPR_Z4hGN2qgxkD1Q.woff2,,,116,2025,recent_12m,False,False,1,set(),0,False,False,False,2,False,False,False
Material Icons Sharp,['regular'],['latin'],v110,2025-06-17,{'regular': 'https://fonts.gstatic.com/s/materialiconssharp/v110/oPWQ_lt5nv4pWNJpghLP75WiFR4kLh3kvmvRImEyc0vd.woff2'},monospace,webfonts#webfont,https://fonts.gstatic.com/s/materialiconssharp/v110/oPWQ_lt5nv4pWNJpghLP75WiFR4kLh3kvlvVKGA.woff2,,,117,2025,older,False,False,1,set(),0,False,False,False,1,False,False,False
Bungee,['regular'],"['latin', 'latin-ext', 'vietnamese']",v17,2025-09-16,{'regular': 'https://fonts.gstatic.com/s/bungee/v17/N0bU2SZBIuF2PU_ED350Kd_PmA.woff2'},display,webfonts#webfont,https://fonts.gstatic.com/s/bungee/v17/N0bU2SZBIuF2PU_0C3R1.woff2,,,118,2025,recent_12m,False,False,1,set(),0,False,False,False,3,False,False,False
Pacifico,['regular'],"['cyrillic', 'cyrillic-ext', 'latin', 'latin-ext', 'vietnamese']",v23,2025-09-16,{'regular': 'https://fonts.gstatic.com/s/pacifico/v23/FwZY7-Qmy14u9lezJ96F4sijpFu_.woff2'},handwriting,webfonts#webfont,https://fonts.gstatic.com/s/pacifico/v23/FwZY7-Qmy14u9lezJ-6B6Mk.woff2,,,119,2025,recent_12m,False,False,1,set(),0,False,False,False,5,False,False,False
Barlow Semi Condensed,"['100', '100italic', '200', '200italic', '300', '300italic', 'regular', 'italic', '500', '500italic', '600', '600italic', '700', '700italic', '800', '800italic', '900', '900italic']","['latin', 'latin-ext', 'vietnamese']",v16,2025-09-16,"{'100': 'https://fonts.gstatic.com/s/barlowsemicondensed/v16/wlphgxjLBV1hqnzfr-F8sEYMB0Yybp0mudRfG4qqKk8ogoSP.woff2', '100italic': 'https://fonts.gstatic.com/s/barlowsemicondensed/v16/wlpjgxjLBV1hqnzfr-F8sEYMB0Yybp0mudRXfbLLIE4Kh5SPZWs.woff2', '200': 'https://fonts.gstatic.com/s/barlowsemicondensed/v16/wlpigxjLBV1hqnzfr-F8sEYMB0Yybp0mudRft6uPBWEki52WfA.woff2', '200italic': 'https://fonts.gstatic.com/s/barlowsemicondensed/v16/wlpkgxjLBV1hqnzfr-F8sEYMB0Yybp0mudRXfbJnAWslqZiGfHK5.woff2', '300': 'https://fonts.gstatic.com/s/barlowsemicondensed/v16/wlpigxjLBV1hqnzfr-F8sEYMB0Yybp0mudRf06iPBWEki52WfA.woff2', '300italic': 'https://fonts.gstatic.com/s/barlowsemicondensed/v16/wlpkgxjLBV1hqnzfr-F8sEYMB0Yybp0mudRXfbIDAmslqZiGfHK5.woff2', 'regular': 'https://fonts.gstatic.com/s/barlowsemicondensed/v16/wlpvgxjLBV1hqnzfr-F8sEYMB0Yybp0mudRneoCrCEo4gg.woff2', 'italic': 'https://fonts.gstatic.com/s/barlowsemicondensed/v16/wlphgxjLBV1hqnzfr-F8sEYMB0Yybp0mudRXfYqqKk8ogoSP.woff2', '500': 'https://fonts.gstatic.com/s/barlowsemicondensed/v16/wlpigxjLBV1hqnzfr-F8sEYMB0Yybp0mudRfi6mPBWEki52WfA.woff2', '500italic': 'https://fonts.gstatic.com/s/barlowsemicondensed/v16/wlpkgxjLBV1hqnzfr-F8sEYMB0Yybp0mudRXfbJbA2slqZiGfHK5.woff2', '600': 'https://fonts.gstatic.com/s/barlowsemicondensed/v16/wlpigxjLBV1hqnzfr-F8sEYMB0Yybp0mudRfp66PBWEki52WfA.woff2', '600italic': 'https://fonts.gstatic.com/s/barlowsemicondensed/v16/wlpkgxjLBV1hqnzfr-F8sEYMB0Yybp0mudRXfbJ3BGslqZiGfHK5.woff2', '700': 'https://fonts.gstatic.com/s/barlowsemicondensed/v16/wlpigxjLBV1hqnzfr-F8sEYMB0Yybp0mudRfw6-PBWEki52WfA.woff2', '700italic': 'https://fonts.gstatic.com/s/barlowsemicondensed/v16/wlpkgxjLBV1hqnzfr-F8sEYMB0Yybp0mudRXfbITBWslqZiGfHK5.woff2', '800': 'https://fonts.gstatic.com/s/barlowsemicondensed/v16/wlpigxjLBV1hqnzfr-F8sEYMB0Yybp0mudRf36yPBWEki52WfA.woff2', '800italic': 'https://fonts.gstatic.com/s/barlowsemicondensed/v16/wlpkgxjLBV1hqnzfr-F8sEYMB0Yybp0mudRXfbIPBmslqZiGfHK5.woff2', '900': 'https://fonts.gstatic.com/s/barlowsemicondensed/v16/wlpigxjLBV1hqnzfr-F8sEYMB0Yybp0mudRf-62PBWEki52WfA.woff2', '900italic': 'https://fonts.gstatic.com/s/barlowsemicondensed/v16/wlpkgxjLBV1hqnzfr-F8sEYMB0Yybp0mudRXfbIrB2slqZiGfHK5.woff2'}",sans-serif,webfonts#webfont,https://fonts.gstatic.com/s/barlowsemicondensed/v16/wlpvgxjLBV1hqnzfr-F8sEYMB0Yybp0mudRXfoqq.woff2,,,120,2025,recent_12m,True,False,9,set(),0,False,False,False,3,False,False,False
Cinzel,['regular'],"['latin', 'latin-ext']",v26,2025-09-10,{'regular': 'https://fonts.gstatic.com/s/cinzel/v26/8vIJ7ww63mVu7gtL9G76HEdHMg.woff2'},serif,webfonts#webfont,https://fonts.gstatic.com/s/cinzel/v26/8vIU7ww63mVu7gtR-kwKxNvkNOjw-tbnfYvlDQ.woff2,"[{'tag': 'wght', 'start': 400, 'end': 900}]",,121,2025,recent_12m,False,True,6,{'wght'},1,False,False,False,2,False,False,False
Merriweather Sans,"['regular', 'italic']","['cyrillic-ext', 'latin', 'latin-ext', 'vietnamese']",v28,2025-09-16,"{'regular': 'https://fonts.gstatic.com/s/merriweathersans/v28/2-c99IRs1JiJN1FRAMjTN5zd9vgsFEX3SDTL8wtf.woff2', 'italic': 'https://fonts.gstatic.com/s/merriweathersans/v28/2-c79IRs1JiJN1FRAMjTN5zd9vgsFHXwQjXp9htf1ZM.woff2'}",sans-serif,webfonts#webfont,https://fonts.gstatic.com/s/merriweathersans/v28/2-cO9IRs1JiJN1FRAMjTN5zd9vgsFF_5asQTb6hZ2JKZou4Vj-sH.woff2,"[{'tag': 'wght', 'start': 300, 'end': 800}]",,122,2025,recent_12m,True,True,6,{'wght'},1,False,False,False,4,False,False,False
Instrument Sans,"['regular', 'italic']","['latin', 'latin-ext']",v4,2025-09-05,"{'regular': 'https://fonts.gstatic.com/s/instrumentsans/v4/pxicypc9vsFDm051Uf6KVwgkfoSrTWNAom-wpw.woff2', 'italic': 'https://fonts.gstatic.com/s/instrumentsans/v4/pxieypc9vsFDm051Uf6KVwgkfoSbSmlBgGqgp-pO.woff2'}",sans-serif,webfonts#webfont,https://fonts.gstatic.com/s/instrumentsans/v4/pximypc9vsFDm051Uf6KVwgkfoSxQ0GsQv8ToedPibnr-yp2JGEJOH9npSTF-Tf0kyw.woff2,"[{'tag': 'wdth', 'start': 75, 'end': 100}, {'tag': 'wght', 'start': 400, 'end': 700}]",,123,2025,recent_12m,True,True,4,"{'wdth', 'wght'}",2,True,False,False,2,False,False,False
PT Sans Narrow,"['regular', '700']","['cyrillic', 'cyrillic-ext', 'latin', 'latin-ext']",v19,2025-09-05,"{'regular': 'https://fonts.gstatic.com/s/ptsansnarrow/v19/BngRUXNadjH0qYEzV7ab-oWlsYCEyxyKeuDp.woff2', '700': 'https://fonts.gstatic.com/s/ptsansnarrow/v19/BngSUXNadjH0qYEzV7ab-oWlsbg95DiHUfzgRd-3.woff2'}",sans-serif,webfonts#webfont,https://fonts.gstatic.com/s/ptsansnarrow/v19/BngRUXNadjH0qYEzV7ab-oWlsbCAwR0.woff2,,,124,2025,recent_12m,False,False,2,set(),0,False,False,False,4,False,False,False
Lobster,['regular'],"['cyrillic', 'cyrillic-ext', 'latin', 'latin-ext', 'vietnamese']",v32,2025-09-08,{'regular': 'https://fonts.gstatic.com/s/lobster/v32/neILzCirqoswsqX9_oCsMqEzSJQ.woff2'},display,webfonts#webfont,https://fonts.gstatic.com/s/lobster/v32/neILzCirqoswsqX9zoSmMw.woff2,,,125,2025,recent_12m,False,False,1,set(),0,False,False,False,5,False,False,False
Arvo,"['regular', 'italic', '700', '700italic']",['latin'],v23,2025-06-02,"{'regular': 'https://fonts.gstatic.com/s/arvo/v23/tDbD2oWUg0MKmSUa7Lzr7vs.woff2', 'italic': 'https://fonts.gstatic.com/s/arvo/v23/tDbN2oWUg0MKqSIQ7Z7u_vvijQ.woff2', '700': 'https://fonts.gstatic.com/s/arvo/v23/tDbM2oWUg0MKoZw1yLHA8vL7lAE.woff2', '700italic': 'https://fonts.gstatic.com/s/arvo/v23/tDbO2oWUg0MKqSIoVLHK89D-hAHkGg.woff2'}",serif,webfonts#webfont,https://fonts.gstatic.com/s/arvo/v23/tDbD2oWUg0MKqSEQ7Q.woff2,,,126,2025,older,True,False,2,set(),0,False,False,False,1,False,False,False
Comfortaa,['regular'],"['cyrillic', 'cyrillic-ext', 'greek', 'latin', 'latin-ext', 'vietnamese']",v47,2025-09-08,{'regular': 'https://fonts.gstatic.com/s/comfortaa/v47/1Ptsg8LJRfWJmhDAuUsIT4trDfGGxA.woff2'},display,webfonts#webfont,https://fonts.gstatic.com/s/comfortaa/v47/1Pt_g8LJRfWJmhDAuUsSQamb1W0lwk4S4WjMDrUfIA.woff2,"[{'tag': 'wght', 'start': 300, 'end': 700}]",,127,2025,recent_12m,False,True,5,{'wght'},1,False,False,False,6,False,False,False
Google Sans Flex,['regular'],"['canadian-aboriginal', 'cherokee', 'latin', 'latin-ext', 'math', 'nushu', 'symbols', 'syriac', 'tifinagh', 'vietnamese']",v21,2026-05-21,{'regular': 'https://fonts.gstatic.com/s/googlesansflex/v21/t5t7IQcYNIWbFgDgAAzZ34auoVyXip6sfhcat2c.woff2'},sans-serif,webfonts#webfont,https://fonts.gstatic.com/s/googlesansflex/v21/t5sJIQcYNIWbFgDgAAzZ34auoVyXkJCOvp3SFWJbN5hF8Ju1x6sKCyp0l9sI40swNJwInycYAJzz0m7kJ4qFQOJBOjLvDSndo0SKMpKSTzwliVdHAy4bxTDHg_ugnAakp8ub-cpgUg.woff2,"[{'tag': 'GRAD', 'start': 0, 'end': 100}, {'tag': 'ROND', 'start': 0, 'end': 100}, {'tag': 'opsz', 'start': 6, 'end': 144}, {'tag': 'slnt', 'start': -10, 'end': 0}, {'tag': 'wdth', 'start': 25, 'end': 151}, {'tag': 'wght', 'start': 1, 'end': 1000}]",,128,2026,recent_12m,False,True,10,"{'wght', 'ROND', 'opsz', 'wdth', 'slnt', 'GRAD'}",6,True,True,True,10,False,False,False
Material Icons Two Tone,['regular'],['latin'],v113,2025-06-17,{'regular': 'https://fonts.gstatic.com/s/materialiconstwotone/v113/hESh6WRmNCxEqUmNyh3JDeGxjVVyMg4tHGctNCu0NjDrH_77.woff2'},monospace,webfonts#webfont,https://fonts.gstatic.com/s/materialiconstwotone/v113/hESh6WRmNCxEqUmNyh3JDeGxjVVyMg4tHGctNBuwPDE.woff2,,['COLRv0'],129,2025,older,False,False,1,set(),0,False,False,False,1,False,False,False
Almarai,"['300', 'regular', '700', '800']","['arabic', 'latin']",v19,2025-09-02,"{'300': 'https://fonts.gstatic.com/s/almarai/v19/tssoApxBaigK_hnnS_anhn2coq72sXg.woff2', 'regular': 'https://fonts.gstatic.com/s/almarai/v19/tsstApxBaigK_hnnc1-PonC3vqc.woff2', '700': 'https://fonts.gstatic.com/s/almarai/v19/tssoApxBaigK_hnnS-aghn2coq72sXg.woff2', '800': 'https://fonts.gstatic.com/s/almarai/v19/tssoApxBaigK_hnnS_qjhn2coq72sXg.woff2'}",sans-serif,webfonts#webfont,https://fonts.gstatic.com/s/almarai/v19/tsstApxBaigK_hnnQ1uFow.woff2,,,130,2025,recent_12m,False,False,4,set(),0,False,False,False,2,False,False,False
Abel,['regular'],['latin'],v18,2025-05-30,{'regular': 'https://fonts.gstatic.com/s/abel/v18/MwQ5bhbm2POE6V1LPJp6qGI.woff2'},sans-serif,webfonts#webfont,https://fonts.gstatic.com/s/abel/v18/MwQ5bhbm2POE2VlBPQ.woff2,,,131,2025,older,False,False,1,set(),0,False,False,False,1,False,False,False
Noto Sans Thai,['regular'],"['latin', 'latin-ext', 'thai']",v29,2025-09-05,{'regular': 'https://fonts.gstatic.com/s/notosansthai/v29/iJWdBXeUZi_OHPqn4wq6hQ2_hah75c-dUX0x.woff2'},sans-serif,webfonts#webfont,https://fonts.gstatic.com/s/notosansthai/v29/iJWnBXeUZi_OHPqn4wq6hQ2_hbJ1xyN9wd43SofNWcd1MKVQt_So_9CdU5RtlzB0QA.woff2,"[{'tag': 'wdth', 'start': 62.5, 'end': 100}, {'tag': 'wght', 'start': 100, 'end': 900}]",,132,2025,recent_12m,False,True,9,"{'wdth', 'wght'}",2,True,False,False,3,False,False,False
Teko,['regular'],"['devanagari', 'latin', 'latin-ext']",v23,2025-09-16,{'regular': 'https://fonts.gstatic.com/s/teko/v23/LYjNdG7kmE0gTaF3pCtBtVs.woff2'},sans-serif,webfonts#webfont,https://fonts.gstatic.com/s/teko/v23/LYjYdG7kmE0gV69VVPPdFl06VN8XG4Sz1zM.woff2,"[{'tag': 'wght', 'start': 300, 'end': 700}]",,133,2025,recent_12m,False,True,5,{'wght'},1,False,False,False,3,False,False,False
Noto Sans Arabic,['regular'],"['arabic', 'latin', 'latin-ext', 'math', 'symbols']",v33,2025-09-17,{'regular': 'https://fonts.gstatic.com/s/notosansarabic/v33/nwpPtLGrOAZMl5nJ_wfgRg3DrWFZQMf36H986K0.woff2'},sans-serif,webfonts#webfont,https://fonts.gstatic.com/s/notosansarabic/v33/nwpxtLGrOAZMl5nJ_wfgRg3DrWFZWsnVBJ_sS6tlqHHFlhQ5l3sQWIHPqzCfyGyfunqA.woff2,"[{'tag': 'wdth', 'start': 62.5, 'end': 100}, {'tag': 'wght', 'start': 100, 'end': 900}]",,134,2025,recent_12m,False,True,9,"{'wdth', 'wght'}",2,True,False,False,5,False,False,False
Chakra Petch,"['300', '300italic', 'regular', 'italic', '500', '500italic', '600', '600italic', '700', '700italic']","['latin', 'latin-ext', 'thai', 'vietnamese']",v13,2025-09-16,"{'300': 'https://fonts.gstatic.com/s/chakrapetch/v13/cIflMapbsEk7TDLdtEz1BwkeNIhFRZXE3AY00g.woff2', '300italic': 'https://fonts.gstatic.com/s/chakrapetch/v13/cIfnMapbsEk7TDLdtEz1BwkWmpLJQp_F_gMk0izH.woff2', 'regular': 'https://fonts.gstatic.com/s/chakrapetch/v13/cIf6MapbsEk7TDLdtEz1BwkmnaBhSL7Y1Q.woff2', 'italic': 'https://fonts.gstatic.com/s/chakrapetch/v13/cIfkMapbsEk7TDLdtEz1BwkWmqpgarvI1R8t.woff2', '500': 'https://fonts.gstatic.com/s/chakrapetch/v13/cIflMapbsEk7TDLdtEz1BwkebIlFRZXE3AY00g.woff2', '500italic': 'https://fonts.gstatic.com/s/chakrapetch/v13/cIfnMapbsEk7TDLdtEz1BwkWmpKRQ5_F_gMk0izH.woff2', '600': 'https://fonts.gstatic.com/s/chakrapetch/v13/cIflMapbsEk7TDLdtEz1BwkeQI5FRZXE3AY00g.woff2', '600italic': 'https://fonts.gstatic.com/s/chakrapetch/v13/cIfnMapbsEk7TDLdtEz1BwkWmpK9RJ_F_gMk0izH.woff2', '700': 'https://fonts.gstatic.com/s/chakrapetch/v13/cIflMapbsEk7TDLdtEz1BwkeJI9FRZXE3AY00g.woff2', '700italic': 'https://fonts.gstatic.com/s/chakrapetch/v13/cIfnMapbsEk7TDLdtEz1BwkWmpLZRZ_F_gMk0izH.woff2'}",sans-serif,webfonts#webfont,https://fonts.gstatic.com/s/chakrapetch/v13/cIf6MapbsEk7TDLdtEz1BwkWmapg.woff2,,,135,2025,recent_12m,True,False,5,set(),0,False,False,False,4,False,False,False
Maven Pro,['regular'],"['latin', 'latin-ext', 'vietnamese']",v40,2025-09-02,{'regular': 'https://fonts.gstatic.com/s/mavenpro/v40/7Au9p_AqnyWWAxW2Wk32z24JMFge0g.woff2'},sans-serif,webfonts#webfont,https://fonts.gstatic.com/s/mavenpro/v40/7Auup_AqnyWWAxW2Wk3swUz56MS91Eww8SX21nGjog.woff2,"[{'tag': 'wght', 'start': 400, 'end': 900}]",,136,2025,recent_12m,False,True,6,{'wght'},1,False,False,False,3,False,False,False
Bodoni Moda,"['regular', 'italic']","['latin', 'latin-ext', 'math', 'symbols']",v28,2025-09-16,"{'regular': 'https://fonts.gstatic.com/s/bodonimoda/v28/aFTQ7PxzY382XsXX63LUYKSIQqn0X0BO.woff2', 'italic': 'https://fonts.gstatic.com/s/bodonimoda/v28/aFTS7PxzY382XsXX63LUYJSPSKjWWlBOoas.woff2'}",serif,webfonts#webfont,https://fonts.gstatic.com/s/bodonimoda/v28/aFT67PxzY382XsXX63LUYL6GYFcan6NJrKp-VPjfJMShrpsGFUt8oU7a8IF4tA.woff2,"[{'tag': 'opsz', 'start': 6, 'end': 96}, {'tag': 'wght', 'start': 400, 'end': 900}]",,137,2025,recent_12m,True,True,6,"{'opsz', 'wght'}",2,False,False,True,4,False,False,False
Hanken Grotesk,"['regular', 'italic']","['cyrillic-ext', 'latin', 'latin-ext', 'vietnamese']",v12,2025-09-02,"{'regular': 'https://fonts.gstatic.com/s/hankengrotesk/v12/ieVn2YZDLWuGJpnzaiwFXS9tYupf7dGTCTs5.woff2', 'italic': 'https://fonts.gstatic.com/s/hankengrotesk/v12/ieVl2YZDLWuGJpnzaiwFXS9tYtpY59CxDCs5cvI.woff2'}",sans-serif,webfonts#webfont,https://fonts.gstatic.com/s/hankengrotesk/v12/ieVq2YZDLWuGJpnzaiwFXS9tYvBRzyFLlZg_f_Ncs2Zq4PBM.woff2,"[{'tag': 'wght', 'start': 100, 'end': 900}]",,138,2025,recent_12m,True,True,9,{'wght'},1,False,False,False,4,False,False,False
Domine,['regular'],"['latin', 'latin-ext']",v25,2025-09-11,{'regular': 'https://fonts.gstatic.com/s/domine/v25/L0x8DFMnlVwD4h3RufCmRSlUig.woff2'},serif,webfonts#webfont,https://fonts.gstatic.com/s/domine/v25/L0xhDFMnlVwD4h3Lt9JWnbX3jG-2X3LAE1wfEw.woff2,"[{'tag': 'wght', 'start': 400, 'end': 700}]",,139,2025,recent_12m,False,True,4,{'wght'},1,False,False,False,2,False,False,False
Geist Mono,"['regular', 'italic']","['cyrillic', 'cyrillic-ext', 'latin', 'latin-ext', 'symbols2', 'vietnamese']",v6,2026-06-08,"{'regular': 'https://fonts.gstatic.com/s/geistmono/v6/or3nQ6H-1_WfwkMZI_qYJrUXmzPnnks.woff2', 'italic': 'https://fonts.gstatic.com/s/geistmono/v6/or3lQ6H-1_WfwkMZI_qYFrIdmhHijksNbA.woff2'}",monospace,webfonts#webfont,https://fonts.gstatic.com/s/geistmono/v6/or3yQ6H-1_WfwkMZI_qYPLs1a-t7PU0AbeE9KK5S5Ck.woff2,"[{'tag': 'wght', 'start': 100, 'end': 900}]",,140,2026,recent_12m,True,True,9,{'wght'},1,False,False,False,6,False,False,False
M PLUS 1p,"['100', '300', 'regular', '500', '700', '800', '900']","['cyrillic', 'cyrillic-ext', 'greek', 'greek-ext', 'hebrew', 'japanese', 'latin', 'latin-ext', 'vietnamese']",v33,2026-01-07,"{'100': 'https://fonts.gstatic.com/s/mplus1p/v33/e3tleuShHdiFyPFzBRrQnDQFUW3aq-5N.woff2', '300': 'https://fonts.gstatic.com/s/mplus1p/v33/e3tmeuShHdiFyPFzBRrQVBYgfkPWovdU4w.woff2', 'regular': 'https://fonts.gstatic.com/s/mplus1p/v33/e3tjeuShHdiFyPFzBRro_T4Ec2jKqw.woff2', '500': 'https://fonts.gstatic.com/s/mplus1p/v33/e3tmeuShHdiFyPFzBRrQDBcgfkPWovdU4w.woff2', '700': 'https://fonts.gstatic.com/s/mplus1p/v33/e3tmeuShHdiFyPFzBRrQRBEgfkPWovdU4w.woff2', '800': 'https://fonts.gstatic.com/s/mplus1p/v33/e3tmeuShHdiFyPFzBRrQWBIgfkPWovdU4w.woff2', '900': 'https://fonts.gstatic.com/s/mplus1p/v33/e3tmeuShHdiFyPFzBRrQfBMgfkPWovdU4w.woff2'}",sans-serif,webfonts#webfont,https://fonts.gstatic.com/s/mplus1p/v33/e3tjeuShHdiFyPFzBRrY-TQF.woff2,,,141,2026,recent_12m,False,False,7,set(),0,False,False,False,9,False,False,False
Newsreader,"['regular', 'italic']","['latin', 'latin-ext', 'vietnamese']",v26,2025-09-08,"{'regular': 'https://fonts.gstatic.com/s/newsreader/v26/cY9AfjOCX1hbuyalUrK479z4jaBGNpY.woff2', 'italic': 'https://fonts.gstatic.com/s/newsreader/v26/cY9CfjOCX1hbuyalUrK439vyjIJDJpahZQ.woff2'}",serif,webfonts#webfont,https://fonts.gstatic.com/s/newsreader/v26/cY9qfjOCX1hbuyalUrK49dLac06G1ZGsZBtoBCzBDXXD9JVF438weI_wDeZF.woff2,"[{'tag': 'opsz', 'start': 6, 'end': 72}, {'tag': 'wght', 'start': 200, 'end': 800}]",,142,2025,recent_12m,True,True,7,"{'opsz', 'wght'}",2,False,False,True,3,False,False,False
Epilogue,"['regular', 'italic']","['latin', 'latin-ext', 'vietnamese']",v20,2025-09-05,"{'regular': 'https://fonts.gstatic.com/s/epilogue/v20/O4ZRFGj5hxF0EhjimmImuAkalnmd.woff2', 'italic': 'https://fonts.gstatic.com/s/epilogue/v20/O4ZXFGj5hxF0EhjimlIhsgg4k2md0kI.woff2'}",sans-serif,webfonts#webfont,https://fonts.gstatic.com/s/epilogue/v20/O4ZMFGj5hxF0EhjimngomvnCCtqb30OXMDPSDZ_U.woff2,"[{'tag': 'wght', 'start': 100, 'end': 900}]",,143,2025,recent_12m,True,True,9,{'wght'},1,False,False,False,3,False,False,False
Asap,"['regular', 'italic']","['latin', 'latin-ext', 'vietnamese']",v34,2025-09-05,"{'regular': 'https://fonts.gstatic.com/s/asap/v34/KFOoCniXp96a-zkU4UROGzY.woff2', 'italic': 'https://fonts.gstatic.com/s/asap/v34/KFOmCniXp96ayz4e4GZLCzYlKw.woff2'}",sans-serif,webfonts#webfont,https://fonts.gstatic.com/s/asap/v34/KFOOCniXp96a4Tc2DaTeuDAoKsE617JFc49knOIYdjTYkqUcL2mW.woff2,"[{'tag': 'wdth', 'start': 75, 'end': 125}, {'tag': 'wght', 'start': 100, 'end': 900}]",,144,2025,recent_12m,True,True,9,"{'wdth', 'wght'}",2,True,False,False,3,False,False,False
Abril Fatface,['regular'],"['latin', 'latin-ext']",v25,2025-09-16,{'regular': 'https://fonts.gstatic.com/s/abrilfatface/v25/zOL64pLDlL1D99S8g8PtiKchm-VsjOLhZBY.woff2'},display,webfonts#webfont,https://fonts.gstatic.com/s/abrilfatface/v25/zOL64pLDlL1D99S8g8PtiKchq-FmjQ.woff2,,,145,2025,recent_12m,False,False,1,set(),0,False,False,False,2,False,False,False
DM Mono,"['300', '300italic', 'regular', 'italic', '500', '500italic']","['latin', 'latin-ext']",v16,2025-09-16,"{'300': 'https://fonts.gstatic.com/s/dmmono/v16/aFTR7PB1QTsUX8KYvrGyIYGnbKX9Rlk.woff2', '300italic': 'https://fonts.gstatic.com/s/dmmono/v16/aFTT7PB1QTsUX8KYth-orYatbYf4VllXuA.woff2', 'regular': 'https://fonts.gstatic.com/s/dmmono/v16/aFTU7PB1QTsUX8KYhhiaBYyMcKw.woff2', 'italic': 'https://fonts.gstatic.com/s/dmmono/v16/aFTW7PB1QTsUX8KYth-QBK6JYKzkXw.woff2', '500': 'https://fonts.gstatic.com/s/dmmono/v16/aFTR7PB1QTsUX8KYvumzIYGnbKX9Rlk.woff2', '500italic': 'https://fonts.gstatic.com/s/dmmono/v16/aFTT7PB1QTsUX8KYth-o9YetbYf4VllXuA.woff2'}",monospace,webfonts#webfont,https://fonts.gstatic.com/s/dmmono/v16/aFTU7PB1QTsUX8KYthyQBA.woff2,,,146,2025,recent_12m,True,False,3,set(),0,False,False,False,2,False,False,False
ABeeZee,"['regular', 'italic']","['latin', 'latin-ext']",v23,2025-09-08,"{'regular': 'https://fonts.gstatic.com/s/abeezee/v23/esDR31xSG-6AGleN6teukbcHCpE.woff2', 'italic': 'https://fonts.gstatic.com/s/abeezee/v23/esDT31xSG-6AGleN2tCkkJUCGpG-GQ.woff2'}",sans-serif,webfonts#webfont,https://fonts.gstatic.com/s/abeezee/v23/esDR31xSG-6AGleN2tOkkA.woff2,,,147,2025,recent_12m,True,False,1,set(),0,False,False,False,2,False,False,False
Lexend Deca,['regular'],"['latin', 'latin-ext', 'vietnamese']",v25,2025-09-16,{'regular': 'https://fonts.gstatic.com/s/lexenddeca/v25/K2F1fZFYk-dHSE0UPPuwQ6qlLS76ZHOM.woff2'},sans-serif,webfonts#webfont,https://fonts.gstatic.com/s/lexenddeca/v25/K2FifZFYk-dHSE0UPPuwQ7CrD94i-NCKm-U48M1wrRnD.woff2,"[{'tag': 'wght', 'start': 100, 'end': 900}]",,148,2025,recent_12m,False,True,9,{'wght'},1,False,False,False,3,False,False,False
Zilla Slab,"['300', '300italic', 'regular', 'italic', '500', '500italic', '600', '600italic', '700', '700italic']","['latin', 'latin-ext']",v12,2025-09-05,"{'300': 'https://fonts.gstatic.com/s/zillaslab/v12/dFa5ZfeM_74wlPZtksIFYpEY2HGjWlhzbaw.woff2', '300italic': 'https://fonts.gstatic.com/s/zillaslab/v12/dFanZfeM_74wlPZtksIFaj8CVHapW3p2fazkfg.woff2', 'regular': 'https://fonts.gstatic.com/s/zillaslab/v12/dFa6ZfeM_74wlPZtksIFWjgw_HyIRlE.woff2', 'italic': 'https://fonts.gstatic.com/s/zillaslab/v12/dFa4ZfeM_74wlPZtksIFaj86_V6NVlFqdA.woff2', '500': 'https://fonts.gstatic.com/s/zillaslab/v12/dFa5ZfeM_74wlPZtksIFYskZ2HGjWlhzbaw.woff2', '500italic': 'https://fonts.gstatic.com/s/zillaslab/v12/dFanZfeM_74wlPZtksIFaj8CDHepW3p2fazkfg.woff2', '600': 'https://fonts.gstatic.com/s/zillaslab/v12/dFa5ZfeM_74wlPZtksIFYuUe2HGjWlhzbaw.woff2', '600italic': 'https://fonts.gstatic.com/s/zillaslab/v12/dFanZfeM_74wlPZtksIFaj8CIHCpW3p2fazkfg.woff2', '700': 'https://fonts.gstatic.com/s/zillaslab/v12/dFa5ZfeM_74wlPZtksIFYoEf2HGjWlhzbaw.woff2', '700italic': 'https://fonts.gstatic.com/s/zillaslab/v12/dFanZfeM_74wlPZtksIFaj8CRHGpW3p2fazkfg.woff2'}",serif,webfonts#webfont,https://fonts.gstatic.com/s/zillaslab/v12/dFa6ZfeM_74wlPZtksIFajw6_Q.woff2,,,149,2025,recent_12m,True,False,5,set(),0,False,False,False,2,False,False,False
Shadows Into Light,['regular'],"['latin', 'latin-ext']",v22,2025-09-10,{'regular': 'https://fonts.gstatic.com/s/shadowsintolight/v22/UqyNK9UOIntux_czAvDQx_ZcHqZXBNQDd8r4xzSMYA.woff2'},handwriting,webfonts#webfont,https://fonts.gstatic.com/s/shadowsintolight/v22/UqyNK9UOIntux_czAvDQx_ZcHqZXBNQzc8D5.woff2,,,150,2025,recent_12m,False,False,1,set(),0,False,False,False,2,False,False,False
Questrial,['regular'],"['latin', 'latin-ext', 'vietnamese']",v19,2025-09-11,{'regular': 'https://fonts.gstatic.com/s/questrial/v19/QdVUSTchPBm7nuUeVf7EvCtkm20oJA.woff2'},sans-serif,webfonts#webfont,https://fonts.gstatic.com/s/questrial/v19/QdVUSTchPBm7nuUeVf70uCFl.woff2,,,151,2025,recent_12m,False,False,1,set(),0,False,False,False,3,False,False,False
Space Mono,"['regular', 'italic', '700', '700italic']","['latin', 'latin-ext', 'vietnamese']",v17,2025-06-25,"{'regular': 'https://fonts.gstatic.com/s/spacemono/v17/i7dPIFZifjKcF5UAWdDRUEN2RFq7AwU.woff2', 'italic': 'https://fonts.gstatic.com/s/spacemono/v17/i7dNIFZifjKcF5UAWdDRYER8RXi-EwWMbg.woff2', '700': 'https://fonts.gstatic.com/s/spacemono/v17/i7dMIFZifjKcF5UAWdDRaPpZYFeQHwyVd3U.woff2', '700italic': 'https://fonts.gstatic.com/s/spacemono/v17/i7dSIFZifjKcF5UAWdDRYERE_FeaHi6QZ3WfYg.woff2'}",monospace,webfonts#webfont,https://fonts.gstatic.com/s/spacemono/v17/i7dPIFZifjKcF5UAWdDRYEd8RQ.woff2,,,152,2025,older,True,False,2,set(),0,False,False,False,3,False,False,False
Varela Round,['regular'],"['hebrew', 'latin', 'latin-ext', 'vietnamese']",v21,2025-09-11,{'regular': 'https://fonts.gstatic.com/s/varelaround/v21/w8gdH283Tvk__Lua32TysjIvpcGOD9gxZw.woff2'},sans-serif,webfonts#webfont,https://fonts.gstatic.com/s/varelaround/v21/w8gdH283Tvk__Lua32TysjIfocuP.woff2,,,153,2025,recent_12m,False,False,1,set(),0,False,False,False,4,False,False,False
Play,"['regular', '700']","['cyrillic', 'cyrillic-ext', 'greek', 'latin', 'latin-ext', 'vietnamese']",v21,2025-09-10,"{'regular': 'https://fonts.gstatic.com/s/play/v21/6aez4K2oVqwIjtc8Hp8Tx3A.woff2', '700': 'https://fonts.gstatic.com/s/play/v21/6ae84K2oVqwItm4TOpI423nTJTM.woff2'}",sans-serif,webfonts#webfont,https://fonts.gstatic.com/s/play/v21/6aez4K2oVqwIvtM2Hw.woff2,,,154,2025,recent_12m,False,False,2,set(),0,False,False,False,6,False,False,False
Onest,['regular'],"['cyrillic', 'cyrillic-ext', 'latin', 'latin-ext']",v9,2025-09-10,{'regular': 'https://fonts.gstatic.com/s/onest/v9/gNMKW3F-SZuj7ymd8ncKEZez.woff2'},sans-serif,webfonts#webfont,https://fonts.gstatic.com/s/onest/v9/gNMZW3F-SZuj7zOT0IfSjTS16cPh9R-psxtN.woff2,"[{'tag': 'wght', 'start': 100, 'end': 900}]",,155,2025,recent_12m,False,True,9,{'wght'},1,False,False,False,4,False,False,False
Gravitas One,['regular'],['latin'],v21,2025-09-08,{'regular': 'https://fonts.gstatic.com/s/gravitasone/v21/5h1diZ4hJ3cblKy3LWakKQmaCGRNr3DzbQ.woff2'},display,webfonts#webfont,https://fonts.gstatic.com/s/gravitasone/v21/5h1diZ4hJ3cblKy3LWakKQmqDG5M.woff2,,,156,2025,recent_12m,False,False,1,set(),0,False,False,False,1,False,False,False
Zen Kaku Gothic New,"['300', 'regular', '500', '700', '900']","['cyrillic', 'japanese', 'latin', 'latin-ext']",v18,2025-09-16,"{'300': 'https://fonts.gstatic.com/s/zenkakugothicnew/v18/gNMVW2drQpDw0GjzrVNFf_valaDBcznOqpdKaWHSTGlMyd8.woff2', 'regular': 'https://fonts.gstatic.com/s/zenkakugothicnew/v18/gNMYW2drQpDw0GjzrVNFf_valaDBcznOkj5iTWz5UGA.woff2', '500': 'https://fonts.gstatic.com/s/zenkakugothicnew/v18/gNMVW2drQpDw0GjzrVNFf_valaDBcznOqs9LaWHSTGlMyd8.woff2', '700': 'https://fonts.gstatic.com/s/zenkakugothicnew/v18/gNMVW2drQpDw0GjzrVNFf_valaDBcznOqodNaWHSTGlMyd8.woff2', '900': 'https://fonts.gstatic.com/s/zenkakugothicnew/v18/gNMVW2drQpDw0GjzrVNFf_valaDBcznOqr9PaWHSTGlMyd8.woff2'}",sans-serif,webfonts#webfont,https://fonts.gstatic.com/s/zenkakugothicnew/v18/gNMYW2drQpDw0GjzrVNFf_valaDBcznOojpoTA.woff2,,,157,2025,recent_12m,False,False,5,set(),0,False,False,False,4,False,False,False
IBM Plex Serif,"['100', '100italic', '200', '200italic', '300', '300italic', 'regular', 'italic', '500', '500italic', '600', '600italic', '700', '700italic']","['cyrillic', 'cyrillic-ext', 'latin', 'latin-ext', 'vietnamese']",v20,2025-09-16,"{'100': 'https://fonts.gstatic.com/s/ibmplexserif/v20/jizBREVNn1dOx-zrZ2X3pZvkTi182zcZj1bIkNo.woff2', '100italic': 'https://fonts.gstatic.com/s/ibmplexserif/v20/jizHREVNn1dOx-zrZ2X3pZvkTiUa41YTjnTNgNq55w.woff2', '200': 'https://fonts.gstatic.com/s/ibmplexserif/v20/jizAREVNn1dOx-zrZ2X3pZvkTi3Q-hI2oVrBicOg.woff2', '200italic': 'https://fonts.gstatic.com/s/ibmplexserif/v20/jizGREVNn1dOx-zrZ2X3pZvkTiUa4_oyq1vjjNOg_oc.woff2', '300': 'https://fonts.gstatic.com/s/ibmplexserif/v20/jizAREVNn1dOx-zrZ2X3pZvkTi20-RI2oVrBicOg.woff2', '300italic': 'https://fonts.gstatic.com/s/ibmplexserif/v20/jizGREVNn1dOx-zrZ2X3pZvkTiUa454xq1vjjNOg_oc.woff2', 'regular': 'https://fonts.gstatic.com/s/ibmplexserif/v20/jizDREVNn1dOx-zrZ2X3pZvkThUd0TY7ikbI.woff2', 'italic': 'https://fonts.gstatic.com/s/ibmplexserif/v20/jizBREVNn1dOx-zrZ2X3pZvkTiUa2zcZj1bIkNo.woff2', '500': 'https://fonts.gstatic.com/s/ibmplexserif/v20/jizAREVNn1dOx-zrZ2X3pZvkTi3s-BI2oVrBicOg.woff2', '500italic': 'https://fonts.gstatic.com/s/ibmplexserif/v20/jizGREVNn1dOx-zrZ2X3pZvkTiUa48Ywq1vjjNOg_oc.woff2', '600': 'https://fonts.gstatic.com/s/ibmplexserif/v20/jizAREVNn1dOx-zrZ2X3pZvkTi3A_xI2oVrBicOg.woff2', '600italic': 'https://fonts.gstatic.com/s/ibmplexserif/v20/jizGREVNn1dOx-zrZ2X3pZvkTiUa4-o3q1vjjNOg_oc.woff2', '700': 'https://fonts.gstatic.com/s/ibmplexserif/v20/jizAREVNn1dOx-zrZ2X3pZvkTi2k_hI2oVrBicOg.woff2', '700italic': 'https://fonts.gstatic.com/s/ibmplexserif/v20/jizGREVNn1dOx-zrZ2X3pZvkTiUa4442q1vjjNOg_oc.woff2'}",serif,webfonts#webfont,https://fonts.gstatic.com/s/ibmplexserif/v20/jizDREVNn1dOx-zrZ2X3pZvkTiUZ2zc.woff2,,,158,2025,recent_12m,True,False,7,set(),0,False,False,False,5,False,False,False
Alumni Sans,"['regular', 'italic']","['cyrillic', 'cyrillic-ext', 'latin', 'latin-ext', 'vietnamese']",v20,2025-09-02,"{'regular': 'https://fonts.gstatic.com/s/alumnisans/v20/nwpQtKqkOwdO2aOIwhWudF-n5QwyYdrc.woff2', 'italic': 'https://fonts.gstatic.com/s/alumnisans/v20/nwpStKqkOwdO2aOIwhWudG-g7w0QZMrc9HY.woff2'}",sans-serif,webfonts#webfont,https://fonts.gstatic.com/s/alumnisans/v20/nwpHtKqkOwdO2aOIwhWudEWpx_zq_Xna-Xd9OO9gqVEI.woff2,"[{'tag': 'wght', 'start': 100, 'end': 900}]",,159,2025,recent_12m,True,True,9,{'wght'},1,False,False,False,5,False,False,False
Albert Sans,"['regular', 'italic']","['latin', 'latin-ext']",v4,2025-09-11,"{'regular': 'https://fonts.gstatic.com/s/albertsans/v4/i7dOIFdwYjGaAMFtZd_QA2ZZalayGhyV.woff2', 'italic': 'https://fonts.gstatic.com/s/albertsans/v4/i7dMIFdwYjGaAMFtZd_QA1ZeYFeQHwyVd3U.woff2'}",sans-serif,webfonts#webfont,https://fonts.gstatic.com/s/albertsans/v4/i7dZIFdwYjGaAMFtZd_QA3xXSKZqhr-TenSHq5PPrYf3.woff2,"[{'tag': 'wght', 'start': 100, 'end': 900}]",,160,2025,recent_12m,True,True,9,{'wght'},1,False,False,False,2,False,False,False
Marcellus,['regular'],"['latin', 'latin-ext']",v14,2025-09-11,{'regular': 'https://fonts.gstatic.com/s/marcellus/v14/wEO_EBrOk8hQLDvIAF8FVPAL3EsHiA.woff2'},serif,webfonts#webfont,https://fonts.gstatic.com/s/marcellus/v14/wEO_EBrOk8hQLDvIAF81UPoK.woff2,,,161,2025,recent_12m,False,False,1,set(),0,False,False,False,2,False,False,False
Be Vietnam Pro,"['100', '100italic', '200', '200italic', '300', '300italic', 'regular', 'italic', '500', '500italic', '600', '600italic', '700', '700italic', '800', '800italic', '900', '900italic']","['latin', 'latin-ext', 'vietnamese']",v12,2025-09-08,"{'100': 'https://fonts.gstatic.com/s/bevietnampro/v12/QdVNSTAyLFyeg_IDWvOJmVES_HRUBXoYYbAiah8.woff2', '100italic': 'https://fonts.gstatic.com/s/bevietnampro/v12/QdVLSTAyLFyeg_IDWvOJmVES_HwyPRsSYJIneh-waA.woff2', '200': 'https://fonts.gstatic.com/s/bevietnampro/v12/QdVMSTAyLFyeg_IDWvOJmVES_HT4JF83T7wrcwap.woff2', '200italic': 'https://fonts.gstatic.com/s/bevietnampro/v12/QdVKSTAyLFyeg_IDWvOJmVES_HwyPbczRb0JdhapcUU.woff2', '300': 'https://fonts.gstatic.com/s/bevietnampro/v12/QdVMSTAyLFyeg_IDWvOJmVES_HScJ183T7wrcwap.woff2', '300italic': 'https://fonts.gstatic.com/s/bevietnampro/v12/QdVKSTAyLFyeg_IDWvOJmVES_HwyPdMwRb0JdhapcUU.woff2', 'regular': 'https://fonts.gstatic.com/s/bevietnampro/v12/QdVPSTAyLFyeg_IDWvOJmVES_Ew1D3s6ZKAi.woff2', 'italic': 'https://fonts.gstatic.com/s/bevietnampro/v12/QdVNSTAyLFyeg_IDWvOJmVES_HwyBXoYYbAiah8.woff2', '500': 'https://fonts.gstatic.com/s/bevietnampro/v12/QdVMSTAyLFyeg_IDWvOJmVES_HTEJl83T7wrcwap.woff2', '500italic': 'https://fonts.gstatic.com/s/bevietnampro/v12/QdVKSTAyLFyeg_IDWvOJmVES_HwyPYsxRb0JdhapcUU.woff2', '600': 'https://fonts.gstatic.com/s/bevietnampro/v12/QdVMSTAyLFyeg_IDWvOJmVES_HToIV83T7wrcwap.woff2', '600italic': 'https://fonts.gstatic.com/s/bevietnampro/v12/QdVKSTAyLFyeg_IDWvOJmVES_HwyPac2Rb0JdhapcUU.woff2', '700': 'https://fonts.gstatic.com/s/bevietnampro/v12/QdVMSTAyLFyeg_IDWvOJmVES_HSMIF83T7wrcwap.woff2', '700italic': 'https://fonts.gstatic.com/s/bevietnampro/v12/QdVKSTAyLFyeg_IDWvOJmVES_HwyPcM3Rb0JdhapcUU.woff2', '800': 'https://fonts.gstatic.com/s/bevietnampro/v12/QdVMSTAyLFyeg_IDWvOJmVES_HSQI183T7wrcwap.woff2', '800italic': 'https://fonts.gstatic.com/s/bevietnampro/v12/QdVKSTAyLFyeg_IDWvOJmVES_HwyPd80Rb0JdhapcUU.woff2', '900': 'https://fonts.gstatic.com/s/bevietnampro/v12/QdVMSTAyLFyeg_IDWvOJmVES_HS0Il83T7wrcwap.woff2', '900italic': 'https://fonts.gstatic.com/s/bevietnampro/v12/QdVKSTAyLFyeg_IDWvOJmVES_HwyPfs1Rb0JdhapcUU.woff2'}",sans-serif,webfonts#webfont,https://fonts.gstatic.com/s/bevietnampro/v12/QdVPSTAyLFyeg_IDWvOJmVES_HwxBXo.woff2,,,162,2025,recent_12m,True,False,9,set(),0,False,False,False,3,False,False,False
Archivo Narrow,"['regular', 'italic']","['latin', 'latin-ext', 'vietnamese']",v35,2025-09-11,"{'regular': 'https://fonts.gstatic.com/s/archivonarrow/v35/tss0ApVBdCYD5Q7hcxTE1ArZ0Ybyg31S2s8p.woff2', 'italic': 'https://fonts.gstatic.com/s/archivonarrow/v35/tss2ApVBdCYD5Q7hcxTE1ArZ0bb1iXxw398pJxk.woff2'}",sans-serif,webfonts#webfont,https://fonts.gstatic.com/s/archivonarrow/v35/tss5ApVBdCYD5Q7hcxTE1ArZ0Zz8oY2KRmwvKhhvLFG6pXms.woff2,"[{'tag': 'wght', 'start': 400, 'end': 700}]",,163,2025,recent_12m,True,True,4,{'wght'},1,False,False,False,3,False,False,False
Exo,"['regular', 'italic']","['latin', 'latin-ext', 'vietnamese']",v25,2025-09-10,"{'regular': 'https://fonts.gstatic.com/s/exo/v25/4UaOrEtFpBIicXSi-DP-5g.woff2', 'italic': 'https://fonts.gstatic.com/s/exo/v25/4UaMrEtFpBISdn6j2jbu5rXI.woff2'}",sans-serif,webfonts#webfont,https://fonts.gstatic.com/s/exo/v25/4UaZrEtFpBI4f1ZSIK9d4LjJ4lM3OwJmOw.woff2,"[{'tag': 'wght', 'start': 100, 'end': 900}]",,164,2025,recent_12m,True,True,9,{'wght'},1,False,False,False,3,False,False,False
Geologica,['regular'],"['cyrillic', 'cyrillic-ext', 'greek', 'latin', 'latin-ext', 'vietnamese']",v5,2025-09-10,{'regular': 'https://fonts.gstatic.com/s/geologica/v5/oY1c8evIr7j9P3TN9YwXD_5xY4QBLw.woff2'},sans-serif,webfonts#webfont,https://fonts.gstatic.com/s/geologica/v5/oY1o8evIr7j9P3TN9YwNAdyjzUyDKkKdAGOJh1UlCDUIhAIdhCZOn1fLsig7jfvCCPHZckU8H3G11_z-_OZqDx_rc-ISAA.woff2,"[{'tag': 'CRSV', 'start': 0, 'end': 1}, {'tag': 'SHRP', 'start': 0, 'end': 100}, {'tag': 'slnt', 'start': -12, 'end': 0}, {'tag': 'wght', 'start': 100, 'end': 900}]",,165,2025,recent_12m,False,True,9,"{'wght', 'CRSV', 'slnt', 'SHRP'}",4,False,True,False,6,False,False,False
Satisfy,['regular'],['latin'],v22,2025-06-02,{'regular': 'https://fonts.gstatic.com/s/satisfy/v22/rP2Hp2yn6lkG50LoOZGCHBeHFl0.woff2'},handwriting,webfonts#webfont,https://fonts.gstatic.com/s/satisfy/v22/rP2Hp2yn6lkG50LoCZWIHQ.woff2,,,166,2025,older,False,False,1,set(),0,False,False,False,1,False,False,False
Nanum Myeongjo,"['regular', '700', '800']","['korean', 'latin']",v31,2025-09-10,"{'regular': 'https://fonts.gstatic.com/s/nanummyeongjo/v31/9Btx3DZF0dXLMZlywRbVRNhxy1LueHQ8juyl.woff2', '700': 'https://fonts.gstatic.com/s/nanummyeongjo/v31/9Bty3DZF0dXLMZlywRbVRNhxy2pXV1AxpfCs5Kos.woff2', '800': 'https://fonts.gstatic.com/s/nanummyeongjo/v31/9Bty3DZF0dXLMZlywRbVRNhxy2pLVFAxpfCs5Kos.woff2'}",serif,webfonts#webfont,https://fonts.gstatic.com/s/nanummyeongjo/v31/9Btx3DZF0dXLMZlywRbVRNhxy2LqcnU.woff2,,,167,2025,recent_12m,False,False,3,set(),0,False,False,False,2,True,False,False
Cormorant,"['regular', 'italic']","['cyrillic', 'cyrillic-ext', 'latin', 'latin-ext', 'vietnamese']",v24,2025-09-05,"{'regular': 'https://fonts.gstatic.com/s/cormorant/v24/H4clBXOCl9bbnla_nHIa7ZG8iqeuag.woff2', 'italic': 'https://fonts.gstatic.com/s/cormorant/v24/H4cjBXOCl9bbnla_nHIq6pu9qKK-aihq.woff2'}",serif,webfonts#webfont,https://fonts.gstatic.com/s/cormorant/v24/H4c2BXOCl9bbnla_nHIA47NMUjsNbCVrFhFTc7Vq7Q.woff2,"[{'tag': 'wght', 'start': 300, 'end': 700}]",,168,2025,recent_12m,True,True,5,{'wght'},1,False,False,False,5,False,False,False
Great Vibes,['regular'],"['cyrillic', 'cyrillic-ext', 'greek-ext', 'latin', 'latin-ext', 'vietnamese']",v21,2025-09-05,{'regular': 'https://fonts.gstatic.com/s/greatvibes/v21/RWmMoKWR9v4ksMfaWd_JN-XHg6UKDXlq.woff2'},handwriting,webfonts#webfont,https://fonts.gstatic.com/s/greatvibes/v21/RWmMoKWR9v4ksMfaWd_JN9XDiaQ.woff2,,,169,2025,recent_12m,False,False,1,set(),0,False,False,False,6,False,False,False
Rethink Sans,"['regular', 'italic']","['latin', 'latin-ext']",v7,2025-09-05,"{'regular': 'https://fonts.gstatic.com/s/rethinksans/v7/AMOWz4SDuXOMCPfdoglY9JQ0VlK2w9lb4g.woff2', 'italic': 'https://fonts.gstatic.com/s/rethinksans/v7/AMOIz4SDuXOMCPfdoglY9JQEUVi34dxL4jSr.woff2'}",sans-serif,webfonts#webfont,https://fonts.gstatic.com/s/rethinksans/v7/AMODz4SDuXOMCPfdoglY9JQuWHBGG0X45DmqkmFROE_smA.woff2,"[{'tag': 'wght', 'start': 400, 'end': 800}]",,170,2025,recent_12m,True,True,5,{'wght'},1,False,False,False,2,False,False,False
Noto Kufi Arabic,['regular'],"['arabic', 'latin', 'latin-ext', 'math', 'symbols']",v27,2025-09-11,{'regular': 'https://fonts.gstatic.com/s/notokufiarabic/v27/CSRk4ydQnPyaDxEXLFF6LZVLKrodnOEPF2KpMzE.woff2'},sans-serif,webfonts#webfont,https://fonts.gstatic.com/s/notokufiarabic/v27/CSRp4ydQnPyaDxEXLFF6LZVLKrodhu8t57o1kDc5Wh5v37bOlrU.woff2,"[{'tag': 'wght', 'start': 100, 'end': 900}]",,171,2025,recent_12m,False,True,9,{'wght'},1,False,False,False,5,False,False,False
IBM Plex Sans Arabic,"['100', '200', '300', 'regular', '500', '600', '700']","['arabic', 'cyrillic-ext', 'latin', 'latin-ext']",v15,2026-03-03,"{'100': 'https://fonts.gstatic.com/s/ibmplexsansarabic/v15/Qw3MZRtWPQCuHme67tEYUIx3Kh0PHR9N6YNe3PW5eMlAMg0.woff2', '200': 'https://fonts.gstatic.com/s/ibmplexsansarabic/v15/Qw3NZRtWPQCuHme67tEYUIx3Kh0PHR9N6YPy_dCWVsVJKxTs.woff2', '300': 'https://fonts.gstatic.com/s/ibmplexsansarabic/v15/Qw3NZRtWPQCuHme67tEYUIx3Kh0PHR9N6YOW_tCWVsVJKxTs.woff2', 'regular': 'https://fonts.gstatic.com/s/ibmplexsansarabic/v15/Qw3CZRtWPQCuHme67tEYUIx3Kh0PHR9N6bs_1vSbfdlA.woff2', '500': 'https://fonts.gstatic.com/s/ibmplexsansarabic/v15/Qw3NZRtWPQCuHme67tEYUIx3Kh0PHR9N6YPO_9CWVsVJKxTs.woff2', '600': 'https://fonts.gstatic.com/s/ibmplexsansarabic/v15/Qw3NZRtWPQCuHme67tEYUIx3Kh0PHR9N6YPi-NCWVsVJKxTs.woff2', '700': 'https://fonts.gstatic.com/s/ibmplexsansarabic/v15/Qw3NZRtWPQCuHme67tEYUIx3Kh0PHR9N6YOG-dCWVsVJKxTs.woff2'}",sans-serif,webfonts#webfont,https://fonts.gstatic.com/s/ibmplexsansarabic/v15/Qw3CZRtWPQCuHme67tEYUIx3Kh0PHR9N6Ys73PU.woff2,,,172,2026,recent_12m,False,False,7,set(),0,False,False,False,4,False,False,False
Syne,['regular'],"['greek', 'latin', 'latin-ext']",v24,2025-09-16,{'regular': 'https://fonts.gstatic.com/s/syne/v24/8vIH7w4qzmVxq2JB9Uz_DEc.woff2'},sans-serif,webfonts#webfont,https://fonts.gstatic.com/s/syne/v24/8vIS7w4qzmVxsWxjBZRjr0FKM_04uQ6lTY8.woff2,"[{'tag': 'wght', 'start': 400, 'end': 800}]",,173,2025,recent_12m,False,True,5,{'wght'},1,False,False,False,3,False,False,False
League Spartan,['regular'],"['latin', 'latin-ext', 'vietnamese']",v15,2025-09-08,{'regular': 'https://fonts.gstatic.com/s/leaguespartan/v15/kJEqBuEW6A0lliaV_m88ja5TwsZyJ5i1DJZg.woff2'},sans-serif,webfonts#webfont,https://fonts.gstatic.com/s/leaguespartan/v15/kJEnBuEW6A0lliaV_m88ja5Twtx8BWhtkDVmjZvM_oTZBc1d.woff2,"[{'tag': 'wght', 'start': 100, 'end': 900}]",,174,2025,recent_12m,False,True,9,{'wght'},1,False,False,False,3,False,False,False
Indie Flower,['regular'],"['latin', 'latin-ext']",v24,2025-09-16,{'regular': 'https://fonts.gstatic.com/s/indieflower/v24/m8JVjfNVeKWVnh3QMuKkFcZla0GG1dKEDw.woff2'},handwriting,webfonts#webfont,https://fonts.gstatic.com/s/indieflower/v24/m8JVjfNVeKWVnh3QMuKkFcZVb0uH.woff2,,,175,2025,recent_12m,False,False,1,set(),0,False,False,False,2,False,False,False
Unbounded,['regular'],"['cyrillic', 'cyrillic-ext', 'latin', 'latin-ext', 'vietnamese']",v12,2025-09-11,{'regular': 'https://fonts.gstatic.com/s/unbounded/v12/Yq6W-LOTXCb04q32xlpAucxenxE0SA.woff2'},sans-serif,webfonts#webfont,https://fonts.gstatic.com/s/unbounded/v12/Yq6F-LOTXCb04q32xlpat-6uR42XTqtG6xjx44zNgQ.woff2,"[{'tag': 'wght', 'start': 200, 'end': 900}]",,176,2025,recent_12m,False,True,8,{'wght'},1,False,False,False,5,False,False,False
Spectral,"['200', '200italic', '300', '300italic', 'regular', 'italic', '500', '500italic', '600', '600italic', '700', '700italic', '800', '800italic']","['cyrillic', 'cyrillic-ext', 'latin', 'latin-ext', 'vietnamese']",v15,2025-09-11,"{'200': 'https://fonts.gstatic.com/s/spectral/v15/rnCs-xNNww_2s0amA9v2s13DY_etWWIJ.woff2', '200italic': 'https://fonts.gstatic.com/s/spectral/v15/rnCu-xNNww_2s0amA9M8qrXHafaPXHIJErY.woff2', '300': 'https://fonts.gstatic.com/s/spectral/v15/rnCs-xNNww_2s0amA9uSsF3DY_etWWIJ.woff2', '300italic': 'https://fonts.gstatic.com/s/spectral/v15/rnCu-xNNww_2s0amA9M8qtHEafaPXHIJErY.woff2', 'regular': 'https://fonts.gstatic.com/s/spectral/v15/rnCr-xNNww_2s0amA-M7mHnOSOuk.woff2', 'italic': 'https://fonts.gstatic.com/s/spectral/v15/rnCt-xNNww_2s0amA9M8knjsTfukQHs.woff2', '500': 'https://fonts.gstatic.com/s/spectral/v15/rnCs-xNNww_2s0amA9vKsV3DY_etWWIJ.woff2', '500italic': 'https://fonts.gstatic.com/s/spectral/v15/rnCu-xNNww_2s0amA9M8qonFafaPXHIJErY.woff2', '600': 'https://fonts.gstatic.com/s/spectral/v15/rnCs-xNNww_2s0amA9vmtl3DY_etWWIJ.woff2', '600italic': 'https://fonts.gstatic.com/s/spectral/v15/rnCu-xNNww_2s0amA9M8qqXCafaPXHIJErY.woff2', '700': 'https://fonts.gstatic.com/s/spectral/v15/rnCs-xNNww_2s0amA9uCt13DY_etWWIJ.woff2', '700italic': 'https://fonts.gstatic.com/s/spectral/v15/rnCu-xNNww_2s0amA9M8qsHDafaPXHIJErY.woff2', '800': 'https://fonts.gstatic.com/s/spectral/v15/rnCs-xNNww_2s0amA9uetF3DY_etWWIJ.woff2', '800italic': 'https://fonts.gstatic.com/s/spectral/v15/rnCu-xNNww_2s0amA9M8qt3AafaPXHIJErY.woff2'}",serif,webfonts#webfont,https://fonts.gstatic.com/s/spectral/v15/rnCr-xNNww_2s0amA9M_kng.woff2,,,177,2025,recent_12m,True,False,7,set(),0,False,False,False,5,False,False,False
Noto Naskh Arabic,['regular'],"['arabic', 'latin', 'latin-ext', 'math', 'symbols']",v44,2026-01-28,{'regular': 'https://fonts.gstatic.com/s/notonaskharabic/v44/RrQKbpV-9Dd1b1OAGA6M9PkyDuVBeO2EF1yELmgy.woff2'},serif,webfonts#webfont,https://fonts.gstatic.com/s/notonaskharabic/v44/RrQ5bpV-9Dd1b1OAGA6M9PkyDuVBePeKNaxcsss0Y7bwvc5Uracy.woff2,"[{'tag': 'wght', 'start': 400, 'end': 700}]",,178,2026,recent_12m,False,True,4,{'wght'},1,False,False,False,5,False,False,False
Frank Ruhl Libre,['regular'],"['hebrew', 'latin', 'latin-ext']",v23,2025-09-10,{'regular': 'https://fonts.gstatic.com/s/frankruhllibre/v23/j8_w6_fAw7jrcalD7oKYNX0QfAnPa7Lv4JjnmY4.woff2'},serif,webfonts#webfont,https://fonts.gstatic.com/s/frankruhllibre/v23/j8_96_fAw7jrcalD7oKYNX0QfAnPcbzNEEB7OoicBw7FYWqRNRU.woff2,"[{'tag': 'wght', 'start': 300, 'end': 900}]",,179,2025,recent_12m,False,True,7,{'wght'},1,False,False,False,3,False,False,False
Crimson Pro,"['regular', 'italic']","['latin', 'latin-ext', 'vietnamese']",v28,2025-09-11,"{'regular': 'https://fonts.gstatic.com/s/crimsonpro/v28/q5uDsoa5M_tv7IihmnkabDRZq4BYCdKi.woff2', 'italic': 'https://fonts.gstatic.com/s/crimsonpro/v28/q5uBsoa5M_tv7IihmnkabAReoYF6DMKivlQ.woff2'}",serif,webfonts#webfont,https://fonts.gstatic.com/s/crimsonpro/v28/q5uUsoa5M_tv7IihmnkabC5XiXCAlXGks1WZzm1MOZs-.woff2,"[{'tag': 'wght', 'start': 200, 'end': 900}]",,180,2025,recent_12m,True,True,8,{'wght'},1,False,False,False,3,False,False,False
Permanent Marker,['regular'],['latin'],v16,2025-05-30,{'regular': 'https://fonts.gstatic.com/s/permanentmarker/v16/Fh4uPib9Iyv2ucM6pGQMWimMp004Ha-IfrT5nlk.woff2'},handwriting,webfonts#webfont,https://fonts.gstatic.com/s/permanentmarker/v16/Fh4uPib9Iyv2ucM6pGQMWimMp004LauCfw.woff2,,,181,2025,older,False,False,1,set(),0,False,False,False,1,False,False,False
Noto Serif KR,['regular'],"['cyrillic', 'korean', 'latin', 'latin-ext', 'vietnamese']",v31,2026-01-07,{'regular': 'https://fonts.gstatic.com/s/notoserifkr/v31/3Jn7SDn90Gmq2mr3blnHaTZXduVp1ONyKHQ.woff2'},serif,webfonts#webfont,https://fonts.gstatic.com/s/notoserifkr/v31/3JnoSDn90Gmq2mr3blnHaTZXbOtLJDvui3JOncjmeP5365o.woff2,"[{'tag': 'wght', 'start': 200, 'end': 900}]",,182,2026,recent_12m,False,True,8,{'wght'},1,False,False,False,5,True,False,False
Roboto Serif,"['regular', 'italic']","['cyrillic', 'cyrillic-ext', 'latin', 'latin-ext', 'vietnamese']",v17,2026-04-14,"{'regular': 'https://fonts.gstatic.com/s/robotoserif/v17/R70djywflP6FLr3gZx7K8Uy0Uhn9R5ShnA.woff2', 'italic': 'https://fonts.gstatic.com/s/robotoserif/v17/R70DjywflP6FLr3gZx7K8UyEVRP8ZZGxnH2a.woff2'}",serif,webfonts#webfont,https://fonts.gstatic.com/s/robotoserif/v17/R71RjywflP6FLr3gZx7K8UyuXDs9zVwDmXCb8lxYgmuii32UGoVldX6UgfjL4-3sMM_kB_qXSEXTJQCFLH5-_bcEliotl6Z8AA.woff2,"[{'tag': 'GRAD', 'start': -50, 'end': 100}, {'tag': 'opsz', 'start': 8, 'end': 144}, {'tag': 'wdth', 'start': 50, 'end': 150}, {'tag': 'wght', 'start': 100, 'end': 900}]",,183,2026,recent_12m,True,True,9,"{'opsz', 'wdth', 'wght', 'GRAD'}",4,True,False,True,5,False,False,False
Saira Condensed,"['100', '200', '300', 'regular', '500', '600', '700', '800', '900']","['latin', 'latin-ext', 'vietnamese']",v12,2025-09-11,"{'100': 'https://fonts.gstatic.com/s/sairacondensed/v12/EJRMQgErUN8XuHNEtX81i9TmEkrnwetF2omSrzS8.woff2', '200': 'https://fonts.gstatic.com/s/sairacondensed/v12/EJRLQgErUN8XuHNEtX81i9TmEkrnbcpg9aeepi2lHw.woff2', '300': 'https://fonts.gstatic.com/s/sairacondensed/v12/EJRLQgErUN8XuHNEtX81i9TmEkrnCclg9aeepi2lHw.woff2', 'regular': 'https://fonts.gstatic.com/s/sairacondensed/v12/EJROQgErUN8XuHNEtX81i9TmEkrfoOFE-IyCrw.woff2', '500': 'https://fonts.gstatic.com/s/sairacondensed/v12/EJRLQgErUN8XuHNEtX81i9TmEkrnUchg9aeepi2lHw.woff2', '600': 'https://fonts.gstatic.com/s/sairacondensed/v12/EJRLQgErUN8XuHNEtX81i9TmEkrnfc9g9aeepi2lHw.woff2', '700': 'https://fonts.gstatic.com/s/sairacondensed/v12/EJRLQgErUN8XuHNEtX81i9TmEkrnGc5g9aeepi2lHw.woff2', '800': 'https://fonts.gstatic.com/s/sairacondensed/v12/EJRLQgErUN8XuHNEtX81i9TmEkrnBc1g9aeepi2lHw.woff2', '900': 'https://fonts.gstatic.com/s/sairacondensed/v12/EJRLQgErUN8XuHNEtX81i9TmEkrnIcxg9aeepi2lHw.woff2'}",sans-serif,webfonts#webfont,https://fonts.gstatic.com/s/sairacondensed/v12/EJROQgErUN8XuHNEtX81i9TmEkrvpOtF.woff2,,,184,2025,recent_12m,False,False,9,set(),0,False,False,False,3,False,False,False
Sofia Sans,"['regular', 'italic']","['cyrillic', 'cyrillic-ext', 'greek', 'latin', 'latin-ext']",v20,2025-09-05,"{'regular': 'https://fonts.gstatic.com/s/sofiasans/v20/Yq6R-LCVXSLy9uPBwlATnONwkxgtUb8.woff2', 'italic': 'https://fonts.gstatic.com/s/sofiasans/v20/Yq6T-LCVXSLy9uPBwlATrOR6kjooQb9e6g.woff2'}",sans-serif,webfonts#webfont,https://fonts.gstatic.com/s/sofiasans/v20/Yq6E-LCVXSLy9uPBwlAThu1SY8Cx8rlT69B6sJ3spPM.woff2,"[{'tag': 'wght', 'start': 1, 'end': 1000}]",,185,2025,recent_12m,True,True,10,{'wght'},1,False,False,False,5,False,False,False
Zen Maru Gothic,"['300', 'regular', '500', '700', '900']","['cyrillic', 'greek', 'japanese', 'latin', 'latin-ext']",v19,2025-06-25,"{'300': 'https://fonts.gstatic.com/s/zenmarugothic/v19/o-0XIpIxzW5b-RxT-6A8jWAtCp-cQWpCOZqa_ajlvw.woff2', 'regular': 'https://fonts.gstatic.com/s/zenmarugothic/v19/o-0SIpIxzW5b-RxT-6A8jWAtCp-k6EJmNLGG9A.woff2', '500': 'https://fonts.gstatic.com/s/zenmarugothic/v19/o-0XIpIxzW5b-RxT-6A8jWAtCp-cGWtCOZqa_ajlvw.woff2', '700': 'https://fonts.gstatic.com/s/zenmarugothic/v19/o-0XIpIxzW5b-RxT-6A8jWAtCp-cUW1COZqa_ajlvw.woff2', '900': 'https://fonts.gstatic.com/s/zenmarugothic/v19/o-0XIpIxzW5b-RxT-6A8jWAtCp-caW9COZqa_ajlvw.woff2'}",sans-serif,webfonts#webfont,https://fonts.gstatic.com/s/zenmarugothic/v19/o-0SIpIxzW5b-RxT-6A8jWAtCp-U7Ehn.woff2,,,186,2025,older,False,False,5,set(),0,False,False,False,5,False,False,False
Amiri,"['regular', 'italic', '700', '700italic']","['arabic', 'latin', 'latin-ext']",v30,2025-08-26,"{'regular': 'https://fonts.gstatic.com/s/amiri/v30/J7aRnpd8CGxBHqUsvrIw74NL.woff2', 'italic': 'https://fonts.gstatic.com/s/amiri/v30/J7afnpd8CGxBHpUrtLMS6pNLAjk.woff2', '700': 'https://fonts.gstatic.com/s/amiri/v30/J7acnpd8CGxBHp2VkZY9xJ9CGyAa.woff2', '700italic': 'https://fonts.gstatic.com/s/amiri/v30/J7aanpd8CGxBHpUrjAo9zp5gHjAavCA.woff2'}",serif,webfonts#webfont,https://fonts.gstatic.com/s/amiri/v30/J7aRnpd8CGxBHpUotLM.woff2,,,187,2025,recent_12m,True,False,2,set(),0,False,False,False,3,False,False,False
Encode Sans,['regular'],"['latin', 'latin-ext', 'vietnamese']",v23,2025-09-05,{'regular': 'https://fonts.gstatic.com/s/encodesans/v23/LDI2apOFNxEwR-Bd1O9uYMOpc-bGkqIw.woff2'},sans-serif,webfonts#webfont,https://fonts.gstatic.com/s/encodesans/v23/LDIcapOFNxEwR-Bd1O9uYNmnUQomAgE25imKSbHhROjLsZBWTSrQGGHjVtSF7Q.woff2,"[{'tag': 'wdth', 'start': 75, 'end': 125}, {'tag': 'wght', 'start': 100, 'end': 900}]",,188,2025,recent_12m,False,True,9,"{'wdth', 'wght'}",2,True,False,False,3,False,False,False
Noto Serif TC,['regular'],"['chinese-traditional', 'cyrillic', 'latin', 'latin-ext', 'vietnamese']",v36,2026-03-11,{'regular': 'https://fonts.gstatic.com/s/notoseriftc/v36/XLYgIZb5bJNDGYxLBibeHZ0BhnIESXFtUsM.woff2'},serif,webfonts#webfont,https://fonts.gstatic.com/s/notoseriftc/v36/XLYzIZb5bJNDGYxLBibeHZ0BnHwmuanx8cUaGX9aMNpCM2c.woff2,"[{'tag': 'wght', 'start': 200, 'end': 900}]",,189,2026,recent_12m,False,True,8,{'wght'},1,False,False,False,5,False,False,False
Kalam,"['300', 'regular', '700']","['devanagari', 'latin', 'latin-ext']",v18,2025-09-11,"{'300': 'https://fonts.gstatic.com/s/kalam/v18/YA9Qr0Wd4kDdMtD6GgLOmCUItqGt.woff2', 'regular': 'https://fonts.gstatic.com/s/kalam/v18/YA9dr0Wd4kDdMuhTMibDszkB.woff2', '700': 'https://fonts.gstatic.com/s/kalam/v18/YA9Qr0Wd4kDdMtDqHQLOmCUItqGt.woff2'}",handwriting,webfonts#webfont,https://fonts.gstatic.com/s/kalam/v18/YA9dr0Wd4kDdMthXOCc.woff2,,,190,2025,recent_12m,False,False,3,set(),0,False,False,False,3,False,False,False
Vollkorn,"['regular', 'italic']","['cyrillic', 'cyrillic-ext', 'greek', 'latin', 'latin-ext', 'vietnamese']",v30,2025-09-11,"{'regular': 'https://fonts.gstatic.com/s/vollkorn/v30/0yb9GDoxxrvAnPhYGykrYkw2rQg1.woff2', 'italic': 'https://fonts.gstatic.com/s/vollkorn/v30/0yb7GDoxxrvAnPhYGxksaE0UqBg15TY.woff2'}",serif,webfonts#webfont,https://fonts.gstatic.com/s/vollkorn/v30/0ybgGDoxxrvAnPhYGzMlQLzuMasz6Df2MHGeGGmc.woff2,"[{'tag': 'wght', 'start': 400, 'end': 900}]",,191,2025,recent_12m,True,True,6,{'wght'},1,False,False,False,6,False,False,False
Noto Sans Devanagari,['regular'],"['devanagari', 'latin', 'latin-ext']",v30,2025-09-05,{'regular': 'https://fonts.gstatic.com/s/notosansdevanagari/v30/TuGOUUFzXI5FBtUq5a8bjKYTZjtRU6Sgv2lUdRhtCC4d.woff2'},sans-serif,webfonts#webfont,https://fonts.gstatic.com/s/notosansdevanagari/v30/TuGoUUFzXI5FBtUq5a8bjKYTZjtRU6Sgv3NaV_SNmI0b8QQCQmHn6B2OHjbL_08AlXQl--E5oQ.woff2,"[{'tag': 'wdth', 'start': 62.5, 'end': 100}, {'tag': 'wght', 'start': 100, 'end': 900}]",,192,2025,recent_12m,False,True,9,"{'wdth', 'wght'}",2,True,False,False,3,False,False,False
Noto Serif SC,['regular'],"['chinese-simplified', 'cyrillic', 'latin', 'latin-ext', 'vietnamese']",v35,2026-01-07,{'regular': 'https://fonts.gstatic.com/s/notoserifsc/v35/H4chBXePl9DZ0Xe7gG9cyOj7oqOcbzhqDtg.woff2'},serif,webfonts#webfont,https://fonts.gstatic.com/s/notoserifsc/v35/H4cyBXePl9DZ0Xe7gG9cyOj7uK2-n-D2rd4FY7SCqxWu-Y8.woff2,"[{'tag': 'wght', 'start': 200, 'end': 900}]",,193,2026,recent_12m,False,True,8,{'wght'},1,False,False,False,5,False,False,False
Alegreya Sans,"['100', '100italic', '300', '300italic', 'regular', 'italic', '500', '500italic', '700', '700italic', '800', '800italic', '900', '900italic']","['cyrillic', 'cyrillic-ext', 'greek', 'greek-ext', 'latin', 'latin-ext', 'vietnamese']",v28,2026-06-30,"{'100': 'https://fonts.gstatic.com/s/alegreyasans/v28/5aUt9_-1phKLFgshYDvh6Vwt5TltvWdShm5bsg.woff2', '100italic': 'https://fonts.gstatic.com/s/alegreyasans/v28/5aUv9_-1phKLFgshYDvh6Vwt7V9V3G1TpGtLsgu7.woff2', '300': 'https://fonts.gstatic.com/s/alegreyasans/v28/5aUu9_-1phKLFgshYDvh6Vwt5fFPmEh8imdCqxI.woff2', '300italic': 'https://fonts.gstatic.com/s/alegreyasans/v28/5aUo9_-1phKLFgshYDvh6Vwt7V9VFE92i0VHuxKiBA.woff2', 'regular': 'https://fonts.gstatic.com/s/alegreyasans/v28/5aUz9_-1phKLFgshYDvh6Vwt3VhnvEVXlm4.woff2', 'italic': 'https://fonts.gstatic.com/s/alegreyasans/v28/5aUt9_-1phKLFgshYDvh6Vwt7V9tvWdShm5bsg.woff2', '500': 'https://fonts.gstatic.com/s/alegreyasans/v28/5aUu9_-1phKLFgshYDvh6Vwt5alOmEh8imdCqxI.woff2', '500italic': 'https://fonts.gstatic.com/s/alegreyasans/v28/5aUo9_-1phKLFgshYDvh6Vwt7V9VTE52i0VHuxKiBA.woff2', '700': 'https://fonts.gstatic.com/s/alegreyasans/v28/5aUu9_-1phKLFgshYDvh6Vwt5eFImEh8imdCqxI.woff2', '700italic': 'https://fonts.gstatic.com/s/alegreyasans/v28/5aUo9_-1phKLFgshYDvh6Vwt7V9VBEh2i0VHuxKiBA.woff2', '800': 'https://fonts.gstatic.com/s/alegreyasans/v28/5aUu9_-1phKLFgshYDvh6Vwt5f1LmEh8imdCqxI.woff2', '800italic': 'https://fonts.gstatic.com/s/alegreyasans/v28/5aUo9_-1phKLFgshYDvh6Vwt7V9VGEt2i0VHuxKiBA.woff2', '900': 'https://fonts.gstatic.com/s/alegreyasans/v28/5aUu9_-1phKLFgshYDvh6Vwt5dlKmEh8imdCqxI.woff2', '900italic': 'https://fonts.gstatic.com/s/alegreyasans/v28/5aUo9_-1phKLFgshYDvh6Vwt7V9VPEp2i0VHuxKiBA.woff2'}",sans-serif,webfonts#webfont,https://fonts.gstatic.com/s/alegreyasans/v28/5aUz9_-1phKLFgshYDvh6Vwt7VxtvQ.woff2,,,194,2026,recent_12m,True,False,7,set(),0,False,False,False,7,False,False,False
Catamaran,['regular'],"['latin', 'latin-ext', 'tamil']",v28,2025-09-10,{'regular': 'https://fonts.gstatic.com/s/catamaran/v28/o-0IIpQoyXQa2RxT7-5b5z5Ba_2c7A.woff2'},sans-serif,webfonts#webfont,https://fonts.gstatic.com/s/catamaran/v28/o-0bIpQoyXQa2RxT7-5B6Ryxs2E_6n1iPHjd5ajduw.woff2,"[{'tag': 'wght', 'start': 100, 'end': 900}]",,195,2025,recent_12m,False,True,9,{'wght'},1,False,False,False,3,False,False,False
Literata,"['regular', 'italic']","['cyrillic', 'cyrillic-ext', 'greek', 'greek-ext', 'latin', 'latin-ext', 'vietnamese']",v40,2025-09-11,"{'regular': 'https://fonts.gstatic.com/s/literata/v40/or3hQ6P12-iJxAIgLbTyLLQ1niPn.woff2', 'italic': 'https://fonts.gstatic.com/s/literata/v40/or3nQ6P12-iJxAIgLYT1JrUXmzPnnks.woff2'}",serif,webfonts#webfont,https://fonts.gstatic.com/s/literata/v40/or3PQ6P12-iJxAIgLa78DkrbXsDgk0oVDaDPYLanFLHpPf2TbBG_J_fWTA.woff2,"[{'tag': 'opsz', 'start': 7, 'end': 72}, {'tag': 'wght', 'start': 200, 'end': 900}]",,196,2025,recent_12m,True,True,8,"{'opsz', 'wght'}",2,False,False,True,7,False,False,False
Fira Sans Condensed,"['100', '100italic', '200', '200italic', '300', '300italic', 'regular', 'italic', '500', '500italic', '600', '600italic', '700', '700italic', '800', '800italic', '900', '900italic']","['cyrillic', 'cyrillic-ext', 'greek', 'greek-ext', 'latin', 'latin-ext', 'vietnamese']",v11,2025-09-11,"{'100': 'https://fonts.gstatic.com/s/firasanscondensed/v11/wEOjEADFm8hSaQTFG18FErVhsC9x-tarWZXtrelQfx9CjA.woff2', '100italic': 'https://fonts.gstatic.com/s/firasanscondensed/v11/wEOtEADFm8hSaQTFG18FErVhsC9x-tarUfPVzONRXRpSjJcu.woff2', '200': 'https://fonts.gstatic.com/s/firasanscondensed/v11/wEOsEADFm8hSaQTFG18FErVhsC9x-tarWTnMiMZ-cxZblY4.woff2', '200italic': 'https://fonts.gstatic.com/s/firasanscondensed/v11/wEOuEADFm8hSaQTFG18FErVhsC9x-tarUfPVYMJ0cjRehY43EA.woff2', '300': 'https://fonts.gstatic.com/s/firasanscondensed/v11/wEOsEADFm8hSaQTFG18FErVhsC9x-tarWV3PiMZ-cxZblY4.woff2', '300italic': 'https://fonts.gstatic.com/s/firasanscondensed/v11/wEOuEADFm8hSaQTFG18FErVhsC9x-tarUfPVBMF0cjRehY43EA.woff2', 'regular': 'https://fonts.gstatic.com/s/firasanscondensed/v11/wEOhEADFm8hSaQTFG18FErVhsC9x-tarYfTnrMtVbx8.woff2', 'italic': 'https://fonts.gstatic.com/s/firasanscondensed/v11/wEOjEADFm8hSaQTFG18FErVhsC9x-tarUfPtrelQfx9CjA.woff2', '500': 'https://fonts.gstatic.com/s/firasanscondensed/v11/wEOsEADFm8hSaQTFG18FErVhsC9x-tarWQXOiMZ-cxZblY4.woff2', '500italic': 'https://fonts.gstatic.com/s/firasanscondensed/v11/wEOuEADFm8hSaQTFG18FErVhsC9x-tarUfPVXMB0cjRehY43EA.woff2', '600': 'https://fonts.gstatic.com/s/firasanscondensed/v11/wEOsEADFm8hSaQTFG18FErVhsC9x-tarWSnJiMZ-cxZblY4.woff2', '600italic': 'https://fonts.gstatic.com/s/firasanscondensed/v11/wEOuEADFm8hSaQTFG18FErVhsC9x-tarUfPVcMd0cjRehY43EA.woff2', '700': 'https://fonts.gstatic.com/s/firasanscondensed/v11/wEOsEADFm8hSaQTFG18FErVhsC9x-tarWU3IiMZ-cxZblY4.woff2', '700italic': 'https://fonts.gstatic.com/s/firasanscondensed/v11/wEOuEADFm8hSaQTFG18FErVhsC9x-tarUfPVFMZ0cjRehY43EA.woff2', '800': 'https://fonts.gstatic.com/s/firasanscondensed/v11/wEOsEADFm8hSaQTFG18FErVhsC9x-tarWVHLiMZ-cxZblY4.woff2', '800italic': 'https://fonts.gstatic.com/s/firasanscondensed/v11/wEOuEADFm8hSaQTFG18FErVhsC9x-tarUfPVCMV0cjRehY43EA.woff2', '900': 'https://fonts.gstatic.com/s/firasanscondensed/v11/wEOsEADFm8hSaQTFG18FErVhsC9x-tarWXXKiMZ-cxZblY4.woff2', '900italic': 'https://fonts.gstatic.com/s/firasanscondensed/v11/wEOuEADFm8hSaQTFG18FErVhsC9x-tarUfPVLMR0cjRehY43EA.woff2'}",sans-serif,webfonts#webfont,https://fonts.gstatic.com/s/firasanscondensed/v11/wEOhEADFm8hSaQTFG18FErVhsC9x-tarUfDtrQ.woff2,,,197,2025,recent_12m,True,False,9,set(),0,False,False,False,7,False,False,False
Atkinson Hyperlegible,"['regular', 'italic', '700', '700italic']","['latin', 'latin-ext']",v12,2025-09-05,"{'regular': 'https://fonts.gstatic.com/s/atkinsonhyperlegible/v12/9Bt23C1KxNDXMspQ1lPyU89-1h6ONRlW45GE4JgpewSSbQ.woff2', 'italic': 'https://fonts.gstatic.com/s/atkinsonhyperlegible/v12/9Bt43C1KxNDXMspQ1lPyU89-1h6ONRlW45G055IoWQGCbUWn.woff2', '700': 'https://fonts.gstatic.com/s/atkinsonhyperlegible/v12/9Bt73C1KxNDXMspQ1lPyU89-1h6ONRlW45G8WbcNdi-OZFy-FA.woff2', '700italic': 'https://fonts.gstatic.com/s/atkinsonhyperlegible/v12/9Bt93C1KxNDXMspQ1lPyU89-1h6ONRlW45G056qRdiWPRlmuFH24.woff2'}",sans-serif,webfonts#webfont,https://fonts.gstatic.com/s/atkinsonhyperlegible/v12/9Bt23C1KxNDXMspQ1lPyU89-1h6ONRlW45G05JIo.woff2,,,198,2025,recent_12m,True,False,2,set(),0,False,False,False,2,False,False,False
Luckiest Guy,['regular'],"['latin', 'latin-ext']",v25,2025-09-08,{'regular': 'https://fonts.gstatic.com/s/luckiestguy/v25/_gP_1RrxsjcxVyin9l9n_j2RT9R3qDpraA.woff2'},display,webfonts#webfont,https://fonts.gstatic.com/s/luckiestguy/v25/_gP_1RrxsjcxVyin9l9n_j2hS952.woff2,,,199,2025,recent_12m,False,False,1,set(),0,False,False,False,2,False,False,False
News Cycle,"['regular', '700']","['cyrillic', 'cyrillic-ext', 'greek', 'greek-ext', 'latin', 'latin-ext', 'vietnamese']",v26,2025-09-16,"{'regular': 'https://fonts.gstatic.com/s/newscycle/v26/CSR64z1Qlv-GDxkbKVQ_TOIATNt_pOU.woff2', '700': 'https://fonts.gstatic.com/s/newscycle/v26/CSR54z1Qlv-GDxkbKVQ_dFsvaNZUuOwkC2s.woff2'}",sans-serif,webfonts#webfont,https://fonts.gstatic.com/s/newscycle/v26/CSR64z1Qlv-GDxkbKVQ_fOYKTQ.woff2,,,200,2025,recent_12m,False,False,2,set(),0,False,False,False,7,False,False,False
Press Start 2P,['regular'],"['cyrillic', 'cyrillic-ext', 'greek', 'latin', 'latin-ext']",v16,2025-09-16,{'regular': 'https://fonts.gstatic.com/s/pressstart2p/v16/e3t4euO8T-267oIAQAu6jDQyK0nXgPJE4580.woff2'},display,webfonts#webfont,https://fonts.gstatic.com/s/pressstart2p/v16/e3t4euO8T-267oIAQAu6jDQyK3nTivM.woff2,,,201,2025,recent_12m,False,False,1,set(),0,False,False,False,5,False,False,False
Zeyada,['regular'],"['latin', 'latin-ext']",v22,2025-09-16,{'regular': 'https://fonts.gstatic.com/s/zeyada/v22/11hAGpPTxVPUbgZDMWatWKaZ3g.woff2'},handwriting,webfonts#webfont,https://fonts.gstatic.com/s/zeyada/v22/11hAGpPTxVPUbgZzNWys.woff2,,,202,2025,recent_12m,False,False,1,set(),0,False,False,False,2,False,False,False
Fira Code,['regular'],"['cyrillic', 'cyrillic-ext', 'greek', 'greek-ext', 'latin', 'latin-ext', 'symbols2']",v27,2025-09-16,{'regular': 'https://fonts.gstatic.com/s/firacode/v27/uU9NCBsR6Z2vfE9aq3bR396CilKOdQ.woff2'},monospace,webfonts#webfont,https://fonts.gstatic.com/s/firacode/v27/uU9eCBsR6Z2vfE9aq3bL0fxyUs4tcw4W_D1sJVb7Ng.woff2,"[{'tag': 'wght', 'start': 300, 'end': 700}]",,203,2025,recent_12m,False,True,5,{'wght'},1,False,False,False,7,False,False,False
Tinos,"['regular', 'italic', '700', '700italic']","['cyrillic', 'cyrillic-ext', 'greek', 'greek-ext', 'hebrew', 'latin', 'latin-ext', 'vietnamese']",v26,2026-05-19,"{'regular': 'https://fonts.gstatic.com/s/tinos/v26/buE4poGnedXvwgX5dGVh8TI-.woff2', 'italic': 'https://fonts.gstatic.com/s/tinos/v26/buE2poGnedXvwjX-fmRD9CI-4NU.woff2', '700': 'https://fonts.gstatic.com/s/tinos/v26/buE1poGnedXvwj1AW0Fs2i43-cxL.woff2', '700italic': 'https://fonts.gstatic.com/s/tinos/v26/buEzpoGnedXvwjX-Rt1s0C8V_NxLeiw.woff2'}",serif,webfonts#webfont,https://fonts.gstatic.com/s/tinos/v26/buE4poGnedXvwjX9fmQ.woff2,,,204,2026,recent_12m,True,False,2,set(),0,False,False,False,8,False,False,False
Sarabun,"['100', '100italic', '200', '200italic', '300', '300italic', 'regular', 'italic', '500', '500italic', '600', '600italic', '700', '700italic', '800', '800italic']","['latin', 'latin-ext', 'thai', 'vietnamese']",v17,2025-09-11,"{'100': 'https://fonts.gstatic.com/s/sarabun/v17/DtVhJx26TKEr37c9YHZJn3YI5gnOpg.woff2', '100italic': 'https://fonts.gstatic.com/s/sarabun/v17/DtVnJx26TKEr37c9aBBx_nwJxAzephhN.woff2', '200': 'https://fonts.gstatic.com/s/sarabun/v17/DtVmJx26TKEr37c9YNpoulkm6gDXvwE.woff2', '200italic': 'https://fonts.gstatic.com/s/sarabun/v17/DtVkJx26TKEr37c9aBBxUl0s6yLSrwFUlw.woff2', '300': 'https://fonts.gstatic.com/s/sarabun/v17/DtVmJx26TKEr37c9YL5rulkm6gDXvwE.woff2', '300italic': 'https://fonts.gstatic.com/s/sarabun/v17/DtVkJx26TKEr37c9aBBxNl4s6yLSrwFUlw.woff2', 'regular': 'https://fonts.gstatic.com/s/sarabun/v17/DtVjJx26TKEr37c9WBdDnlQN9gk.woff2', 'italic': 'https://fonts.gstatic.com/s/sarabun/v17/DtVhJx26TKEr37c9aBBJn3YI5gnOpg.woff2', '500': 'https://fonts.gstatic.com/s/sarabun/v17/DtVmJx26TKEr37c9YOZqulkm6gDXvwE.woff2', '500italic': 'https://fonts.gstatic.com/s/sarabun/v17/DtVkJx26TKEr37c9aBBxbl8s6yLSrwFUlw.woff2', '600': 'https://fonts.gstatic.com/s/sarabun/v17/DtVmJx26TKEr37c9YMptulkm6gDXvwE.woff2', '600italic': 'https://fonts.gstatic.com/s/sarabun/v17/DtVkJx26TKEr37c9aBBxQlgs6yLSrwFUlw.woff2', '700': 'https://fonts.gstatic.com/s/sarabun/v17/DtVmJx26TKEr37c9YK5sulkm6gDXvwE.woff2', '700italic': 'https://fonts.gstatic.com/s/sarabun/v17/DtVkJx26TKEr37c9aBBxJlks6yLSrwFUlw.woff2', '800': 'https://fonts.gstatic.com/s/sarabun/v17/DtVmJx26TKEr37c9YLJvulkm6gDXvwE.woff2', '800italic': 'https://fonts.gstatic.com/s/sarabun/v17/DtVkJx26TKEr37c9aBBxOlos6yLSrwFUlw.woff2'}",sans-serif,webfonts#webfont,https://fonts.gstatic.com/s/sarabun/v17/DtVjJx26TKEr37c9aBNJnw.woff2,,,205,2025,recent_12m,True,False,8,set(),0,False,False,False,4,False,False,False
Viga,['regular'],"['latin', 'latin-ext']",v15,2025-09-16,{'regular': 'https://fonts.gstatic.com/s/viga/v15/xMQbuFFdSaiX_QcjD4e2OX8.woff2'},sans-serif,webfonts#webfont,https://fonts.gstatic.com/s/viga/v15/xMQbuFFdSaiXzQMpDg.woff2,,,206,2025,recent_12m,False,False,1,set(),0,False,False,False,2,False,False,False
Signika,['regular'],"['latin', 'latin-ext', 'vietnamese']",v29,2025-09-10,{'regular': 'https://fonts.gstatic.com/s/signika/v29/vEFR2_JTCgwQ5ejvK1MsB3hod0k.woff2'},sans-serif,webfonts#webfont,https://fonts.gstatic.com/s/signika/v29/vEF72_JTCgwQ5ejvMV0Ox_Kg1UwJ0tKfX4zNpD8E4ASzH1r9gTuozDkm.woff2,"[{'tag': 'GRAD', 'start': -30, 'end': 0}, {'tag': 'wght', 'start': 300, 'end': 700}]",,207,2025,recent_12m,False,True,5,"{'wght', 'GRAD'}",2,False,False,False,3,False,False,False
Baloo 2,['regular'],"['devanagari', 'latin', 'latin-ext', 'vietnamese']",v23,2025-09-16,{'regular': 'https://fonts.gstatic.com/s/baloo2/v23/wXKrE3kTposypRyd11rWAewrhXY.woff2'},display,webfonts#webfont,https://fonts.gstatic.com/s/baloo2/v23/wXK0E3kTposypRydzVT08TS3JnAmtdgazZpu_lc.woff2,"[{'tag': 'wght', 'start': 400, 'end': 800}]",,208,2025,recent_12m,False,True,5,{'wght'},1,False,False,False,4,False,False,False
Montserrat Alternates,"['100', '100italic', '200', '200italic', '300', '300italic', 'regular', 'italic', '500', '500italic', '600', '600italic', '700', '700italic', '800', '800italic', '900', '900italic']","['cyrillic', 'cyrillic-ext', 'latin', 'latin-ext', 'vietnamese']",v18,2025-09-05,"{'100': 'https://fonts.gstatic.com/s/montserratalternates/v18/mFThWacfw6zH4dthXcyms1lPpC8I_b0juU0xiKfQKphL03l4.woff2', '100italic': 'https://fonts.gstatic.com/s/montserratalternates/v18/mFTjWacfw6zH4dthXcyms1lPpC8I_b0juU057p-xIJlp1ml4imo.woff2', '200': 'https://fonts.gstatic.com/s/montserratalternates/v18/mFTiWacfw6zH4dthXcyms1lPpC8I_b0juU0xJIb1BbZH2mBhkw.woff2', '200italic': 'https://fonts.gstatic.com/s/montserratalternates/v18/mFTkWacfw6zH4dthXcyms1lPpC8I_b0juU057p8dAbxG-GVxk3Nd.woff2', '300': 'https://fonts.gstatic.com/s/montserratalternates/v18/mFTiWacfw6zH4dthXcyms1lPpC8I_b0juU0xQIX1BbZH2mBhkw.woff2', '300italic': 'https://fonts.gstatic.com/s/montserratalternates/v18/mFTkWacfw6zH4dthXcyms1lPpC8I_b0juU057p95ArxG-GVxk3Nd.woff2', 'regular': 'https://fonts.gstatic.com/s/montserratalternates/v18/mFTvWacfw6zH4dthXcyms1lPpC8I_b0juU0J6a3RCJ1b0w.woff2', 'italic': 'https://fonts.gstatic.com/s/montserratalternates/v18/mFThWacfw6zH4dthXcyms1lPpC8I_b0juU057qfQKphL03l4.woff2', '500': 'https://fonts.gstatic.com/s/montserratalternates/v18/mFTiWacfw6zH4dthXcyms1lPpC8I_b0juU0xGIT1BbZH2mBhkw.woff2', '500italic': 'https://fonts.gstatic.com/s/montserratalternates/v18/mFTkWacfw6zH4dthXcyms1lPpC8I_b0juU057p8hA7xG-GVxk3Nd.woff2', '600': 'https://fonts.gstatic.com/s/montserratalternates/v18/mFTiWacfw6zH4dthXcyms1lPpC8I_b0juU0xNIP1BbZH2mBhkw.woff2', '600italic': 'https://fonts.gstatic.com/s/montserratalternates/v18/mFTkWacfw6zH4dthXcyms1lPpC8I_b0juU057p8NBLxG-GVxk3Nd.woff2', '700': 'https://fonts.gstatic.com/s/montserratalternates/v18/mFTiWacfw6zH4dthXcyms1lPpC8I_b0juU0xUIL1BbZH2mBhkw.woff2', '700italic': 'https://fonts.gstatic.com/s/montserratalternates/v18/mFTkWacfw6zH4dthXcyms1lPpC8I_b0juU057p9pBbxG-GVxk3Nd.woff2', '800': 'https://fonts.gstatic.com/s/montserratalternates/v18/mFTiWacfw6zH4dthXcyms1lPpC8I_b0juU0xTIH1BbZH2mBhkw.woff2', '800italic': 'https://fonts.gstatic.com/s/montserratalternates/v18/mFTkWacfw6zH4dthXcyms1lPpC8I_b0juU057p91BrxG-GVxk3Nd.woff2', '900': 'https://fonts.gstatic.com/s/montserratalternates/v18/mFTiWacfw6zH4dthXcyms1lPpC8I_b0juU0xaID1BbZH2mBhkw.woff2', '900italic': 'https://fonts.gstatic.com/s/montserratalternates/v18/mFTkWacfw6zH4dthXcyms1lPpC8I_b0juU057p9RB7xG-GVxk3Nd.woff2'}",sans-serif,webfonts#webfont,https://fonts.gstatic.com/s/montserratalternates/v18/mFTvWacfw6zH4dthXcyms1lPpC8I_b0juU057afQ.woff2,,,209,2025,recent_12m,True,False,9,set(),0,False,False,False,5,False,False,False
Rowdies,"['300', 'regular', '700']","['latin', 'latin-ext', 'vietnamese']",v19,2025-09-05,"{'300': 'https://fonts.gstatic.com/s/rowdies/v19/ptRMTieMYPNBAK219hth5OvyKQNute8.woff2', 'regular': 'https://fonts.gstatic.com/s/rowdies/v19/ptRJTieMYPNBAK21zrJJwObZNQo.woff2', '700': 'https://fonts.gstatic.com/s/rowdies/v19/ptRMTieMYPNBAK219gtm5OvyKQNute8.woff2'}",display,webfonts#webfont,https://fonts.gstatic.com/s/rowdies/v19/ptRJTieMYPNBAK21_rZDwQ.woff2,,,210,2025,recent_12m,False,False,3,set(),0,False,False,False,3,False,False,False
Yanone Kaffeesatz,['regular'],"['cyrillic', 'cyrillic-ext', 'latin', 'latin-ext', 'math', 'symbols', 'vietnamese']",v34,2026-06-30,{'regular': 'https://fonts.gstatic.com/s/yanonekaffeesatz/v34/3y976aknfjLm_3lMKjiMgmUUYBs04b8ZFeulHc6N.woff2'},sans-serif,webfonts#webfont,https://fonts.gstatic.com/s/yanonekaffeesatz/v34/3y9I6aknfjLm_3lMKjiMgmUUYBs04aUXNxt9gW2LIfto9tWZcWGK.woff2,"[{'tag': 'wght', 'start': 200, 'end': 700}]",,211,2026,recent_12m,False,True,6,{'wght'},1,False,False,False,7,False,False,False
Righteous,['regular'],"['latin', 'latin-ext']",v18,2025-06-02,{'regular': 'https://fonts.gstatic.com/s/righteous/v18/1cXxaUPXBpj2rGoU7C9minuEicG01A.woff2'},display,webfonts#webfont,https://fonts.gstatic.com/s/righteous/v18/1cXxaUPXBpj2rGoU7C9WjnGF.woff2,,,212,2025,older,False,False,1,set(),0,False,False,False,2,False,False,False
Red Hat Text,"['regular', 'italic']","['latin', 'latin-ext']",v19,2025-09-05,"{'regular': 'https://fonts.gstatic.com/s/redhattext/v19/RrQXbohi_ic6B3yVSzGBrMxgaq0sE8yZPA.woff2', 'italic': 'https://fonts.gstatic.com/s/redhattext/v19/RrQJbohi_ic6B3yVSzGBrMxQbactMcmJPECN.woff2'}",sans-serif,webfonts#webfont,https://fonts.gstatic.com/s/redhattext/v19/RrQCbohi_ic6B3yVSzGBrMx6ZI_cy1A6Ok2ML7hwZrfQcA.woff2,"[{'tag': 'wght', 'start': 300, 'end': 700}]",,213,2025,recent_12m,True,True,5,{'wght'},1,False,False,False,2,False,False,False
Bree Serif,['regular'],"['latin', 'latin-ext']",v18,2025-09-05,{'regular': 'https://fonts.gstatic.com/s/breeserif/v18/4UaHrEJCrhhnVA3DgluAx6jj5pN1MwI.woff2'},serif,webfonts#webfont,https://fonts.gstatic.com/s/breeserif/v18/4UaHrEJCrhhnVA3DgluA96zp5w.woff2,,,214,2025,recent_12m,False,False,1,set(),0,False,False,False,2,False,False,False
Antic Slab,['regular'],['latin'],v17,2025-09-10,{'regular': 'https://fonts.gstatic.com/s/anticslab/v17/bWt97fPFfRzkCa9Jlp6IWcdWXW5p5Qo.woff2'},serif,webfonts#webfont,https://fonts.gstatic.com/s/anticslab/v17/bWt97fPFfRzkCa9Jlp6IacNcXA.woff2,,,215,2025,recent_12m,False,False,1,set(),0,False,False,False,1,False,False,False
Aleo,"['regular', 'italic']","['latin', 'latin-ext', 'vietnamese']",v16,2025-09-16,"{'regular': 'https://fonts.gstatic.com/s/aleo/v16/c4mv1nF8G8_s8A_D0D1ogoY.woff2', 'italic': 'https://fonts.gstatic.com/s/aleo/v16/c4mh1nF8G8_swAjJ0R9tkoZl_Q.woff2'}",serif,webfonts#webfont,https://fonts.gstatic.com/s/aleo/v16/c4m61nF8G8_s6gHhIOX0IYBo_KJ3GlP8Fo8.woff2,"[{'tag': 'wght', 'start': 100, 'end': 900}]",,216,2025,recent_12m,True,True,9,{'wght'},1,False,False,False,3,False,False,False
Russo One,['regular'],"['cyrillic', 'latin', 'latin-ext']",v18,2025-09-16,{'regular': 'https://fonts.gstatic.com/s/russoone/v18/Z9XUDmZRWg6M1LvRYsH-zcOInrib9Q.woff2'},sans-serif,webfonts#webfont,https://fonts.gstatic.com/s/russoone/v18/Z9XUDmZRWg6M1LvRYsHOycmJ.woff2,,,217,2025,recent_12m,False,False,1,set(),0,False,False,False,3,False,False,False
Noto Sans Tamil,['regular'],"['latin', 'latin-ext', 'tamil']",v31,2025-09-16,{'regular': 'https://fonts.gstatic.com/s/notosanstamil/v31/ieVm2YdFI3GCY6SyQy1KfStzYKZ6wv-fACIgaw.woff2'},sans-serif,webfonts#webfont,https://fonts.gstatic.com/s/notosanstamil/v31/ieVc2YdFI3GCY6SyQy1KfStzYKZgzN1z4LKDbeZce-0429tBManUktuex7vGo40QoqE.woff2,"[{'tag': 'wdth', 'start': 62.5, 'end': 100}, {'tag': 'wght', 'start': 100, 'end': 900}]",,218,2025,recent_12m,False,True,9,"{'wdth', 'wght'}",2,True,False,False,3,False,False,False
Hammersmith One,['regular'],"['latin', 'latin-ext']",v18,2025-09-02,{'regular': 'https://fonts.gstatic.com/s/hammersmithone/v18/qWcyB624q4L_C4jGQ9IK0O_dFlnbtxsks4MRXw.woff2'},sans-serif,webfonts#webfont,https://fonts.gstatic.com/s/hammersmithone/v18/qWcyB624q4L_C4jGQ9IK0O_dFlnrsxEl.woff2,,,219,2025,recent_12m,False,False,1,set(),0,False,False,False,2,False,False,False
Cardo,"['regular', 'italic', '700']","['gothic', 'greek', 'greek-ext', 'hebrew', 'latin', 'latin-ext', 'old-italic', 'runic']",v21,2025-09-08,"{'regular': 'https://fonts.gstatic.com/s/cardo/v21/wlp_gwjKBV1pqiv61oAZ2H5O.woff2', 'italic': 'https://fonts.gstatic.com/s/cardo/v21/wlpxgwjKBV1pqhv93IE73W5OcCk.woff2', '700': 'https://fonts.gstatic.com/s/cardo/v21/wlpygwjKBV1pqhND-aQU82JHaTBX.woff2'}",serif,webfonts#webfont,https://fonts.gstatic.com/s/cardo/v21/wlp_gwjKBV1pqhv-3IE.woff2,,,220,2025,recent_12m,True,False,2,set(),0,False,False,False,8,False,False,False
Material Symbols Sharp,['regular'],['latin'],v359,2026-07-23,{'regular': 'https://fonts.gstatic.com/s/materialsymbolssharp/v359/gNMVW2J8Roq16WD5tFNRaeLQk6-SHQ_R00k4aWHSTGlMyd8.woff2'},monospace,webfonts#webfont,https://fonts.gstatic.com/s/materialsymbolssharp/v359/gNNBW2J8Roq16WD5tFNRaeLQk6-SHQ_R00k4c2_whPnoY9ruReaU4bHmz74m0ZkGH-VBYe1x0TV6x4yFH8F-H5OdzEL3sVTgJtfbYxOLogCPLVA.woff2,"[{'tag': 'FILL', 'start': 0, 'end': 1}, {'tag': 'GRAD', 'start': -50, 'end': 200}, {'tag': 'opsz', 'start': 20, 'end': 48}, {'tag': 'wght', 'start': 100, 'end': 700}]",,221,2026,recent_12m,False,True,7,"{'FILL', 'wght', 'opsz', 'GRAD'}",4,False,False,True,1,False,False,False
Courier Prime,"['regular', 'italic', '700', '700italic']","['latin', 'latin-ext']",v11,2025-09-11,"{'regular': 'https://fonts.gstatic.com/s/courierprime/v11/u-450q2lgwslOqpF_6gQ8kELWwNjW-_-tvg.woff2', 'italic': 'https://fonts.gstatic.com/s/courierprime/v11/u-4n0q2lgwslOqpF_6gQ8kELawRpWs37pvjxPA.woff2', '700': 'https://fonts.gstatic.com/s/courierprime/v11/u-4k0q2lgwslOqpF_6gQ8kELY7pMf-LVqvHoJXw.woff2', '700italic': 'https://fonts.gstatic.com/s/courierprime/v11/u-4i0q2lgwslOqpF_6gQ8kELawRR4-Lfq9PtNXyeAg.woff2'}",monospace,webfonts#webfont,https://fonts.gstatic.com/s/courierprime/v11/u-450q2lgwslOqpF_6gQ8kELawdpWg.woff2,,,222,2025,recent_12m,True,False,2,set(),0,False,False,False,2,False,False,False
Baskervville,"['regular', 'italic']","['latin', 'latin-ext']",v20,2025-09-11,"{'regular': 'https://fonts.gstatic.com/s/baskervville/v20/YA9Ur0yU4l_XOrogbkun3kQgspOohvbJ9A.woff2', 'italic': 'https://fonts.gstatic.com/s/baskervville/v20/YA9Kr0yU4l_XOrogbkun3kQQtZmppPPZ9Mlt.woff2'}",serif,webfonts#webfont,https://fonts.gstatic.com/s/baskervville/v20/YA9Br0yU4l_XOrogbkun3kQ6vLFYXmpq8sRsYuDrigK4dA.woff2,"[{'tag': 'wght', 'start': 400, 'end': 700}]",,223,2025,recent_12m,True,True,4,{'wght'},1,False,False,False,2,False,False,False
Playfair,"['regular', 'italic']","['cyrillic', 'cyrillic-ext', 'latin', 'latin-ext', 'vietnamese']",v10,2025-09-10,"{'regular': 'https://fonts.gstatic.com/s/playfair/v10/0nkrC9D7PO4KhmUJ5-bdRQDioeb0.woff2', 'italic': 'https://fonts.gstatic.com/s/playfair/v10/0nktC9D7PO4KhmUJ59baTwHApPb0kQM.woff2'}",serif,webfonts#webfont,https://fonts.gstatic.com/s/playfair/v10/0nkQC9D7PO4KhmUJ5_zTZ_4MYQXznAK-TUcZXKO3UMnW6VNpe4-SiiZ4b8h5G3GutPkUeugcqyI.woff2,"[{'tag': 'opsz', 'start': 5, 'end': 1200}, {'tag': 'wdth', 'start': 87.5, 'end': 112.5}, {'tag': 'wght', 'start': 300, 'end': 900}]",,224,2025,recent_12m,True,True,7,"{'opsz', 'wdth', 'wght'}",3,True,False,True,5,False,False,False
DM Serif Text,"['regular', 'italic']","['latin', 'latin-ext']",v13,2025-09-02,"{'regular': 'https://fonts.gstatic.com/s/dmseriftext/v13/rnCu-xZa_krGokauCeNq1wWyafaPXHIJErY.woff2', 'italic': 'https://fonts.gstatic.com/s/dmseriftext/v13/rnCw-xZa_krGokauCeNq1wWyWfGFXVAMArZKqQ.woff2'}",serif,webfonts#webfont,https://fonts.gstatic.com/s/dmseriftext/v13/rnCu-xZa_krGokauCeNq1wWyWfKFXQ.woff2,,,225,2025,recent_12m,True,False,1,set(),0,False,False,False,2,False,False,False
Gothic A1,"['100', '200', '300', 'regular', '500', '600', '700', '800', '900']","['cyrillic', 'cyrillic-ext', 'greek', 'greek-ext', 'korean', 'latin', 'latin-ext', 'vietnamese']",v18,2025-09-11,"{'100': 'https://fonts.gstatic.com/s/gothica1/v18/CSR74z5ZnPydRjlCCwlCCMcvYtd2vfwk.woff2', '200': 'https://fonts.gstatic.com/s/gothica1/v18/CSR44z5ZnPydRjlCCwlCpOYKTfl6tOU9Eg.woff2', '300': 'https://fonts.gstatic.com/s/gothica1/v18/CSR44z5ZnPydRjlCCwlCwOUKTfl6tOU9Eg.woff2', 'regular': 'https://fonts.gstatic.com/s/gothica1/v18/CSR94z5ZnPydRjlCCwl6ac0uQNJmvQ.woff2', '500': 'https://fonts.gstatic.com/s/gothica1/v18/CSR44z5ZnPydRjlCCwlCmOQKTfl6tOU9Eg.woff2', '600': 'https://fonts.gstatic.com/s/gothica1/v18/CSR44z5ZnPydRjlCCwlCtOMKTfl6tOU9Eg.woff2', '700': 'https://fonts.gstatic.com/s/gothica1/v18/CSR44z5ZnPydRjlCCwlC0OIKTfl6tOU9Eg.woff2', '800': 'https://fonts.gstatic.com/s/gothica1/v18/CSR44z5ZnPydRjlCCwlCzOEKTfl6tOU9Eg.woff2', '900': 'https://fonts.gstatic.com/s/gothica1/v18/CSR44z5ZnPydRjlCCwlC6OAKTfl6tOU9Eg.woff2'}",sans-serif,webfonts#webfont,https://fonts.gstatic.com/s/gothica1/v18/CSR94z5ZnPydRjlCCwlKbccv.woff2,,,226,2025,recent_12m,False,False,9,set(),0,False,False,False,8,True,False,False
Sanchez,"['regular', 'italic']","['latin', 'latin-ext']",v17,2025-09-08,"{'regular': 'https://fonts.gstatic.com/s/sanchez/v17/Ycm2sZJORluHnXbITmtb_BwE1l0.woff2', 'italic': 'https://fonts.gstatic.com/s/sanchez/v17/Ycm0sZJORluHnXbIfmxR_T4Bxl3gkw.woff2'}",serif,webfonts#webfont,https://fonts.gstatic.com/s/sanchez/v17/Ycm2sZJORluHnXbIfm9R_Q.woff2,,,227,2025,recent_12m,True,False,1,set(),0,False,False,False,2,False,False,False
LINE Seed JP,"['100', 'regular', '700', '800']","['cyrillic', 'greek-ext', 'japanese', 'latin', 'latin-ext']",v3,2026-03-11,"{'100': 'https://fonts.gstatic.com/s/lineseedjp/v3/MwQvbh7r89it6QsEXfZb-jMn6ZFLh361TW5b.woff2', 'regular': 'https://fonts.gstatic.com/s/lineseedjp/v3/MwQxbh7r89it6QsEXfZb-jMfiJtKpXulTQ.woff2', '700': 'https://fonts.gstatic.com/s/lineseedjp/v3/MwQubh7r89it6QsEXfZb-jMnMbRuqFC5RHdCZg.woff2', '800': 'https://fonts.gstatic.com/s/lineseedjp/v3/MwQubh7r89it6QsEXfZb-jMnLbduqFC5RHdCZg.woff2'}",sans-serif,webfonts#webfont,https://fonts.gstatic.com/s/lineseedjp/v3/MwQxbh7r89it6QsEXfZb-jMvjJFL.woff2,,,228,2026,recent_12m,False,False,4,set(),0,False,False,False,5,False,False,False
Cantarell,"['regular', 'italic', '700', '700italic']","['latin', 'latin-ext']",v18,2025-09-05,"{'regular': 'https://fonts.gstatic.com/s/cantarell/v18/B50NF7ZDq37KMUvlO01JjqhqHK-CLA.woff2', 'italic': 'https://fonts.gstatic.com/s/cantarell/v18/B50LF7ZDq37KMUvlO015iaJrPqqSLJYf.woff2', '700': 'https://fonts.gstatic.com/s/cantarell/v18/B50IF7ZDq37KMUvlO01xN4dOEYSeJY8GgQ.woff2', '700italic': 'https://fonts.gstatic.com/s/cantarell/v18/B50WF7ZDq37KMUvlO015iZrSEY6fB4oWgWHB.woff2'}",sans-serif,webfonts#webfont,https://fonts.gstatic.com/s/cantarell/v18/B50NF7ZDq37KMUvlO015iqJr.woff2,,,229,2025,recent_12m,True,False,2,set(),0,False,False,False,2,False,False,False
Yellowtail,['regular'],"['latin', 'latin-ext']",v25,2025-09-08,{'regular': 'https://fonts.gstatic.com/s/yellowtail/v25/OZpGg_pnoDtINPfRIlLotlnNwED-b4g.woff2'},handwriting,webfonts#webfont,https://fonts.gstatic.com/s/yellowtail/v25/OZpGg_pnoDtINPfRIlLohl3HwQ.woff2,,,230,2025,recent_12m,False,False,1,set(),0,False,False,False,2,False,False,False
Khand,"['300', 'regular', '500', '600', '700']","['devanagari', 'latin', 'latin-ext']",v22,2025-09-05,"{'300': 'https://fonts.gstatic.com/s/khand/v22/TwMN-IINQlQQ0bL5cFEyZwaH__-C.woff2', 'regular': 'https://fonts.gstatic.com/s/khand/v22/TwMA-IINQlQQ0YpQWHU_TBqO.woff2', '500': 'https://fonts.gstatic.com/s/khand/v22/TwMN-IINQlQQ0bKhcVEyZwaH__-C.woff2', '600': 'https://fonts.gstatic.com/s/khand/v22/TwMN-IINQlQQ0bKNdlEyZwaH__-C.woff2', '700': 'https://fonts.gstatic.com/s/khand/v22/TwMN-IINQlQQ0bLpd1EyZwaH__-C.woff2'}",sans-serif,webfonts#webfont,https://fonts.gstatic.com/s/khand/v22/TwMA-IINQlQQ0bpUUnQ.woff2,,,231,2025,recent_12m,False,False,5,set(),0,False,False,False,3,False,False,False
Amatic SC,"['regular', '700']","['cyrillic', 'hebrew', 'latin', 'latin-ext', 'vietnamese']",v28,2025-09-16,"{'regular': 'https://fonts.gstatic.com/s/amaticsc/v28/TUZyzwprpvBS1izr_vO0CO6ecZQf1A.woff2', '700': 'https://fonts.gstatic.com/s/amaticsc/v28/TUZ3zwprpvBS1izr_vOMscG6fL8D3WTy-A.woff2'}",handwriting,webfonts#webfont,https://fonts.gstatic.com/s/amaticsc/v28/TUZyzwprpvBS1izr_vOEDOSf.woff2,,,232,2025,recent_12m,False,False,2,set(),0,False,False,False,5,False,False,False
Readex Pro,['regular'],"['arabic', 'latin', 'latin-ext', 'vietnamese']",v27,2025-09-10,{'regular': 'https://fonts.gstatic.com/s/readexpro/v27/SLXNc1bJ7HE5YDoGPuzj59ZebXZkiSo.woff2'},sans-serif,webfonts#webfont,https://fonts.gstatic.com/s/readexpro/v27/SLXnc1bJ7HE5YDoGPuzj_dh8uc7wUy8ZQQyX2KY8TL0kGZN6blTC4USWg2Eh.woff2,"[{'tag': 'HEXP', 'start': 0, 'end': 100}, {'tag': 'wght', 'start': 160, 'end': 700}]",,233,2025,recent_12m,False,True,6,"{'wght', 'HEXP'}",2,False,False,False,4,False,False,False
Acme,['regular'],['latin'],v29,2026-06-30,{'regular': 'https://fonts.gstatic.com/s/acme/v29/RrQfboBx-C5_bxjLb23lzLk.woff2'},sans-serif,webfonts#webfont,https://fonts.gstatic.com/s/acme/v29/RrQfboBx-C5_XxzBbg.woff2,,,234,2026,recent_12m,False,False,1,set(),0,False,False,False,1,False,False,False
Sawarabi Mincho,['regular'],"['braille', 'japanese', 'latin', 'latin-ext']",v20,2025-09-10,{'regular': 'https://fonts.gstatic.com/s/sawarabimincho/v20/8QIRdiDaitzr7brc8ahpxt6GcIJTKKhP46UDUw.woff2'},serif,webfonts#webfont,https://fonts.gstatic.com/s/sawarabimincho/v20/8QIRdiDaitzr7brc8ahpxt6GcIJjLKJO.woff2,,,235,2025,recent_12m,False,False,1,set(),0,False,False,False,4,False,False,False
Prata,['regular'],"['cyrillic', 'cyrillic-ext', 'latin', 'vietnamese']",v22,2025-09-16,{'regular': 'https://fonts.gstatic.com/s/prata/v22/6xKhdSpbNNCT-vWNAG_5LWwJ.woff2'},serif,webfonts#webfont,https://fonts.gstatic.com/s/prata/v22/6xKhdSpbNNCT-sWJCm4.woff2,,,236,2025,recent_12m,False,False,1,set(),0,False,False,False,4,False,False,False
Crete Round,"['regular', 'italic']","['latin', 'latin-ext']",v16,2025-09-08,"{'regular': 'https://fonts.gstatic.com/s/creteround/v16/55xoey1sJNPjPiv1ZZZrxJ1527zAKnxN.woff2', 'italic': 'https://fonts.gstatic.com/s/creteround/v16/55xqey1sJNPjPiv1ZZZrxK1-0b3iL2xNhKc.woff2'}",serif,webfonts#webfont,https://fonts.gstatic.com/s/creteround/v16/55xoey1sJNPjPiv1ZZZrxK190b0.woff2,,,237,2025,recent_12m,True,False,1,set(),0,False,False,False,2,False,False,False
Shippori Mincho,"['regular', '500', '600', '700', '800']","['japanese', 'latin', 'latin-ext']",v17,2025-09-05,"{'regular': 'https://fonts.gstatic.com/s/shipporimincho/v17/VdGGAZweH5EbgHY6YExcZfDoj0BA3v-C7LoS7g.woff2', '500': 'https://fonts.gstatic.com/s/shipporimincho/v17/VdGDAZweH5EbgHY6YExcZfDoj0B4L9am4ZEO5--2zg.woff2', '600': 'https://fonts.gstatic.com/s/shipporimincho/v17/VdGDAZweH5EbgHY6YExcZfDoj0B4A9Gm4ZEO5--2zg.woff2', '700': 'https://fonts.gstatic.com/s/shipporimincho/v17/VdGDAZweH5EbgHY6YExcZfDoj0B4Z9Cm4ZEO5--2zg.woff2', '800': 'https://fonts.gstatic.com/s/shipporimincho/v17/VdGDAZweH5EbgHY6YExcZfDoj0B4e9Om4ZEO5--2zg.woff2'}",serif,webfonts#webfont,https://fonts.gstatic.com/s/shipporimincho/v17/VdGGAZweH5EbgHY6YExcZfDoj0Bw2vWD.woff2,,,238,2025,recent_12m,False,False,5,set(),0,False,False,False,3,False,False,False
Alegreya,"['regular', 'italic']","['cyrillic', 'cyrillic-ext', 'greek', 'greek-ext', 'latin', 'latin-ext', 'vietnamese']",v41,2026-06-30,"{'regular': 'https://fonts.gstatic.com/s/alegreya/v41/4UaBrEBBsBhlBjvfkRLjzanB44N1.woff2', 'italic': 'https://fonts.gstatic.com/s/alegreya/v41/4UaHrEBBsBhlBjvfkSLkx6jj5pN1MwI.woff2'}",serif,webfonts#webfont,https://fonts.gstatic.com/s/alegreya/v41/4UacrEBBsBhlBjvfkQjt71kZfyBzPgNG9hU4_aqj.woff2,"[{'tag': 'wght', 'start': 400, 'end': 900}]",,239,2026,recent_12m,True,True,6,{'wght'},1,False,False,False,7,False,False,False
Share Tech Mono,['regular'],['latin'],v16,2025-09-16,{'regular': 'https://fonts.gstatic.com/s/sharetechmono/v16/J7aHnp1uDWRBEqV98dVQztYldFc7oQsEIc3Xew.woff2'},monospace,webfonts#webfont,https://fonts.gstatic.com/s/sharetechmono/v16/J7aHnp1uDWRBEqV98dVQztYldFcLpQEF.woff2,,,240,2025,recent_12m,False,False,1,set(),0,False,False,False,1,False,False,False
Hind Madurai,"['300', 'regular', '500', '600', '700']","['latin', 'latin-ext', 'tamil']",v13,2025-09-02,"{'300': 'https://fonts.gstatic.com/s/hindmadurai/v13/f0Xu0e2p98ZvDXdZQIOcpqjfXaUnfMsoMJ0b_g.woff2', 'regular': 'https://fonts.gstatic.com/s/hindmadurai/v13/f0Xx0e2p98ZvDXdZQIOcpqjn9I0DceA0OQ.woff2', '500': 'https://fonts.gstatic.com/s/hindmadurai/v13/f0Xu0e2p98ZvDXdZQIOcpqjfBaQnfMsoMJ0b_g.woff2', '600': 'https://fonts.gstatic.com/s/hindmadurai/v13/f0Xu0e2p98ZvDXdZQIOcpqjfKaMnfMsoMJ0b_g.woff2', '700': 'https://fonts.gstatic.com/s/hindmadurai/v13/f0Xu0e2p98ZvDXdZQIOcpqjfTaInfMsoMJ0b_g.woff2'}",sans-serif,webfonts#webfont,https://fonts.gstatic.com/s/hindmadurai/v13/f0Xx0e2p98ZvDXdZQIOcpqjX8IcC.woff2,,,241,2025,recent_12m,False,False,5,set(),0,False,False,False,3,False,False,False
Chivo,"['regular', 'italic']","['latin', 'latin-ext', 'vietnamese']",v21,2025-09-10,"{'regular': 'https://fonts.gstatic.com/s/chivo/v21/va9I4kzIxd1KFoBqS-J3kbDP.woff2', 'italic': 'https://fonts.gstatic.com/s/chivo/v21/va9G4kzIxd1KFrBtQeNVlKDPWTY.woff2'}",sans-serif,webfonts#webfont,https://fonts.gstatic.com/s/chivo/v21/va9b4kzIxd1KFppkaRKvDRPJVDf_vB_elmrT.woff2,"[{'tag': 'wght', 'start': 100, 'end': 900}]",,242,2025,recent_12m,True,True,9,{'wght'},1,False,False,False,3,False,False,False
Bangers,['regular'],"['latin', 'latin-ext', 'vietnamese']",v25,2025-09-08,{'regular': 'https://fonts.gstatic.com/s/bangers/v25/FeVQS0BTqb0h60ACL5xa2bxii28.woff2'},display,webfonts#webfont,https://fonts.gstatic.com/s/bangers/v25/FeVQS0BTqb0h60ACH5hQ2A.woff2,,,243,2025,recent_12m,False,False,1,set(),0,False,False,False,3,False,False,False
Libre Barcode 39,['regular'],['latin'],v25,2025-09-17,{'regular': 'https://fonts.gstatic.com/s/librebarcode39/v25/-nFnOHM08vwC6h8Li1eQnP_AHzI2K_J709jy92k.woff2'},display,webfonts#webfont,https://fonts.gstatic.com/s/librebarcode39/v25/-nFnOHM08vwC6h8Li1eQnP_AHzI2G_Zx0g.woff2,,,244,2025,recent_12m,False,False,1,set(),0,False,False,False,1,False,False,False
Tenor Sans,['regular'],"['cyrillic', 'latin', 'latin-ext']",v21,2025-09-02,{'regular': 'https://fonts.gstatic.com/s/tenorsans/v21/bx6ANxqUneKx06UkIXISr3dyC22IyqI.woff2'},sans-serif,webfonts#webfont,https://fonts.gstatic.com/s/tenorsans/v21/bx6ANxqUneKx06UkIXISn3N4Cg.woff2,,,245,2025,recent_12m,False,False,1,set(),0,False,False,False,3,False,False,False
Allura,['regular'],"['latin', 'latin-ext', 'vietnamese']",v23,2025-09-02,{'regular': 'https://fonts.gstatic.com/s/allura/v23/9oRPNYsQpS4zjuAPiQIXPtrrGA.woff2'},handwriting,webfonts#webfont,https://fonts.gstatic.com/s/allura/v23/9oRPNYsQpS4zjuA_jQgW.woff2,,,246,2025,recent_12m,False,False,1,set(),0,False,False,False,3,False,False,False
Noto Sans Display,"['regular', 'italic']","['cyrillic', 'cyrillic-ext', 'greek', 'greek-ext', 'latin', 'latin-ext', 'vietnamese']",v30,2025-09-10,"{'regular': 'https://fonts.gstatic.com/s/notosansdisplay/v30/RLplK4fy6r6tOBEJg0IAKzqdFZVZxokqfn_BDLxR.woff2', 'italic': 'https://fonts.gstatic.com/s/notosansdisplay/v30/RLpjK4fy6r6tOBEJg0IAKzqdFZVZxrktdH7jCaxRgew.woff2'}",sans-serif,webfonts#webfont,https://fonts.gstatic.com/s/notosansdisplay/v30/RLpbK4fy6r6tOBEJg0IAKzqdFZVZxpMkXJMhnB9XjO1o90LuV-PT4Doq_AKp_3cKZTCa2w.woff2,"[{'tag': 'wdth', 'start': 62.5, 'end': 100}, {'tag': 'wght', 'start': 100, 'end': 900}]",,247,2025,recent_12m,True,True,9,"{'wdth', 'wght'}",2,True,False,False,7,False,False,False
Comic Neue,"['300', '300italic', 'regular', 'italic', '700', '700italic']",['latin'],v9,2025-09-16,"{'300': 'https://fonts.gstatic.com/s/comicneue/v9/4UaErEJDsxBrF37olUeD_wHLwp5eLwtHJlc.woff2', '300italic': 'https://fonts.gstatic.com/s/comicneue/v9/4UaarEJDsxBrF37olUeD96_RTplULilCNlcw_Q.woff2', 'regular': 'https://fonts.gstatic.com/s/comicneue/v9/4UaHrEJDsxBrF37olUeDx6jj5pN1MwI.woff2', 'italic': 'https://fonts.gstatic.com/s/comicneue/v9/4UaFrEJDsxBrF37olUeD96_p57FwIwJePw.woff2', '700': 'https://fonts.gstatic.com/s/comicneue/v9/4UaErEJDsxBrF37olUeD_xHMwp5eLwtHJlc.woff2', '700italic': 'https://fonts.gstatic.com/s/comicneue/v9/4UaarEJDsxBrF37olUeD96_RXp5ULilCNlcw_Q.woff2'}",handwriting,webfonts#webfont,https://fonts.gstatic.com/s/comicneue/v9/4UaHrEJDsxBrF37olUeD96zp5w.woff2,,,248,2025,recent_12m,True,False,3,set(),0,False,False,False,1,False,False,False
Oleo Script,"['regular', '700']","['latin', 'latin-ext']",v15,2025-09-16,"{'regular': 'https://fonts.gstatic.com/s/oleoscript/v15/rax5HieDvtMOe0iICsUccBhfsU7Q8Cad.woff2', '700': 'https://fonts.gstatic.com/s/oleoscript/v15/raxkHieDvtMOe0iICsUccCDmnmrd2zqUKafv.woff2'}",display,webfonts#webfont,https://fonts.gstatic.com/s/oleoscript/v15/rax5HieDvtMOe0iICsUccChbu08.woff2,,,249,2025,recent_12m,False,False,2,set(),0,False,False,False,2,False,False,False
BIZ UDPGothic,"['regular', '700']","['cyrillic', 'greek-ext', 'japanese', 'latin', 'latin-ext']",v16,2026-01-07,"{'regular': 'https://fonts.gstatic.com/s/bizudpgothic/v16/hES36X5pHAIBjmS84VL0Bue83nAMQWkMUAk.woff2', '700': 'https://fonts.gstatic.com/s/bizudpgothic/v16/hESq6X5pHAIBjmS84VL0Bue85skjZWQnTABCSQo.woff2'}",sans-serif,webfonts#webfont,https://fonts.gstatic.com/s/bizudpgothic/v16/hES36X5pHAIBjmS84VL0Bue87nQGQA.woff2,,,250,2026,recent_12m,False,False,2,set(),0,False,False,False,5,False,False,False
Noto Sans Mono,['regular'],"['cyrillic', 'cyrillic-ext', 'greek', 'greek-ext', 'latin', 'latin-ext', 'vietnamese']",v37,2025-09-10,{'regular': 'https://fonts.gstatic.com/s/notosansmono/v37/BngRUXNETWXI6LwhGYvaxZikqYCEyxyKeuDp.woff2'},sans-serif,webfonts#webfont,https://fonts.gstatic.com/s/notosansmono/v37/BngrUXNETWXI6LwhGYvaxZikqZqK6fBq6kPvUce2oAZcdthSBUsYck4-_FNJ09vdVQ.woff2,"[{'tag': 'wdth', 'start': 62.5, 'end': 100}, {'tag': 'wght', 'start': 100, 'end': 900}]",,251,2025,recent_12m,False,True,9,"{'wdth', 'wght'}",2,True,False,False,7,False,False,False
Kumbh Sans,['regular'],"['latin', 'latin-ext', 'math', 'symbols']",v27,2025-09-16,{'regular': 'https://fonts.gstatic.com/s/kumbhsans/v27/c4ml1n92AsfhuCq6tVsauoJX-Kq-QUI.woff2'},sans-serif,webfonts#webfont,https://fonts.gstatic.com/s/kumbhsans/v27/c4mP1n92AsfhuCq6tVsaoIx1LQICk0boNoq0SjlDfnzKo-bF3mdQkZYw8L7v.woff2,"[{'tag': 'YOPQ', 'start': 40, 'end': 300}, {'tag': 'wght', 'start': 100, 'end': 900}]",,252,2025,recent_12m,False,True,9,"{'wght', 'YOPQ'}",2,False,False,False,4,False,False,False
Special Elite,['regular'],"['latin', 'latin-ext']",v20,2025-09-08,{'regular': 'https://fonts.gstatic.com/s/specialelite/v20/XLYgIZbkc4JPUL5CVArUVL0nhnIESXFtUsM.woff2'},display,webfonts#webfont,https://fonts.gstatic.com/s/specialelite/v20/XLYgIZbkc4JPUL5CVArUVL0ntnYOSA.woff2,,,253,2025,recent_12m,False,False,1,set(),0,False,False,False,2,False,False,False
Courgette,['regular'],"['latin', 'latin-ext']",v19,2025-09-16,{'regular': 'https://fonts.gstatic.com/s/courgette/v19/wEO_EBrAnc9BLjLQAUkFVPAL3EsHiA.woff2'},handwriting,webfonts#webfont,https://fonts.gstatic.com/s/courgette/v19/wEO_EBrAnc9BLjLQAUk1UPoK.woff2,,,254,2025,recent_12m,False,False,1,set(),0,False,False,False,2,False,False,False
Angkor,['regular'],"['khmer', 'latin']",v35,2025-09-08,{'regular': 'https://fonts.gstatic.com/s/angkor/v35/H4cmBXyAlsPdnlb-9yw-4Lqggw.woff2'},display,webfonts#webfont,https://fonts.gstatic.com/s/angkor/v35/H4cmBXyAlsPdnlbO8yY_.woff2,,,255,2025,recent_12m,False,False,1,set(),0,False,False,False,2,False,False,False
Kaushan Script,['regular'],"['latin', 'latin-ext']",v19,2025-09-10,{'regular': 'https://fonts.gstatic.com/s/kaushanscript/v19/vm8vdRfvXFLG3OLnsO15WYS5DF76ytN3M48a.woff2'},handwriting,webfonts#webfont,https://fonts.gstatic.com/s/kaushanscript/v19/vm8vdRfvXFLG3OLnsO15WYS5DG7-wNI.woff2,,,256,2025,recent_12m,False,False,1,set(),0,False,False,False,2,False,False,False
VT323,['regular'],"['latin', 'latin-ext', 'vietnamese']",v18,2025-09-16,{'regular': 'https://fonts.gstatic.com/s/vt323/v18/pxiKyp0ihIEF2hsdHpT2dkNE.woff2'},monospace,webfonts#webfont,https://fonts.gstatic.com/s/vt323/v18/pxiKyp0ihIEF2isZFJU.woff2,,,257,2025,recent_12m,False,False,1,set(),0,False,False,False,3,False,False,False
Lexend Giga,['regular'],"['latin', 'latin-ext', 'vietnamese']",v27,2025-09-10,{'regular': 'https://fonts.gstatic.com/s/lexendgiga/v27/PlI5Fl67Mah5Y8yMHE7lkVxBt8CwfGaD.woff2'},sans-serif,webfonts#webfont,https://fonts.gstatic.com/s/lexendgiga/v27/PlIuFl67Mah5Y8yMHE7lkUZPlTBo4MWFfNRC2Li06sAp.woff2,"[{'tag': 'wght', 'start': 100, 'end': 900}]",,258,2025,recent_12m,False,True,9,{'wght'},1,False,False,False,3,False,False,False
Alata,['regular'],"['latin', 'latin-ext', 'vietnamese']",v12,2025-09-05,{'regular': 'https://fonts.gstatic.com/s/alata/v12/PbytFmztEwbIofe_xKcRQEOX.woff2'},sans-serif,webfonts#webfont,https://fonts.gstatic.com/s/alata/v12/PbytFmztEwbIoce7zqY.woff2,,,259,2025,recent_12m,False,False,1,set(),0,False,False,False,3,False,False,False
Titan One,['regular'],"['latin', 'latin-ext']",v17,2025-09-02,{'regular': 'https://fonts.gstatic.com/s/titanone/v17/mFTzWbsGxbbS_J5cQcjyljIn2Etikg.woff2'},display,webfonts#webfont,https://fonts.gstatic.com/s/titanone/v17/mFTzWbsGxbbS_J5cQcjCkjgm.woff2,,,260,2025,recent_12m,False,False,1,set(),0,False,False,False,2,False,False,False
Sawarabi Gothic,['regular'],"['cyrillic', 'japanese', 'latin', 'latin-ext', 'vietnamese']",v16,2025-06-25,{'regular': 'https://fonts.gstatic.com/s/sawarabigothic/v16/x3d4ckfVaqqa-BEj-I9mE65u3k3NACk3E2YljQ.woff2'},sans-serif,webfonts#webfont,https://fonts.gstatic.com/s/sawarabigothic/v16/x3d4ckfVaqqa-BEj-I9mE65u3k39BCM2.woff2,,,261,2025,older,False,False,1,set(),0,False,False,False,5,False,False,False
Old Standard TT,"['regular', 'italic', '700']","['cyrillic', 'cyrillic-ext', 'latin', 'latin-ext', 'vietnamese']",v22,2025-09-11,"{'regular': 'https://fonts.gstatic.com/s/oldstandardtt/v22/MwQubh3o1vLImiwAVvYawgcf2eVuqFC5RHdCZg.woff2', 'italic': 'https://fonts.gstatic.com/s/oldstandardtt/v22/MwQsbh3o1vLImiwAVvYawgcf2eVer1q4ZnJSZtQG.woff2', '700': 'https://fonts.gstatic.com/s/oldstandardtt/v22/MwQrbh3o1vLImiwAVvYawgcf2eVWEX-dSVxeb80flQ.woff2'}",serif,webfonts#webfont,https://fonts.gstatic.com/s/oldstandardtt/v22/MwQubh3o1vLImiwAVvYawgcf2eVerFq4.woff2,,,262,2025,recent_12m,True,False,2,set(),0,False,False,False,5,False,False,False
Noto Sans Symbols,['regular'],"['latin', 'latin-ext', 'symbols']",v47,2025-09-02,{'regular': 'https://fonts.gstatic.com/s/notosanssymbols/v47/rP2dp3q65FkAtHfwd-eIS2brbDN6gwn5wq-72bOY.woff2'},sans-serif,webfonts#webfont,https://fonts.gstatic.com/s/notosanssymbols/v47/rP2up3q65FkAtHfwd-eIS2brbDN6gxP34F9jRRCe4W3gfQ8Qa_9E.woff2,"[{'tag': 'wght', 'start': 100, 'end': 900}]",,263,2025,recent_12m,False,True,9,{'wght'},1,False,False,False,3,False,False,False
Rubik Mono One,['regular'],"['cyrillic', 'latin', 'latin-ext']",v20,2025-09-11,{'regular': 'https://fonts.gstatic.com/s/rubikmonoone/v20/UqyJK8kPP3hjw6ANTdfRk9YSN-81RqQrc_j9.woff2'},sans-serif,webfonts#webfont,https://fonts.gstatic.com/s/rubikmonoone/v20/UqyJK8kPP3hjw6ANTdfRk9YSN98xTKU.woff2,,,264,2025,recent_12m,False,False,1,set(),0,False,False,False,3,False,False,False
Advent Pro,"['regular', 'italic']","['cyrillic', 'cyrillic-ext', 'greek', 'latin', 'latin-ext']",v33,2025-09-16,"{'regular': 'https://fonts.gstatic.com/s/adventpro/v33/V8mAoQfxVT4Dvddr_yOwtTinKb5ZFtI.woff2', 'italic': 'https://fonts.gstatic.com/s/adventpro/v33/V8mCoQfxVT4Dvddr_yOwhT-tKJxcBtItFw.woff2'}",sans-serif,webfonts#webfont,https://fonts.gstatic.com/s/adventpro/v33/V8mqoQfxVT4Dvddr_yOwrzaFxV7JtdQgFqXdUAQrGp_zgX5sWCpLQyN_TZAp.woff2,"[{'tag': 'wdth', 'start': 100, 'end': 200}, {'tag': 'wght', 'start': 100, 'end': 900}]",,265,2025,recent_12m,True,True,9,"{'wdth', 'wght'}",2,True,False,False,5,False,False,False
Passion One,"['regular', '700', '900']","['latin', 'latin-ext']",v20,2025-09-10,"{'regular': 'https://fonts.gstatic.com/s/passionone/v20/PbynFmL8HhTPqbjUzux3JHuT_Frg6YoV.woff2', '700': 'https://fonts.gstatic.com/s/passionone/v20/Pby6FmL8HhTPqbjUzux3JEMq037twpYcuH8y.woff2', '900': 'https://fonts.gstatic.com/s/passionone/v20/Pby6FmL8HhTPqbjUzux3JEMS0X7twpYcuH8y.woff2'}",display,webfonts#webfont,https://fonts.gstatic.com/s/passionone/v20/PbynFmL8HhTPqbjUzux3JEuX9ls.woff2,,,266,2025,recent_12m,False,False,3,set(),0,False,False,False,2,False,False,False
Noticia Text,"['regular', 'italic', '700', '700italic']","['latin', 'latin-ext', 'vietnamese']",v16,2025-09-10,"{'regular': 'https://fonts.gstatic.com/s/noticiatext/v16/VuJ2dNDF2Yv9qppOePKYRP1GZDFZt0rNpQ.woff2', 'italic': 'https://fonts.gstatic.com/s/noticiatext/v16/VuJodNDF2Yv9qppOePKYRP12YztYlU_dpSjt.woff2', '700': 'https://fonts.gstatic.com/s/noticiatext/v16/VuJpdNDF2Yv9qppOePKYRP1-3R59umHRrDH0eA.woff2', '700italic': 'https://fonts.gstatic.com/s/noticiatext/v16/VuJrdNDF2Yv9qppOePKYRP12YwPhumvQjjTkeMnz.woff2'}",serif,webfonts#webfont,https://fonts.gstatic.com/s/noticiatext/v16/VuJ2dNDF2Yv9qppOePKYRP12YDtY.woff2,,,267,2025,recent_12m,True,False,2,set(),0,False,False,False,3,False,False,False
IBM Plex Sans Condensed,"['100', '100italic', '200', '200italic', '300', '300italic', 'regular', 'italic', '500', '500italic', '600', '600italic', '700', '700italic']","['cyrillic-ext', 'latin', 'latin-ext', 'vietnamese']",v15,2025-09-11,"{'100': 'https://fonts.gstatic.com/s/ibmplexsanscondensed/v15/Gg8nN4UfRSqiPg7Jn2ZI12V4DCEwkj1E4LVeHY7KyK7BgYsMDhM.woff2', '100italic': 'https://fonts.gstatic.com/s/ibmplexsanscondensed/v15/Gg8hN4UfRSqiPg7Jn2ZI12V4DCEwkj1E4LVeHYas8M_LgKkJHhOgBg.woff2', '200': 'https://fonts.gstatic.com/s/ibmplexsanscondensed/v15/Gg8gN4UfRSqiPg7Jn2ZI12V4DCEwkj1E4LVeHY5m6Yvur4cFFwq5.woff2', '200italic': 'https://fonts.gstatic.com/s/ibmplexsanscondensed/v15/Gg8iN4UfRSqiPg7Jn2ZI12V4DCEwkj1E4LVeHYas8GPqpYYnEhq5H1w.woff2', '300': 'https://fonts.gstatic.com/s/ibmplexsanscondensed/v15/Gg8gN4UfRSqiPg7Jn2ZI12V4DCEwkj1E4LVeHY4C6ovur4cFFwq5.woff2', '300italic': 'https://fonts.gstatic.com/s/ibmplexsanscondensed/v15/Gg8iN4UfRSqiPg7Jn2ZI12V4DCEwkj1E4LVeHYas8AfppYYnEhq5H1w.woff2', 'regular': 'https://fonts.gstatic.com/s/ibmplexsanscondensed/v15/Gg8lN4UfRSqiPg7Jn2ZI12V4DCEwkj1E4LVeHbarwq_jhJsM.woff2', 'italic': 'https://fonts.gstatic.com/s/ibmplexsanscondensed/v15/Gg8nN4UfRSqiPg7Jn2ZI12V4DCEwkj1E4LVeHYasyK7BgYsMDhM.woff2', '500': 'https://fonts.gstatic.com/s/ibmplexsanscondensed/v15/Gg8gN4UfRSqiPg7Jn2ZI12V4DCEwkj1E4LVeHY5a64vur4cFFwq5.woff2', '500italic': 'https://fonts.gstatic.com/s/ibmplexsanscondensed/v15/Gg8iN4UfRSqiPg7Jn2ZI12V4DCEwkj1E4LVeHYas8F_opYYnEhq5H1w.woff2', '600': 'https://fonts.gstatic.com/s/ibmplexsanscondensed/v15/Gg8gN4UfRSqiPg7Jn2ZI12V4DCEwkj1E4LVeHY527Ivur4cFFwq5.woff2', '600italic': 'https://fonts.gstatic.com/s/ibmplexsanscondensed/v15/Gg8iN4UfRSqiPg7Jn2ZI12V4DCEwkj1E4LVeHYas8HPvpYYnEhq5H1w.woff2', '700': 'https://fonts.gstatic.com/s/ibmplexsanscondensed/v15/Gg8gN4UfRSqiPg7Jn2ZI12V4DCEwkj1E4LVeHY4S7Yvur4cFFwq5.woff2', '700italic': 'https://fonts.gstatic.com/s/ibmplexsanscondensed/v15/Gg8iN4UfRSqiPg7Jn2ZI12V4DCEwkj1E4LVeHYas8BfupYYnEhq5H1w.woff2'}",sans-serif,webfonts#webfont,https://fonts.gstatic.com/s/ibmplexsanscondensed/v15/Gg8lN4UfRSqiPg7Jn2ZI12V4DCEwkj1E4LVeHYavyK4.woff2,,,268,2025,recent_12m,True,False,7,set(),0,False,False,False,4,False,False,False
Patua One,['regular'],['latin'],v22,2025-09-05,{'regular': 'https://fonts.gstatic.com/s/patuaone/v22/ZXuke1cDvLCKLDcimxBI4fNvNA9LuA.woff2'},display,webfonts#webfont,https://fonts.gstatic.com/s/patuaone/v22/ZXuke1cDvLCKLDcimxB45flu.woff2,,,269,2025,recent_12m,False,False,1,set(),0,False,False,False,1,False,False,False
Changa,['regular'],"['arabic', 'latin', 'latin-ext']",v29,2025-09-10,{'regular': 'https://fonts.gstatic.com/s/changa/v29/2-cm9JNi2YuVOUcUZJa_Wu_lpA.woff2'},sans-serif,webfonts#webfont,https://fonts.gstatic.com/s/changa/v29/2-c79JNi2YuVOUcOarRPgnNGooxCZ62xcjHj9w.woff2,"[{'tag': 'wght', 'start': 200, 'end': 800}]",,270,2025,recent_12m,False,True,7,{'wght'},1,False,False,False,3,False,False,False
Lusitana,"['regular', '700']",['latin'],v14,2025-09-08,"{'regular': 'https://fonts.gstatic.com/s/lusitana/v14/CSR84z9ShvucWzsMKxhfRuMiSct_.woff2', '700': 'https://fonts.gstatic.com/s/lusitana/v14/CSR74z9ShvucWzsMKyDmaccvYtd2vfwk.woff2'}",serif,webfonts#webfont,https://fonts.gstatic.com/s/lusitana/v14/CSR84z9ShvucWzsMKyhbTOI.woff2,,,271,2025,recent_12m,False,False,2,set(),0,False,False,False,1,False,False,False
Libre Caslon Text,"['regular', 'italic', '700']","['latin', 'latin-ext']",v5,2025-05-30,"{'regular': 'https://fonts.gstatic.com/s/librecaslontext/v5/DdT878IGsGw1aF1JU10PUbTvNNaDMcq63eNrHgO1.woff2', 'italic': 'https://fonts.gstatic.com/s/librecaslontext/v5/DdT678IGsGw1aF1JU10PUbTvNNaDMfq91-JJGxO1q9o.woff2', '700': 'https://fonts.gstatic.com/s/librecaslontext/v5/DdT578IGsGw1aF1JU10PUbTvNNaDMfID8sdmNR-8ssPt.woff2'}",serif,webfonts#webfont,https://fonts.gstatic.com/s/librecaslontext/v5/DdT878IGsGw1aF1JU10PUbTvNNaDMfq-1-I.woff2,,,272,2025,older,True,False,2,set(),0,False,False,False,2,False,False,False
Quattrocento,"['regular', '700']","['latin', 'latin-ext']",v24,2025-09-05,"{'regular': 'https://fonts.gstatic.com/s/quattrocento/v24/OZpEg_xvsDZQL_LKIF7q4jPHwWL7f4jFuA.woff2', '700': 'https://fonts.gstatic.com/s/quattrocento/v24/OZpbg_xvsDZQL_LKIF7q4jP_eE3fcqPZsXcM9w.woff2'}",serif,webfonts#webfont,https://fonts.gstatic.com/s/quattrocento/v24/OZpEg_xvsDZQL_LKIF7q4jP3xWj6.woff2,,,273,2025,recent_12m,False,False,2,set(),0,False,False,False,2,False,False,False
Paytone One,['regular'],"['latin', 'latin-ext', 'vietnamese']",v25,2025-09-11,{'regular': 'https://fonts.gstatic.com/s/paytoneone/v25/0nksC9P7MfYHj2oFtYm2CiTvivr9iBq_.woff2'},sans-serif,webfonts#webfont,https://fonts.gstatic.com/s/paytoneone/v25/0nksC9P7MfYHj2oFtYm2ChTrgPs.woff2,,,274,2025,recent_12m,False,False,1,set(),0,False,False,False,3,False,False,False
Alexandria,['regular'],"['arabic', 'latin', 'latin-ext', 'vietnamese']",v6,2025-09-05,{'regular': 'https://fonts.gstatic.com/s/alexandria/v6/UMBXrPdDqW66y0Y2usFeWi_XArM58BY.woff2'},sans-serif,webfonts#webfont,https://fonts.gstatic.com/s/alexandria/v6/UMBCrPdDqW66y0Y2usFeQCH18mulUxBvI9r7TpbGFp4.woff2,"[{'tag': 'wght', 'start': 100, 'end': 900}]",,275,2025,recent_12m,False,True,9,{'wght'},1,False,False,False,4,False,False,False
Sen,['regular'],"['latin', 'latin-ext']",v12,2025-09-10,{'regular': 'https://fonts.gstatic.com/s/sen/v12/6xKjdSxYI9_Hnv-MImrpLQ.woff2'},sans-serif,webfonts#webfont,https://fonts.gstatic.com/s/sen/v12/6xK0dSxYI9_dkN18-vZKK2EISCq5L4_AlQ.woff2,"[{'tag': 'wght', 'start': 400, 'end': 800}]",,276,2025,recent_12m,False,True,5,{'wght'},1,False,False,False,2,False,False,False
Martel,"['200', '300', 'regular', '600', '700', '800', '900']","['devanagari', 'latin', 'latin-ext']",v12,2025-09-05,"{'200': 'https://fonts.gstatic.com/s/martel/v12/PN_yRfK9oXHga0XVqekagBbX9vnDzw.woff2', '300': 'https://fonts.gstatic.com/s/martel/v12/PN_yRfK9oXHga0XVzeoagBbX9vnDzw.woff2', 'regular': 'https://fonts.gstatic.com/s/martel/v12/PN_xRfK9oXHga0XtZMI-jT3L_w.woff2', '600': 'https://fonts.gstatic.com/s/martel/v12/PN_yRfK9oXHga0XVuewagBbX9vnDzw.woff2', '700': 'https://fonts.gstatic.com/s/martel/v12/PN_yRfK9oXHga0XV3e0agBbX9vnDzw.woff2', '800': 'https://fonts.gstatic.com/s/martel/v12/PN_yRfK9oXHga0XVwe4agBbX9vnDzw.woff2', '900': 'https://fonts.gstatic.com/s/martel/v12/PN_yRfK9oXHga0XV5e8agBbX9vnDzw.woff2'}",serif,webfonts#webfont,https://fonts.gstatic.com/s/martel/v12/PN_xRfK9oXHga0XdYMg_.woff2,,,277,2025,recent_12m,False,False,7,set(),0,False,False,False,3,False,False,False
League Gothic,['regular'],"['latin', 'latin-ext', 'vietnamese']",v13,2025-09-10,{'regular': 'https://fonts.gstatic.com/s/leaguegothic/v13/qFdC35CBi4tvBz81xy7WG7ep4hoij1I7LLE.woff2'},sans-serif,webfonts#webfont,https://fonts.gstatic.com/s/leaguegothic/v13/qFdR35CBi4tvBz81xy7WG7ep-BQAY7Krj7feObpH_9ang9U.woff2,"[{'tag': 'wdth', 'start': 75, 'end': 100}]",,278,2025,recent_12m,False,True,1,{'wdth'},1,True,False,False,3,False,False,False
Sacramento,['regular'],"['latin', 'latin-ext']",v17,2025-09-11,{'regular': 'https://fonts.gstatic.com/s/sacramento/v17/buEzpo6gcdjy0EiZMBUG0C8V_NxLeiw.woff2'},handwriting,webfonts#webfont,https://fonts.gstatic.com/s/sacramento/v17/buEzpo6gcdjy0EiZMBUG4Csf_Q.woff2,,,279,2025,recent_12m,False,False,1,set(),0,False,False,False,2,False,False,False
Cookie,['regular'],['latin'],v23,2025-09-16,{'regular': 'https://fonts.gstatic.com/s/cookie/v23/syky-y18lb0tSbfNkACT9tPdpw.woff2'},handwriting,webfonts#webfont,https://fonts.gstatic.com/s/cookie/v23/syky-y18lb0tSbf9lAqS.woff2,,,280,2025,recent_12m,False,False,1,set(),0,False,False,False,1,False,False,False
Noto Sans Bengali,['regular'],"['bengali', 'latin', 'latin-ext']",v33,2026-01-28,{'regular': 'https://fonts.gstatic.com/s/notosansbengali/v33/Cn-sJsCGWQxOjaGwMQ6fIiMywrNJIla0vBuclp_T.woff2'},sans-serif,webfonts#webfont,https://fonts.gstatic.com/s/notosansbengali/v33/Cn-SJsCGWQxOjaGwMQ6fIiMywrNJIky6nvd8BjzVMvJx2mcSPVFpVEqE-6KmsolLidGu8w.woff2,"[{'tag': 'wdth', 'start': 62.5, 'end': 100}, {'tag': 'wght', 'start': 100, 'end': 900}]",,281,2026,recent_12m,False,True,9,"{'wdth', 'wght'}",2,True,False,False,3,False,False,False
Golos Text,['regular'],"['cyrillic', 'cyrillic-ext', 'latin', 'latin-ext']",v7,2025-09-11,{'regular': 'https://fonts.gstatic.com/s/golostext/v7/q5uCsoe9Lv5t7Meb31EcIxF2hYxREMs.woff2'},sans-serif,webfonts#webfont,https://fonts.gstatic.com/s/golostext/v7/q5uXsoe9Lv5t7Meb31EcOR9UdVTNs822plVRRT5dGL4.woff2,"[{'tag': 'wght', 'start': 400, 'end': 900}]",,282,2025,recent_12m,False,True,6,{'wght'},1,False,False,False,4,False,False,False
Yantramanav,"['100', '300', 'regular', '500', '700', '900']","['devanagari', 'latin', 'latin-ext']",v15,2025-09-16,"{'100': 'https://fonts.gstatic.com/s/yantramanav/v15/flU-Rqu5zY00QEpyWJYWN5-QXeZzDB41rZg.woff2', '300': 'https://fonts.gstatic.com/s/yantramanav/v15/flUhRqu5zY00QEpyWJYWN59Yf8NcIhI8tIHh.woff2', 'regular': 'https://fonts.gstatic.com/s/yantramanav/v15/flU8Rqu5zY00QEpyWJYWN6fxV-dRCQ41.woff2', '500': 'https://fonts.gstatic.com/s/yantramanav/v15/flUhRqu5zY00QEpyWJYWN58AfsNcIhI8tIHh.woff2', '700': 'https://fonts.gstatic.com/s/yantramanav/v15/flUhRqu5zY00QEpyWJYWN59IeMNcIhI8tIHh.woff2', '900': 'https://fonts.gstatic.com/s/yantramanav/v15/flUhRqu5zY00QEpyWJYWN59wesNcIhI8tIHh.woff2'}",sans-serif,webfonts#webfont,https://fonts.gstatic.com/s/yantramanav/v15/flU8Rqu5zY00QEpyWJYWN5f1XeY.woff2,,,283,2025,recent_12m,False,False,6,set(),0,False,False,False,3,False,False,False
Patrick Hand,['regular'],"['latin', 'latin-ext', 'vietnamese']",v25,2025-09-02,{'regular': 'https://fonts.gstatic.com/s/patrickhand/v25/LDI1apSQOAYtSuYWp8ZhfYeMXMjKm7sp8g.woff2'},handwriting,webfonts#webfont,https://fonts.gstatic.com/s/patrickhand/v25/LDI1apSQOAYtSuYWp8ZhfYe8WMLL.woff2,,,284,2025,recent_12m,False,False,1,set(),0,False,False,False,3,False,False,False
Chelsea Market,['regular'],"['latin', 'latin-ext']",v14,2025-09-16,{'regular': 'https://fonts.gstatic.com/s/chelseamarket/v14/BCawqZsHqfr89WNP_IApC8tzKBhgLA4uKkWk.woff2'},display,webfonts#webfont,https://fonts.gstatic.com/s/chelseamarket/v14/BCawqZsHqfr89WNP_IApC8tzKChkJg8.woff2,,,285,2025,recent_12m,False,False,1,set(),0,False,False,False,2,False,False,False
Zen Old Mincho,"['regular', '500', '600', '700', '900']","['cyrillic', 'greek', 'japanese', 'latin', 'latin-ext']",v13,2025-09-02,"{'regular': 'https://fonts.gstatic.com/s/zenoldmincho/v13/tss0ApVaYytLwxTqcxfMyBveyYbyg31S2s8p.woff2', '500': 'https://fonts.gstatic.com/s/zenoldmincho/v13/tss3ApVaYytLwxTqcxfMyBveyb4Dqllf8dMgPgBu.woff2', '600': 'https://fonts.gstatic.com/s/zenoldmincho/v13/tss3ApVaYytLwxTqcxfMyBveyb4vrVlf8dMgPgBu.woff2', '700': 'https://fonts.gstatic.com/s/zenoldmincho/v13/tss3ApVaYytLwxTqcxfMyBveyb5LrFlf8dMgPgBu.woff2', '900': 'https://fonts.gstatic.com/s/zenoldmincho/v13/tss3ApVaYytLwxTqcxfMyBveyb5zrllf8dMgPgBu.woff2'}",serif,webfonts#webfont,https://fonts.gstatic.com/s/zenoldmincho/v13/tss0ApVaYytLwxTqcxfMyBveybb2iXw.woff2,,,286,2025,recent_12m,False,False,5,set(),0,False,False,False,5,False,False,False
Creepster,['regular'],['latin'],v13,2025-05-30,{'regular': 'https://fonts.gstatic.com/s/creepster/v13/AlZy_zVUqJz4yMrniH4hcHf4XB0Tow.woff2'},display,webfonts#webfont,https://fonts.gstatic.com/s/creepster/v13/AlZy_zVUqJz4yMrniH4RdH35.woff2,,,287,2025,older,False,False,1,set(),0,False,False,False,1,False,False,False
Noto Nastaliq Urdu,['regular'],"['arabic', 'latin', 'latin-ext']",v23,2025-09-02,{'regular': 'https://fonts.gstatic.com/s/notonastaliqurdu/v23/LhW4MUPbN-oZdNFcBy1-DJYsEoTq5puHTfANO9blOA.woff2'},serif,webfonts#webfont,https://fonts.gstatic.com/s/notonastaliqurdu/v23/LhWNMUPbN-oZdNFcBy1-DJYsEoTq5pudQ9L940pGPkB3Qt_-PKyV2g.woff2,"[{'tag': 'wght', 'start': 400, 'end': 700}]",,288,2025,recent_12m,False,True,4,{'wght'},1,False,False,False,3,False,False,False
Signika Negative,['regular'],"['latin', 'latin-ext', 'vietnamese']",v26,2025-09-02,{'regular': 'https://fonts.gstatic.com/s/signikanegative/v26/E218_cfngu7HiRpPX3ZpNE4kY5zKUverrpno9zY.woff2'},sans-serif,webfonts#webfont,https://fonts.gstatic.com/s/signikanegative/v26/E21x_cfngu7HiRpPX3ZpNE4kY5zKSPmJXkF0VDD2RAqnS43tvdk.woff2,"[{'tag': 'wght', 'start': 300, 'end': 700}]",,289,2025,recent_12m,False,True,5,{'wght'},1,False,False,False,3,False,False,False
Sofia Sans Condensed,"['regular', 'italic']","['cyrillic', 'cyrillic-ext', 'greek', 'latin', 'latin-ext']",v6,2025-09-10,"{'regular': 'https://fonts.gstatic.com/s/sofiasanscondensed/v6/r05EGKVS5aVKd567NYXawnFKJaTtoAuLnLcKrNDVemxE.woff2', 'italic': 'https://fonts.gstatic.com/s/sofiasanscondensed/v6/r05KGKVS5aVKd567NYXawnFKJaTtoAuLnIcNptH3f3xEagQ.woff2'}",sans-serif,webfonts#webfont,https://fonts.gstatic.com/s/sofiasanscondensed/v6/r05xGKVS5aVKd567NYXawnFKJaTtoAuLnK0EjiAN5s9CZwUqh-Gcls4P.woff2,"[{'tag': 'wght', 'start': 1, 'end': 1000}]",,290,2025,recent_12m,True,True,10,{'wght'},1,False,False,False,5,False,False,False
PT Sans Caption,"['regular', '700']","['cyrillic', 'cyrillic-ext', 'latin', 'latin-ext']",v20,2025-09-05,"{'regular': 'https://fonts.gstatic.com/s/ptsanscaption/v20/0FlMVP6Hrxmt7-fsUFhlFXNIlpcqeAXwQy6yxg.woff2', '700': 'https://fonts.gstatic.com/s/ptsanscaption/v20/0FlJVP6Hrxmt7-fsUFhlFXNIlpcSwSrUTgWuz38Tgg.woff2'}",sans-serif,webfonts#webfont,https://fonts.gstatic.com/s/ptsanscaption/v20/0FlMVP6Hrxmt7-fsUFhlFXNIlpcafA_x.woff2,,,291,2025,recent_12m,False,False,2,set(),0,False,False,False,4,False,False,False
Francois One,['regular'],"['latin', 'latin-ext', 'vietnamese']",v22,2025-09-16,{'regular': 'https://fonts.gstatic.com/s/francoisone/v22/_Xmr-H4zszafZw3A-KPSZutNwwKQu_avAg.woff2'},sans-serif,webfonts#webfont,https://fonts.gstatic.com/s/francoisone/v22/_Xmr-H4zszafZw3A-KPSZut9xwiR.woff2,,,292,2025,recent_12m,False,False,1,set(),0,False,False,False,3,False,False,False
STIX Two Text,"['regular', 'italic']","['cyrillic', 'cyrillic-ext', 'greek', 'latin', 'latin-ext', 'vietnamese']",v18,2025-09-05,"{'regular': 'https://fonts.gstatic.com/s/stixtwotext/v18/YA9Vr02F12Xkf5whdwKf11l0l7yGiv_Q7dA.woff2', 'italic': 'https://fonts.gstatic.com/s/stixtwotext/v18/YA9Lr02F12Xkf5whdwKf11l0p7uMi93V_dB0Yw.woff2'}",serif,webfonts#webfont,https://fonts.gstatic.com/s/stixtwotext/v18/YA9Gr02F12Xkf5whdwKf11l0jbKkeidMTtZ5Yihg2ROZURA.woff2,"[{'tag': 'wght', 'start': 400, 'end': 700}]",,293,2025,recent_12m,True,True,4,{'wght'},1,False,False,False,6,False,False,False
Philosopher,"['regular', 'italic', '700', '700italic']","['cyrillic', 'cyrillic-ext', 'latin', 'latin-ext', 'vietnamese']",v21,2025-09-10,"{'regular': 'https://fonts.gstatic.com/s/philosopher/v21/vEFV2_5QCwIS4_Dhez5jcVBsRUwU08qe.woff2', 'italic': 'https://fonts.gstatic.com/s/philosopher/v21/vEFX2_5QCwIS4_Dhez5jcWBrT0021tqeR7c.woff2', '700': 'https://fonts.gstatic.com/s/philosopher/v21/vEFI2_5QCwIS4_Dhez5jcWjVamgZ-NaXXq7H.woff2', '700italic': 'https://fonts.gstatic.com/s/philosopher/v21/vEFK2_5QCwIS4_Dhez5jcWBrd_QZ8te1W77HtMo.woff2'}",sans-serif,webfonts#webfont,https://fonts.gstatic.com/s/philosopher/v21/vEFV2_5QCwIS4_Dhez5jcWBoT00.woff2,,,294,2025,recent_12m,True,False,2,set(),0,False,False,False,5,False,False,False
Commissioner,['regular'],"['cyrillic', 'cyrillic-ext', 'greek', 'latin', 'latin-ext', 'vietnamese']",v24,2025-09-10,{'regular': 'https://fonts.gstatic.com/s/commissioner/v24/tDbL2o2WnlgI0FNDgduEk4jaiSr4EwWfTA.woff2'},sans-serif,webfonts#webfont,https://fonts.gstatic.com/s/commissioner/v24/tDaH2o2WnlgI0FNDgduEk4jAhwgumbU1SVfU5BD8OuRL8OstC6KOhgvBYWSFJ-Mgdrgiju6fF8meZm0rk4eF-ZugTMNdKPaxFw.woff2,"[{'tag': 'FLAR', 'start': 0, 'end': 100}, {'tag': 'VOLM', 'start': 0, 'end': 100}, {'tag': 'slnt', 'start': -12, 'end': 0}, {'tag': 'wght', 'start': 100, 'end': 900}]",,295,2025,recent_12m,False,True,9,"{'slnt', 'wght', 'FLAR', 'VOLM'}",4,False,True,False,6,False,False,False
Neuton,"['200', '300', 'regular', 'italic', '700', '800']","['latin', 'latin-ext']",v24,2025-09-16,"{'200': 'https://fonts.gstatic.com/s/neuton/v24/UMBQrPtMoH62xUZKAKkffwD5Drog6Q.woff2', '300': 'https://fonts.gstatic.com/s/neuton/v24/UMBQrPtMoH62xUZKZKoffwD5Drog6Q.woff2', 'regular': 'https://fonts.gstatic.com/s/neuton/v24/UMBTrPtMoH62xUZyzYI7civlBw.woff2', 'italic': 'https://fonts.gstatic.com/s/neuton/v24/UMBRrPtMoH62xUZCyog6UC71B6M5.woff2', '700': 'https://fonts.gstatic.com/s/neuton/v24/UMBQrPtMoH62xUZKdK0ffwD5Drog6Q.woff2', '800': 'https://fonts.gstatic.com/s/neuton/v24/UMBQrPtMoH62xUZKaK4ffwD5Drog6Q.woff2'}",serif,webfonts#webfont,https://fonts.gstatic.com/s/neuton/v24/UMBTrPtMoH62xUZCyYg6.woff2,,,296,2025,recent_12m,True,False,5,set(),0,False,False,False,2,False,False,False
Didact Gothic,['regular'],"['cyrillic', 'cyrillic-ext', 'greek', 'greek-ext', 'latin', 'latin-ext']",v21,2025-09-16,{'regular': 'https://fonts.gstatic.com/s/didactgothic/v21/ahcfv8qz1zt6hCC5G4F_P4ASpUmSp0LlcyQ.woff2'},sans-serif,webfonts#webfont,https://fonts.gstatic.com/s/didactgothic/v21/ahcfv8qz1zt6hCC5G4F_P4ASlU2Ypg.woff2,,,297,2025,recent_12m,False,False,1,set(),0,False,False,False,6,False,False,False
Google Sans Code,"['regular', 'italic']","['adlam', 'canadian-aboriginal', 'cherokee', 'latin', 'latin-ext', 'math', 'old-permic', 'symbols', 'symbols2', 'syriac', 'vietnamese']",v17,2026-04-14,"{'regular': 'https://fonts.gstatic.com/s/googlesanscode/v17/pxifyogzv91QhV44Z_GQBHsGf5PuaExurmapvvM.woff2', 'italic': 'https://fonts.gstatic.com/s/googlesanscode/v17/pxiZyogzv91QhV44Z_GQBHsGf5PuWEtkr0SsrvNXiA.woff2'}",monospace,webfonts#webfont,https://fonts.gstatic.com/s/googlesanscode/v17/pxihyogzv91QhV44Z_GQBHsGf5PuckJMZfIVTPZaiXEp_ht12EVEHsN1sCQNcmTlsgki.woff2,"[{'tag': 'MONO', 'start': 0, 'end': 1}, {'tag': 'wght', 'start': 300, 'end': 800}]",,298,2026,recent_12m,True,True,6,"{'MONO', 'wght'}",2,False,False,False,11,False,False,False
Gruppo,['regular'],"['latin', 'latin-ext']",v23,2025-09-02,{'regular': 'https://fonts.gstatic.com/s/gruppo/v23/WwkfxPmzE06v_ZWFXHDAOIEQUQ.woff2'},sans-serif,webfonts#webfont,https://fonts.gstatic.com/s/gruppo/v23/WwkfxPmzE06v_ZW1WHrB.woff2,,,299,2025,recent_12m,False,False,1,set(),0,False,False,False,2,False,False,False
Oxanium,['regular'],"['latin', 'latin-ext']",v21,2025-09-10,{'regular': 'https://fonts.gstatic.com/s/oxanium/v21/RrQQboN_4yJ0JmiMS2DO0LBBd4Y.woff2'},display,webfonts#webfont,https://fonts.gstatic.com/s/oxanium/v21/RrQPboN_4yJ0JmiMUW7sIGjd1IA9G81JfkiND3U.woff2,"[{'tag': 'wght', 'start': 200, 'end': 800}]",,300,2025,recent_12m,False,True,7,{'wght'},1,False,False,False,2,False,False,False
Ubuntu Condensed,['regular'],"['cyrillic', 'cyrillic-ext', 'greek', 'greek-ext', 'latin', 'latin-ext']",v17,2025-09-02,{'regular': 'https://fonts.gstatic.com/s/ubuntucondensed/v17/u-4k0rCzjgs5J7oXnJcM_0kACGMtf-LVqvHoJXw.woff2'},sans-serif,webfonts#webfont,https://fonts.gstatic.com/s/ubuntucondensed/v17/u-4k0rCzjgs5J7oXnJcM_0kACGMtT-bfqw.woff2,,,301,2025,recent_12m,False,False,1,set(),0,False,False,False,6,False,False,False
Rokkitt,"['regular', 'italic']","['latin', 'latin-ext', 'vietnamese']",v39,2025-09-11,"{'regular': 'https://fonts.gstatic.com/s/rokkitt/v39/qFdE35qfgYFjGy5hoESId9bL2h4.woff2', 'italic': 'https://fonts.gstatic.com/s/rokkitt/v39/qFdG35qfgYFjGy5hkEOCdvTOyh4Qig.woff2'}",serif,webfonts#webfont,https://fonts.gstatic.com/s/rokkitt/v39/qFdb35qfgYFjGy5hukqqhw5XeRgdi1ryd6DKGb8.woff2,"[{'tag': 'wght', 'start': 100, 'end': 900}]",,302,2025,recent_12m,True,True,9,{'wght'},1,False,False,False,3,False,False,False
Antonio,['regular'],"['latin', 'latin-ext']",v22,2025-09-05,{'regular': 'https://fonts.gstatic.com/s/antonio/v22/gNMEW3NwSYq_9WD3-HYoFIez5MI.woff2'},sans-serif,webfonts#webfont,https://fonts.gstatic.com/s/antonio/v22/gNMbW3NwSYq_9WD34ngK5F8vR8T0PVxx8StJaWE.woff2,"[{'tag': 'wght', 'start': 100, 'end': 700}]",,303,2025,recent_12m,False,True,7,{'wght'},1,False,False,False,2,False,False,False
Nanum Gothic Coding,"['regular', '700']","['korean', 'latin']",v27,2025-09-10,"{'regular': 'https://fonts.gstatic.com/s/nanumgothiccoding/v27/8QIVdjzHisX_8vv59_xMxtPFW4IXROwsy6ExVs1X7tc.woff2', '700': 'https://fonts.gstatic.com/s/nanumgothiccoding/v27/8QIYdjzHisX_8vv59_xMxtPFW4IXROws8xgecsB88t5V9r4.woff2'}",handwriting,webfonts#webfont,https://fonts.gstatic.com/s/nanumgothiccoding/v27/8QIVdjzHisX_8vv59_xMxtPFW4IXROws-6U7Vw.woff2,,,304,2025,recent_12m,False,False,2,set(),0,False,False,False,2,True,False,False
Italianno,['regular'],"['latin', 'latin-ext', 'vietnamese']",v18,2025-09-05,{'regular': 'https://fonts.gstatic.com/s/italianno/v18/dg4n_p3sv6gCJkwzT6RnipYpQwM-gg.woff2'},handwriting,webfonts#webfont,https://fonts.gstatic.com/s/italianno/v18/dg4n_p3sv6gCJkwzT6RXjpwo.woff2,,,305,2025,recent_12m,False,False,1,set(),0,False,False,False,3,False,False,False
Unna,"['regular', 'italic', '700', '700italic']","['latin', 'latin-ext']",v25,2025-09-11,"{'regular': 'https://fonts.gstatic.com/s/unna/v25/AYCEpXzofN0NCp0BlGHCWFM.woff2', 'italic': 'https://fonts.gstatic.com/s/unna/v25/AYCKpXzofN0NOpoLlUPHSFNyxw.woff2', '700': 'https://fonts.gstatic.com/s/unna/v25/AYCLpXzofN0NMiQusGzpRFpr3vc.woff2', '700italic': 'https://fonts.gstatic.com/s/unna/v25/AYCJpXzofN0NOpozLGzjRXhuzvef5Q.woff2'}",serif,webfonts#webfont,https://fonts.gstatic.com/s/unna/v25/AYCEpXzofN0NOpkLlQ.woff2,,,306,2025,recent_12m,True,False,2,set(),0,False,False,False,2,False,False,False
Kosugi Maru,['regular'],"['cyrillic', 'japanese', 'latin', 'latin-ext']",v17,2025-09-08,{'regular': 'https://fonts.gstatic.com/s/kosugimaru/v17/0nksC9PgP_wGh21A2KeqGiTvivr9iBq_.woff2'},sans-serif,webfonts#webfont,https://fonts.gstatic.com/s/kosugimaru/v17/0nksC9PgP_wGh21A2KeqGhTrgPs.woff2,,,307,2025,recent_12m,False,False,1,set(),0,False,False,False,4,False,False,False
Josefin Slab,"['regular', 'italic']",['latin'],v29,2025-09-16,"{'regular': 'https://fonts.gstatic.com/s/josefinslab/v29/lW-5wjwOK3Ps5GSJlNNkMalXqASuJsv4Pw.woff2', 'italic': 'https://fonts.gstatic.com/s/josefinslab/v29/lW-nwjwOK3Ps5GSJlNNkMalnrw6vBM7oPxMX.woff2'}",serif,webfonts#webfont,https://fonts.gstatic.com/s/josefinslab/v29/lW-swjwOK3Ps5GSJlNNkMalNpiZe_ldbOR4W71msR3g9Kg.woff2,"[{'tag': 'wght', 'start': 100, 'end': 700}]",,308,2025,recent_12m,True,True,7,{'wght'},1,False,False,False,1,False,False,False
Fugaz One,['regular'],['latin'],v21,2025-09-16,{'regular': 'https://fonts.gstatic.com/s/fugazone/v21/rax_HiWKp9EAITukFslMARJek0vA8A.woff2'},display,webfonts#webfont,https://fonts.gstatic.com/s/fugazone/v21/rax_HiWKp9EAITukFsl8BRhf.woff2,,,309,2025,recent_12m,False,False,1,set(),0,False,False,False,1,False,False,False
Delius,['regular'],['latin'],v21,2025-09-16,{'regular': 'https://fonts.gstatic.com/s/delius/v21/PN_xRfK0pW_9e1rtZMI-jT3L_w.woff2'},handwriting,webfonts#webfont,https://fonts.gstatic.com/s/delius/v21/PN_xRfK0pW_9e1rdYMg_.woff2,,,310,2025,recent_12m,False,False,1,set(),0,False,False,False,1,False,False,False
Amaranth,"['regular', 'italic', '700', '700italic']",['latin'],v19,2025-09-05,"{'regular': 'https://fonts.gstatic.com/s/amaranth/v19/KtkuALODe433f0j1zPnHF9GqwnzW.woff2', 'italic': 'https://fonts.gstatic.com/s/amaranth/v19/KtkoALODe433f0j1zMnAHdCIx2zWD4I.woff2', '700': 'https://fonts.gstatic.com/s/amaranth/v19/KtkpALODe433f0j1zMF-OPWn6WDfFpuc.woff2', '700italic': 'https://fonts.gstatic.com/s/amaranth/v19/KtkrALODe433f0j1zMnAJWmn42H9E4ucRY8.woff2'}",sans-serif,webfonts#webfont,https://fonts.gstatic.com/s/amaranth/v19/KtkuALODe433f0j1zMnDHdA.woff2,,,311,2025,recent_12m,True,False,2,set(),0,False,False,False,1,False,False,False
Bai Jamjuree,"['200', '200italic', '300', '300italic', 'regular', 'italic', '500', '500italic', '600', '600italic', '700', '700italic']","['latin', 'latin-ext', 'thai', 'vietnamese']",v13,2025-09-08,"{'200': 'https://fonts.gstatic.com/s/baijamjuree/v13/LDIqapSCOBt_aeQQ7ftydoa0kePulpA1-yiSgA.woff2', '200italic': 'https://fonts.gstatic.com/s/baijamjuree/v13/LDIoapSCOBt_aeQQ7ftydoa8W_oGkpo02S2CgOva.woff2', '300': 'https://fonts.gstatic.com/s/baijamjuree/v13/LDIqapSCOBt_aeQQ7ftydoa09eDulpA1-yiSgA.woff2', '300italic': 'https://fonts.gstatic.com/s/baijamjuree/v13/LDIoapSCOBt_aeQQ7ftydoa8W_pikZo02S2CgOva.woff2', 'regular': 'https://fonts.gstatic.com/s/baijamjuree/v13/LDI1apSCOBt_aeQQ7ftydoaMXMjKm7sp8g.woff2', 'italic': 'https://fonts.gstatic.com/s/baijamjuree/v13/LDIrapSCOBt_aeQQ7ftydoa8W8LLub458jGL.woff2', '500': 'https://fonts.gstatic.com/s/baijamjuree/v13/LDIqapSCOBt_aeQQ7ftydoa0reHulpA1-yiSgA.woff2', '500italic': 'https://fonts.gstatic.com/s/baijamjuree/v13/LDIoapSCOBt_aeQQ7ftydoa8W_o6kJo02S2CgOva.woff2', '600': 'https://fonts.gstatic.com/s/baijamjuree/v13/LDIqapSCOBt_aeQQ7ftydoa0gebulpA1-yiSgA.woff2', '600italic': 'https://fonts.gstatic.com/s/baijamjuree/v13/LDIoapSCOBt_aeQQ7ftydoa8W_oWl5o02S2CgOva.woff2', '700': 'https://fonts.gstatic.com/s/baijamjuree/v13/LDIqapSCOBt_aeQQ7ftydoa05efulpA1-yiSgA.woff2', '700italic': 'https://fonts.gstatic.com/s/baijamjuree/v13/LDIoapSCOBt_aeQQ7ftydoa8W_pylpo02S2CgOva.woff2'}",sans-serif,webfonts#webfont,https://fonts.gstatic.com/s/baijamjuree/v13/LDI1apSCOBt_aeQQ7ftydoa8WMLL.woff2,,,312,2025,recent_12m,True,False,6,set(),0,False,False,False,4,False,False,False
Encode Sans Condensed,"['100', '200', '300', 'regular', '500', '600', '700', '800', '900']","['latin', 'latin-ext', 'vietnamese']",v13,2026-06-30,"{'100': 'https://fonts.gstatic.com/s/encodesanscondensed/v13/j8_76_LD37rqfuwxyIuaZhE6cRXOLtm2gfT-5a-MLQoFI2KR.woff2', '200': 'https://fonts.gstatic.com/s/encodesanscondensed/v13/j8_46_LD37rqfuwxyIuaZhE6cRXOLtm2gfT-SY6pAiQJKnuIFA.woff2', '300': 'https://fonts.gstatic.com/s/encodesanscondensed/v13/j8_46_LD37rqfuwxyIuaZhE6cRXOLtm2gfT-LY2pAiQJKnuIFA.woff2', 'regular': 'https://fonts.gstatic.com/s/encodesanscondensed/v13/j8_16_LD37rqfuwxyIuaZhE6cRXOLtm2gfTGhKWNDw8VIw.woff2', '500': 'https://fonts.gstatic.com/s/encodesanscondensed/v13/j8_46_LD37rqfuwxyIuaZhE6cRXOLtm2gfT-dYypAiQJKnuIFA.woff2', '600': 'https://fonts.gstatic.com/s/encodesanscondensed/v13/j8_46_LD37rqfuwxyIuaZhE6cRXOLtm2gfT-WYupAiQJKnuIFA.woff2', '700': 'https://fonts.gstatic.com/s/encodesanscondensed/v13/j8_46_LD37rqfuwxyIuaZhE6cRXOLtm2gfT-PYqpAiQJKnuIFA.woff2', '800': 'https://fonts.gstatic.com/s/encodesanscondensed/v13/j8_46_LD37rqfuwxyIuaZhE6cRXOLtm2gfT-IYmpAiQJKnuIFA.woff2', '900': 'https://fonts.gstatic.com/s/encodesanscondensed/v13/j8_46_LD37rqfuwxyIuaZhE6cRXOLtm2gfT-BYipAiQJKnuIFA.woff2'}",sans-serif,webfonts#webfont,https://fonts.gstatic.com/s/encodesanscondensed/v13/j8_16_LD37rqfuwxyIuaZhE6cRXOLtm2gfT2gK-M.woff2,,,313,2026,recent_12m,False,False,9,set(),0,False,False,False,3,False,False,False
Actor,['regular'],['latin'],v18,2025-09-10,{'regular': 'https://fonts.gstatic.com/s/actor/v18/wEOzEBbCkc5cO3ehXygtUMIO.woff2'},sans-serif,webfonts#webfont,https://fonts.gstatic.com/s/actor/v18/wEOzEBbCkc5cO0elVSk.woff2,,,314,2025,recent_12m,False,False,1,set(),0,False,False,False,1,False,False,False
Rock Salt,['regular'],['latin'],v24,2025-09-08,{'regular': 'https://fonts.gstatic.com/s/rocksalt/v24/MwQ0bhv11fWD6QsAVOZbtUk7hbBWrA.woff2'},handwriting,webfonts#webfont,https://fonts.gstatic.com/s/rocksalt/v24/MwQ0bhv11fWD6QsAVOZrsUM6.woff2,,,315,2025,recent_12m,False,False,1,set(),0,False,False,False,1,False,False,False
Noto Sans Hebrew,['regular'],"['cyrillic-ext', 'greek-ext', 'hebrew', 'latin', 'latin-ext']",v50,2025-09-05,{'regular': 'https://fonts.gstatic.com/s/notosanshebrew/v50/or35Q7v33eiDljA1IufXTtVf7V6Rpk8_aen0c78.woff2'},sans-serif,webfonts#webfont,https://fonts.gstatic.com/s/notosanshebrew/v50/or3HQ7v33eiDljA1IufXTtVf7V6RvEEdhQlk0LlGxCyaeNKYZC0sqk3xXGiXd4qdoyhk.woff2,"[{'tag': 'wdth', 'start': 62.5, 'end': 100}, {'tag': 'wght', 'start': 100, 'end': 900}]",,316,2025,recent_12m,False,True,9,"{'wdth', 'wght'}",2,True,False,False,5,False,False,False
Playfair Display SC,"['regular', 'italic', '700', '700italic', '900', '900italic']","['cyrillic', 'latin', 'latin-ext', 'vietnamese']",v18,2025-09-11,"{'regular': 'https://fonts.gstatic.com/s/playfairdisplaysc/v18/ke85OhoaMkR6-hSn7kbHVoFf7ZfgMPr_pbsGEcM2M4s.woff2', 'italic': 'https://fonts.gstatic.com/s/playfairdisplaysc/v18/ke87OhoaMkR6-hSn7kbHVoFf7ZfgMPr_lbwMEOEzI4sNKg.woff2', '700': 'https://fonts.gstatic.com/s/playfairdisplaysc/v18/ke80OhoaMkR6-hSn7kbHVoFf7ZfgMPr_nQIpNc4dL4IUMyE.woff2', '700italic': 'https://fonts.gstatic.com/s/playfairdisplaysc/v18/ke82OhoaMkR6-hSn7kbHVoFf7ZfgMPr_lbw0qc4XLqARIyH5IA.woff2', '900': 'https://fonts.gstatic.com/s/playfairdisplaysc/v18/ke80OhoaMkR6-hSn7kbHVoFf7ZfgMPr_nTorNc4dL4IUMyE.woff2', '900italic': 'https://fonts.gstatic.com/s/playfairdisplaysc/v18/ke82OhoaMkR6-hSn7kbHVoFf7ZfgMPr_lbw0kcwXLqARIyH5IA.woff2'}",serif,webfonts#webfont,https://fonts.gstatic.com/s/playfairdisplaysc/v18/ke85OhoaMkR6-hSn7kbHVoFf7ZfgMPr_lb8MEA.woff2,,,317,2025,recent_12m,True,False,3,set(),0,False,False,False,4,False,False,False
Gilda Display,['regular'],"['latin', 'latin-ext']",v20,2025-09-10,{'regular': 'https://fonts.gstatic.com/s/gildadisplay/v20/t5tmIRoYMoaYG0WEOh7HwMeR7TzFrpOHYh4.woff2'},serif,webfonts#webfont,https://fonts.gstatic.com/s/gildadisplay/v20/t5tmIRoYMoaYG0WEOh7HwMeR3TjPrw.woff2,,,318,2025,recent_12m,False,False,1,set(),0,False,False,False,2,False,False,False
Libre Bodoni,"['regular', 'italic']","['latin', 'latin-ext', 'vietnamese']",v9,2025-09-16,"{'regular': 'https://fonts.gstatic.com/s/librebodoni/v9/_Xmr-H45qDWDYULr5OfyZudNwwKQu_avAg.woff2', 'italic': 'https://fonts.gstatic.com/s/librebodoni/v9/_Xm1-H45qDWDYULr5OfyZud9xAiRmfO_AmZf.woff2'}",serif,webfonts#webfont,https://fonts.gstatic.com/s/librebodoni/v9/_Xm--H45qDWDYULr5OfyZudXzSBgY2oMBGte6I1f8W3TcQ.woff2,"[{'tag': 'wght', 'start': 400, 'end': 700}]",,319,2025,recent_12m,True,True,4,{'wght'},1,False,False,False,3,False,False,False
Lustria,['regular'],['latin'],v14,2025-09-11,{'regular': 'https://fonts.gstatic.com/s/lustria/v14/9oRONYodvDEyjuhOrC05MtPyAcg.woff2'},serif,webfonts#webfont,https://fonts.gstatic.com/s/lustria/v14/9oRONYodvDEyjuhOnCkzMw.woff2,,,320,2025,recent_12m,False,False,1,set(),0,False,False,False,1,False,False,False
Gabarito,['regular'],"['latin', 'latin-ext']",v9,2025-09-05,{'regular': 'https://fonts.gstatic.com/s/gabarito/v9/QGYtz_0dZAGKJJ4t3EtqUYTknuBJ.woff2'},display,webfonts#webfont,https://fonts.gstatic.com/s/gabarito/v9/QGYwz_0dZAGKJJ4t3FFkc3Q8AkNP9Pj248KEFwgs.woff2,"[{'tag': 'wght', 'start': 400, 'end': 900}]",,321,2025,recent_12m,False,True,6,{'wght'},1,False,False,False,2,False,False,False
Material Symbols,['regular'],['latin'],v89,2026-07-23,{'regular': 'https://fonts.gstatic.com/s/materialsymbols/v89/d6lTkb-sS9m3-i1LgQNcsFOOuLQXpmBbPS7ihsk.woff2'},monospace,webfonts#webfont,https://fonts.gstatic.com/s/materialsymbols/v89/d6kSkb-sS9m3-i1LgQNcsFOOuLQXvG559b5GLMxCWRtThFK5gn7xw7XblIl2peTfMb7ONaa2_wzcUHR1Ukiw2RYw2vadH3BFk0G4701x-cU0BaNVXEDeRLP2.woff2,"[{'tag': 'FILL', 'start': 0, 'end': 1}, {'tag': 'GRAD', 'start': -50, 'end': 200}, {'tag': 'ROND', 'start': 0, 'end': 100}, {'tag': 'opsz', 'start': 20, 'end': 48}, {'tag': 'wght', 'start': 100, 'end': 700}]",,322,2026,recent_12m,False,True,7,"{'FILL', 'wght', 'ROND', 'opsz', 'GRAD'}",5,False,False,True,1,False,False,False
Quattrocento Sans,"['regular', 'italic', '700', '700italic']","['latin', 'latin-ext']",v22,2025-09-08,"{'regular': 'https://fonts.gstatic.com/s/quattrocentosans/v22/va9c4lja2NVIDdIAAoMR5MfuElaRB3zLvU7eHGHJ.woff2', 'italic': 'https://fonts.gstatic.com/s/quattrocentosans/v22/va9a4lja2NVIDdIAAoMR5MfuElaRB0zMt0_8GXHJkLI.woff2', '700': 'https://fonts.gstatic.com/s/quattrocentosans/v22/va9Z4lja2NVIDdIAAoMR5MfuElaRB0RykmrTN33AiasJ.woff2', '700italic': 'https://fonts.gstatic.com/s/quattrocentosans/v22/va9X4lja2NVIDdIAAoMR5MfuElaRB0zMj_bTPXzijLsJV7E.woff2'}",sans-serif,webfonts#webfont,https://fonts.gstatic.com/s/quattrocentosans/v22/va9c4lja2NVIDdIAAoMR5MfuElaRB0zPt08.woff2,,,323,2025,recent_12m,True,False,2,set(),0,False,False,False,2,False,False,False
Andada Pro,"['regular', 'italic']","['latin', 'latin-ext', 'vietnamese']",v26,2026-06-30,"{'regular': 'https://fonts.gstatic.com/s/andadapro/v26/HhyRU5Qi9-SuOEhPe4LtMItgSbkI5_E.woff2', 'italic': 'https://fonts.gstatic.com/s/andadapro/v26/HhyTU5Qi9-SuOEhPe4LtAIxqSJsN9_Et3Q.woff2'}",serif,webfonts#webfont,https://fonts.gstatic.com/s/andadapro/v26/HhyEU5Qi9-SuOEhPe4LtKoVCuWGURPcg3DPJBb8dHr0.woff2,"[{'tag': 'wght', 'start': 400, 'end': 840}]",,324,2026,recent_12m,True,True,5,{'wght'},1,False,False,False,3,False,False,False
PT Mono,['regular'],"['cyrillic', 'cyrillic-ext', 'latin', 'latin-ext']",v14,2025-09-08,{'regular': 'https://fonts.gstatic.com/s/ptmono/v14/9oRONYoBnWILk-9ArC05MtPyAcg.woff2'},monospace,webfonts#webfont,https://fonts.gstatic.com/s/ptmono/v14/9oRONYoBnWILk-9AnCkzMw.woff2,,,325,2025,recent_12m,False,False,1,set(),0,False,False,False,4,False,False,False
Forum,['regular'],"['cyrillic', 'cyrillic-ext', 'latin', 'latin-ext']",v19,2025-09-05,{'regular': 'https://fonts.gstatic.com/s/forum/v19/6aey4Ky-Vb8Ew_ITMJMa3mnT.woff2'},display,webfonts#webfont,https://fonts.gstatic.com/s/forum/v19/6aey4Ky-Vb8Ew8IXOpI.woff2,,,326,2025,recent_12m,False,False,1,set(),0,False,False,False,4,False,False,False
Jura,['regular'],"['cyrillic', 'cyrillic-ext', 'greek', 'greek-ext', 'kayah-li', 'latin', 'latin-ext', 'vietnamese']",v34,2025-09-16,{'regular': 'https://fonts.gstatic.com/s/jura/v34/z7NbdRfiaC4VbcZDUCRDzJ0.woff2'},sans-serif,webfonts#webfont,https://fonts.gstatic.com/s/jura/v34/z7NOdRfiaC4Vd8hhoPzfb5vBTP1d7ZugR_g.woff2,"[{'tag': 'wght', 'start': 300, 'end': 700}]",,327,2025,recent_12m,False,True,5,{'wght'},1,False,False,False,8,False,False,False
Poiret One,['regular'],"['cyrillic', 'latin', 'latin-ext']",v18,2025-09-11,{'regular': 'https://fonts.gstatic.com/s/poiretone/v18/UqyVK80NJXN4zfRgbdfbk5xWVscxdKE.woff2'},display,webfonts#webfont,https://fonts.gstatic.com/s/poiretone/v18/UqyVK80NJXN4zfRgbdfbo5hcVw.woff2,,,328,2025,recent_12m,False,False,1,set(),0,False,False,False,3,False,False,False
Radio Canada,"['regular', 'italic']","['canadian-aboriginal', 'latin', 'latin-ext', 'vietnamese']",v26,2025-09-05,"{'regular': 'https://fonts.gstatic.com/s/radiocanada/v26/XRXT3ISXn0dBMcibU6jlAqrtdBADBHJ6ZA.woff2', 'italic': 'https://fonts.gstatic.com/s/radiocanada/v26/XRXN3ISXn0dBMcibU6jlAqrdcxoCJndqZCsW.woff2'}",sans-serif,webfonts#webfont,https://fonts.gstatic.com/s/radiocanada/v26/XRX13ISXn0dBMcibU6jlAqr3ejLv5OLZYiYXik6db2P4jxxlsls-0nFMkTPJLuY.woff2,"[{'tag': 'wdth', 'start': 75, 'end': 100}, {'tag': 'wght', 'start': 300, 'end': 700}]",,329,2025,recent_12m,True,True,5,"{'wdth', 'wght'}",2,True,False,False,4,False,False,False
Pathway Gothic One,['regular'],"['latin', 'latin-ext']",v16,2025-09-16,{'regular': 'https://fonts.gstatic.com/s/pathwaygothicone/v16/MwQrbgD32-KAvjkYGNUUxAtW7pEBwx-dSVxeb80flQ.woff2'},sans-serif,webfonts#webfont,https://fonts.gstatic.com/s/pathwaygothicone/v16/MwQrbgD32-KAvjkYGNUUxAtW7pEBwx-tTVZf.woff2,,,330,2025,recent_12m,False,False,1,set(),0,False,False,False,2,False,False,False
Krub,"['200', '200italic', '300', '300italic', 'regular', 'italic', '500', '500italic', '600', '600italic', '700', '700italic']","['latin', 'latin-ext', 'thai', 'vietnamese']",v11,2025-09-16,"{'200': 'https://fonts.gstatic.com/s/krub/v11/sZlEdRyC6CRYZo47KLR4R6gWaf8.woff2', '200italic': 'https://fonts.gstatic.com/s/krub/v11/sZlGdRyC6CRYbkQiwLByRooTef_6gQ.woff2', '300': 'https://fonts.gstatic.com/s/krub/v11/sZlEdRyC6CRYZuo4KLR4R6gWaf8.woff2', '300italic': 'https://fonts.gstatic.com/s/krub/v11/sZlGdRyC6CRYbkQipLNyRooTef_6gQ.woff2', 'regular': 'https://fonts.gstatic.com/s/krub/v11/sZlLdRyC6CRYXkMQDLlTW6E.woff2', 'italic': 'https://fonts.gstatic.com/s/krub/v11/sZlFdRyC6CRYbkQaDZtWS6EPcA.woff2', '500': 'https://fonts.gstatic.com/s/krub/v11/sZlEdRyC6CRYZrI5KLR4R6gWaf8.woff2', '500italic': 'https://fonts.gstatic.com/s/krub/v11/sZlGdRyC6CRYbkQi_LJyRooTef_6gQ.woff2', '600': 'https://fonts.gstatic.com/s/krub/v11/sZlEdRyC6CRYZp4-KLR4R6gWaf8.woff2', '600italic': 'https://fonts.gstatic.com/s/krub/v11/sZlGdRyC6CRYbkQi0LVyRooTef_6gQ.woff2', '700': 'https://fonts.gstatic.com/s/krub/v11/sZlEdRyC6CRYZvo_KLR4R6gWaf8.woff2', '700italic': 'https://fonts.gstatic.com/s/krub/v11/sZlGdRyC6CRYbkQitLRyRooTef_6gQ.woff2'}",sans-serif,webfonts#webfont,https://fonts.gstatic.com/s/krub/v11/sZlLdRyC6CRYbkcaDQ.woff2,,,331,2025,recent_12m,True,False,6,set(),0,False,False,False,4,False,False,False
Rammetto One,['regular'],"['latin', 'latin-ext']",v21,2025-09-16,{'regular': 'https://fonts.gstatic.com/s/rammettoone/v21/LhWiMV3HOfMbMetJG3lQDpp9N_uciu-_SQ.woff2'},display,webfonts#webfont,https://fonts.gstatic.com/s/rammettoone/v21/LhWiMV3HOfMbMetJG3lQDppNM_Gd.woff2,,,332,2025,recent_12m,False,False,1,set(),0,False,False,False,2,False,False,False
Merienda,['regular'],"['latin', 'latin-ext', 'vietnamese']",v22,2025-09-16,{'regular': 'https://fonts.gstatic.com/s/merienda/v22/gNMHW3x8Qoy5_mf8uVMHOou6_dvg.woff2'},handwriting,webfonts#webfont,https://fonts.gstatic.com/s/merienda/v22/gNMaW3x8Qoy5_mf8uUkJGHtiYXjmKFy5enhYSET9.woff2,"[{'tag': 'wght', 'start': 300, 'end': 900}]",,333,2025,recent_12m,False,True,7,{'wght'},1,False,False,False,3,False,False,False
Homemade Apple,['regular'],['latin'],v24,2025-09-08,{'regular': 'https://fonts.gstatic.com/s/homemadeapple/v24/Qw3EZQFXECDrI2q789EKQZJob3x4Vnksi4M7.woff2'},handwriting,webfonts#webfont,https://fonts.gstatic.com/s/homemadeapple/v24/Qw3EZQFXECDrI2q789EKQZJob0x8XHg.woff2,,,334,2025,recent_12m,False,False,1,set(),0,False,False,False,1,False,False,False
Tangerine,"['regular', '700']",['latin'],v18,2025-09-11,"{'regular': 'https://fonts.gstatic.com/s/tangerine/v18/IurY6Y5j_oScZZow4VOBC5xNhLBQ4Q.woff2', '700': 'https://fonts.gstatic.com/s/tangerine/v18/Iurd6Y5j_oScZZow4VO5srNpiZtM6G0t9w.woff2'}",handwriting,webfonts#webfont,https://fonts.gstatic.com/s/tangerine/v18/IurY6Y5j_oScZZow4VOxD5ZM.woff2,,,335,2025,recent_12m,False,False,2,set(),0,False,False,False,1,False,False,False
Concert One,['regular'],"['latin', 'latin-ext']",v24,2025-09-11,{'regular': 'https://fonts.gstatic.com/s/concertone/v24/VEM1Ro9xs5PjtzCu-srDqRTghv-CuVAQ.woff2'},display,webfonts#webfont,https://fonts.gstatic.com/s/concertone/v24/VEM1Ro9xs5PjtzCu-srDqSTkjP4.woff2,,,336,2025,recent_12m,False,False,1,set(),0,False,False,False,2,False,False,False
Parisienne,['regular'],"['latin', 'latin-ext']",v14,2025-09-05,{'regular': 'https://fonts.gstatic.com/s/parisienne/v14/E21i_d3kivvAkxhLEVZpcyp6DuKuavM.woff2'},handwriting,webfonts#webfont,https://fonts.gstatic.com/s/parisienne/v14/E21i_d3kivvAkxhLEVZpQy5wDw.woff2,,,337,2025,recent_12m,False,False,1,set(),0,False,False,False,2,False,False,False
Berkshire Swash,['regular'],"['latin', 'latin-ext']",v22,2025-09-11,{'regular': 'https://fonts.gstatic.com/s/berkshireswash/v22/ptRRTi-cavZOGqCvnNJDl5m5XmNPqMQybX4pQA.woff2'},handwriting,webfonts#webfont,https://fonts.gstatic.com/s/berkshireswash/v22/ptRRTi-cavZOGqCvnNJDl5m5XmN_rM4z.woff2,,,338,2025,recent_12m,False,False,1,set(),0,False,False,False,2,False,False,False
Architects Daughter,['regular'],"['latin', 'latin-ext']",v20,2025-09-16,{'regular': 'https://fonts.gstatic.com/s/architectsdaughter/v20/KtkxAKiDZI_td1Lkx62xHZHDtgO_Y-bvfYtq4szgE-Q.woff2'},handwriting,webfonts#webfont,https://fonts.gstatic.com/s/architectsdaughter/v20/KtkxAKiDZI_td1Lkx62xHZHDtgO_Y-bvTY9g4w.woff2,,,339,2025,recent_12m,False,False,1,set(),0,False,False,False,2,False,False,False
Alex Brush,['regular'],"['latin', 'latin-ext', 'vietnamese']",v23,2025-09-11,{'regular': 'https://fonts.gstatic.com/s/alexbrush/v23/SZc83FzrJKuqFbwMKk6EtUf57DtOmCc.woff2'},handwriting,webfonts#webfont,https://fonts.gstatic.com/s/alexbrush/v23/SZc83FzrJKuqFbwMKk6EhUPz7Q.woff2,,,340,2025,recent_12m,False,False,1,set(),0,False,False,False,3,False,False,False
Biryani,"['200', '300', 'regular', '600', '700', '800', '900']","['devanagari', 'latin', 'latin-ext']",v15,2025-09-05,"{'200': 'https://fonts.gstatic.com/s/biryani/v15/hv-TlzNxIFoO84YddYQyGTVSU-J-RxQ.woff2', '300': 'https://fonts.gstatic.com/s/biryani/v15/hv-TlzNxIFoO84YddeAxGTVSU-J-RxQ.woff2', 'regular': 'https://fonts.gstatic.com/s/biryani/v15/hv-WlzNxIFoO84YdTUkZPTh5T-s.woff2', '600': 'https://fonts.gstatic.com/s/biryani/v15/hv-TlzNxIFoO84YddZQ3GTVSU-J-RxQ.woff2', '700': 'https://fonts.gstatic.com/s/biryani/v15/hv-TlzNxIFoO84YddfA2GTVSU-J-RxQ.woff2', '800': 'https://fonts.gstatic.com/s/biryani/v15/hv-TlzNxIFoO84Yddew1GTVSU-J-RxQ.woff2', '900': 'https://fonts.gstatic.com/s/biryani/v15/hv-TlzNxIFoO84Yddcg0GTVSU-J-RxQ.woff2'}",sans-serif,webfonts#webfont,https://fonts.gstatic.com/s/biryani/v15/hv-WlzNxIFoO84YdfU0TPA.woff2,,,341,2025,recent_12m,False,False,7,set(),0,False,False,False,3,False,False,False
Gloria Hallelujah,['regular'],"['latin', 'latin-ext']",v24,2025-09-08,{'regular': 'https://fonts.gstatic.com/s/gloriahallelujah/v24/LYjYdHv3kUk9BMV96EIswT9DIbW-MLS33TKEvkCF.woff2'},handwriting,webfonts#webfont,https://fonts.gstatic.com/s/gloriahallelujah/v24/LYjYdHv3kUk9BMV96EIswT9DIbW-MISz1zM.woff2,,,342,2025,recent_12m,False,False,1,set(),0,False,False,False,2,False,False,False
Cinzel Decorative,"['regular', '700', '900']","['latin', 'latin-ext']",v19,2025-09-08,"{'regular': 'https://fonts.gstatic.com/s/cinzeldecorative/v19/daaCSScvJGqLYhG8nNt8KPPswUAPnh7RRs1LaCyC.woff2', '700': 'https://fonts.gstatic.com/s/cinzeldecorative/v19/daaHSScvJGqLYhG8nNt8KPPswUAPniZoaelGQzCLlQXE.woff2', '900': 'https://fonts.gstatic.com/s/cinzeldecorative/v19/daaHSScvJGqLYhG8nNt8KPPswUAPniZQa-lGQzCLlQXE.woff2'}",display,webfonts#webfont,https://fonts.gstatic.com/s/cinzeldecorative/v19/daaCSScvJGqLYhG8nNt8KPPswUAPni7VTMw.woff2,,,343,2025,recent_12m,False,False,3,set(),0,False,False,False,2,False,False,False
El Messiri,['regular'],"['arabic', 'cyrillic', 'latin', 'latin-ext']",v25,2025-09-11,{'regular': 'https://fonts.gstatic.com/s/elmessiri/v25/K2F0fZBRmr9vQ1pHEey6Ao-KAyLzfWo.woff2'},sans-serif,webfonts#webfont,https://fonts.gstatic.com/s/elmessiri/v25/K2FhfZBRmr9vQ1pHEey6GIGo8_pv3myYjuXwe55hjDw.woff2,"[{'tag': 'wght', 'start': 400, 'end': 700}]",,344,2025,recent_12m,False,True,4,{'wght'},1,False,False,False,4,False,False,False
Staatliches,['regular'],"['latin', 'latin-ext']",v15,2025-09-05,{'regular': 'https://fonts.gstatic.com/s/staatliches/v15/HI_OiY8KO6hCsQSoAPmtMbeZtJG9O9PS.woff2'},display,webfonts#webfont,https://fonts.gstatic.com/s/staatliches/v15/HI_OiY8KO6hCsQSoAPmtMYedvpA.woff2,,,345,2025,recent_12m,False,False,1,set(),0,False,False,False,2,False,False,False
Vazirmatn,['regular'],"['arabic', 'latin', 'latin-ext']",v16,2025-09-10,{'regular': 'https://fonts.gstatic.com/s/vazirmatn/v16/Dxxo8j6PP2D_kU2muijVH8-XAmn4eg.woff2'},sans-serif,webfonts#webfont,https://fonts.gstatic.com/s/vazirmatn/v16/Dxx78j6PP2D_kU2muijPEe1n2vVbfJRklWgzCRaT7g.woff2,"[{'tag': 'wght', 'start': 100, 'end': 900}]",,346,2025,recent_12m,False,True,9,{'wght'},1,False,False,False,3,False,False,False
Monoton,['regular'],"['latin', 'latin-ext']",v22,2025-09-16,{'regular': 'https://fonts.gstatic.com/s/monoton/v22/5h1aiZUrOngCibe4fkPBQ2S7FU8.woff2'},display,webfonts#webfont,https://fonts.gstatic.com/s/monoton/v22/5h1aiZUrOngCibe4TkfLQg.woff2,,,347,2025,recent_12m,False,False,1,set(),0,False,False,False,2,False,False,False
Playball,['regular'],"['latin', 'latin-ext', 'vietnamese']",v22,2025-09-02,{'regular': 'https://fonts.gstatic.com/s/playball/v22/TK3gWksYAxQ7jbsKcj8Gl-tPKo2t.woff2'},display,webfonts#webfont,https://fonts.gstatic.com/s/playball/v22/TK3gWksYAxQ7jbsKcg8Cneo.woff2,,,348,2025,recent_12m,False,False,1,set(),0,False,False,False,3,False,False,False
Hind Guntur,"['300', 'regular', '500', '600', '700']","['latin', 'latin-ext', 'telugu']",v14,2025-09-08,"{'300': 'https://fonts.gstatic.com/s/hindguntur/v14/wXKyE3UZrok56nvamSuJd_yGn1c2n9zaj5Ju.woff2', 'regular': 'https://fonts.gstatic.com/s/hindguntur/v14/wXKvE3UZrok56nvamSuJd8Qvt3M7tMDT.woff2', '500': 'https://fonts.gstatic.com/s/hindguntur/v14/wXKyE3UZrok56nvamSuJd_zenlc2n9zaj5Ju.woff2', '600': 'https://fonts.gstatic.com/s/hindguntur/v14/wXKyE3UZrok56nvamSuJd_zymVc2n9zaj5Ju.woff2', '700': 'https://fonts.gstatic.com/s/hindguntur/v14/wXKyE3UZrok56nvamSuJd_yWmFc2n9zaj5Ju.woff2'}",sans-serif,webfonts#webfont,https://fonts.gstatic.com/s/hindguntur/v14/wXKvE3UZrok56nvamSuJd_QrvXI.woff2,,,349,2025,recent_12m,False,False,5,set(),0,False,False,False,3,False,False,False
M PLUS 1,['regular'],"['japanese', 'latin', 'latin-ext', 'vietnamese']",v16,2026-05-13,{'regular': 'https://fonts.gstatic.com/s/mplus1/v16/R70ZjygA28ymD4HgBVu9si6cViv4.woff2'},sans-serif,webfonts#webfont,https://fonts.gstatic.com/s/mplus1/v16/R70EjygA28ymD4HgBUGzkN5Eyoj-WpW5VSaL83xd.woff2,"[{'tag': 'wght', 'start': 100, 'end': 900}]",,350,2026,recent_12m,False,True,9,{'wght'},1,False,False,False,4,False,False,False
Lalezar,['regular'],"['arabic', 'latin', 'latin-ext', 'vietnamese']",v16,2025-09-16,{'regular': 'https://fonts.gstatic.com/s/lalezar/v16/zrfl0HLVx-HwTP82UaXyIiL0RCg.woff2'},sans-serif,webfonts#webfont,https://fonts.gstatic.com/s/lalezar/v16/zrfl0HLVx-HwTP82YaH4Iw.woff2,,,351,2025,recent_12m,False,False,1,set(),0,False,False,False,4,False,False,False
Pinyon Script,['regular'],"['latin', 'latin-ext', 'vietnamese']",v24,2025-09-10,{'regular': 'https://fonts.gstatic.com/s/pinyonscript/v24/6xKpdSJbL9-e9LuoeQiDRQR8aOfQO4bhiDY.woff2'},handwriting,webfonts#webfont,https://fonts.gstatic.com/s/pinyonscript/v24/6xKpdSJbL9-e9LuoeQiDRQR8WOPaOg.woff2,,,352,2025,recent_12m,False,False,1,set(),0,False,False,False,3,False,False,False
Audiowide,['regular'],"['latin', 'latin-ext']",v22,2025-09-16,{'regular': 'https://fonts.gstatic.com/s/audiowide/v22/l7gdbjpo0cum0ckerWCtlAXPExpQBw.woff2'},display,webfonts#webfont,https://fonts.gstatic.com/s/audiowide/v22/l7gdbjpo0cum0ckerWCdkA_O.woff2,,,353,2025,recent_12m,False,False,1,set(),0,False,False,False,2,False,False,False
Black Han Sans,['regular'],"['korean', 'latin']",v24,2025-09-10,{'regular': 'https://fonts.gstatic.com/s/blackhansans/v24/ea8Aad44WunzF9a-dL6toA8r8nqQIXSkH-Hc.woff2'},sans-serif,webfonts#webfont,https://fonts.gstatic.com/s/blackhansans/v24/ea8Aad44WunzF9a-dL6toA8r8kqUK3U.woff2,,,354,2025,recent_12m,False,False,1,set(),0,False,False,False,2,True,False,False
Unica One,['regular'],"['latin', 'latin-ext', 'vietnamese']",v20,2025-09-08,{'regular': 'https://fonts.gstatic.com/s/unicaone/v20/DPEuYwWHyAYGVTSmalshc9ffuEY7FA.woff2'},display,webfonts#webfont,https://fonts.gstatic.com/s/unicaone/v20/DPEuYwWHyAYGVTSmalsRd93e.woff2,,,355,2025,recent_12m,False,False,1,set(),0,False,False,False,3,False,False,False
Noto Serif Bengali,['regular'],"['bengali', 'latin', 'latin-ext']",v31,2025-09-17,{'regular': 'https://fonts.gstatic.com/s/notoserifbengali/v31/hYkUPvggTvnzO14VSXltirUdnnkt1pw8VJiHeH5yig.woff2'},serif,webfonts#webfont,https://fonts.gstatic.com/s/notoserifbengali/v31/hYkuPvggTvnzO14VSXltirUdnnkt1pwmWrprmO7RjE0a5BtdATYU1crFaM_5JfcAHkqm6rk.woff2,"[{'tag': 'wdth', 'start': 62.5, 'end': 100}, {'tag': 'wght', 'start': 100, 'end': 900}]",,356,2025,recent_12m,False,True,9,"{'wdth', 'wght'}",2,True,False,False,3,False,False,False
Ubuntu Sans,"['regular', 'italic']","['cyrillic', 'cyrillic-ext', 'greek', 'greek-ext', 'latin', 'latin-ext']",v4,2025-09-02,"{'regular': 'https://fonts.gstatic.com/s/ubuntusans/v4/co3CmWd6mSRtB7_9UaLWwIPMiXzr6FTJ.woff2', 'italic': 'https://fonts.gstatic.com/s/ubuntusans/v4/co3AmWd6mSRtB7_9UaLWwLPLg33J7UTJtlo.woff2'}",sans-serif,webfonts#webfont,https://fonts.gstatic.com/s/ubuntusans/v4/co3omWd6mSRtB7_9UaLWwJnCq5ALePfPu1tPcW235R53LqrCPWbujzt6OfuBVQ.woff2,"[{'tag': 'wdth', 'start': 75, 'end': 100}, {'tag': 'wght', 'start': 100, 'end': 800}]",,357,2025,recent_12m,True,True,8,"{'wdth', 'wght'}",2,True,False,False,6,False,False,False
Asap Condensed,"['200', '200italic', '300', '300italic', 'regular', 'italic', '500', '500italic', '600', '600italic', '700', '700italic', '800', '800italic', '900', '900italic']","['latin', 'latin-ext', 'vietnamese']",v18,2025-09-02,"{'200': 'https://fonts.gstatic.com/s/asapcondensed/v18/pxieypY1o9NHyXh3WvSbGSggdO9DSWlBgGqgp-pO.woff2', '200italic': 'https://fonts.gstatic.com/s/asapcondensed/v18/pxiYypY1o9NHyXh3WvSbGSggdOeJUIFFimuCovpOkXA.woff2', '300': 'https://fonts.gstatic.com/s/asapcondensed/v18/pxieypY1o9NHyXh3WvSbGSggdO8nSmlBgGqgp-pO.woff2', '300italic': 'https://fonts.gstatic.com/s/asapcondensed/v18/pxiYypY1o9NHyXh3WvSbGSggdOeJUOVGimuCovpOkXA.woff2', 'regular': 'https://fonts.gstatic.com/s/asapcondensed/v18/pxidypY1o9NHyXh3WvSbGSggdNeOYk1Mq3ap.woff2', 'italic': 'https://fonts.gstatic.com/s/asapcondensed/v18/pxifypY1o9NHyXh3WvSbGSggdOeJaExurmapvvM.woff2', '500': 'https://fonts.gstatic.com/s/asapcondensed/v18/pxieypY1o9NHyXh3WvSbGSggdO9_S2lBgGqgp-pO.woff2', '500italic': 'https://fonts.gstatic.com/s/asapcondensed/v18/pxiYypY1o9NHyXh3WvSbGSggdOeJUL1HimuCovpOkXA.woff2', '600': 'https://fonts.gstatic.com/s/asapcondensed/v18/pxieypY1o9NHyXh3WvSbGSggdO9TTGlBgGqgp-pO.woff2', '600italic': 'https://fonts.gstatic.com/s/asapcondensed/v18/pxiYypY1o9NHyXh3WvSbGSggdOeJUJFAimuCovpOkXA.woff2', '700': 'https://fonts.gstatic.com/s/asapcondensed/v18/pxieypY1o9NHyXh3WvSbGSggdO83TWlBgGqgp-pO.woff2', '700italic': 'https://fonts.gstatic.com/s/asapcondensed/v18/pxiYypY1o9NHyXh3WvSbGSggdOeJUPVBimuCovpOkXA.woff2', '800': 'https://fonts.gstatic.com/s/asapcondensed/v18/pxieypY1o9NHyXh3WvSbGSggdO8rTmlBgGqgp-pO.woff2', '800italic': 'https://fonts.gstatic.com/s/asapcondensed/v18/pxiYypY1o9NHyXh3WvSbGSggdOeJUOlCimuCovpOkXA.woff2', '900': 'https://fonts.gstatic.com/s/asapcondensed/v18/pxieypY1o9NHyXh3WvSbGSggdO8PT2lBgGqgp-pO.woff2', '900italic': 'https://fonts.gstatic.com/s/asapcondensed/v18/pxiYypY1o9NHyXh3WvSbGSggdOeJUM1DimuCovpOkXA.woff2'}",sans-serif,webfonts#webfont,https://fonts.gstatic.com/s/asapcondensed/v18/pxidypY1o9NHyXh3WvSbGSggdOeKaEw.woff2,,,358,2025,recent_12m,True,False,8,set(),0,False,False,False,3,False,False,False
Sofia Sans Extra Condensed,"['regular', 'italic']","['cyrillic', 'cyrillic-ext', 'greek', 'latin', 'latin-ext']",v6,2025-09-11,"{'regular': 'https://fonts.gstatic.com/s/sofiasansextracondensed/v6/raxoHjafvdAIOju4GcIfJH0i7zi50X3zRtuLNiMS0cSsLE9Ukzek.woff2', 'italic': 'https://fonts.gstatic.com/s/sofiasansextracondensed/v6/raxqHjafvdAIOju4GcIfJH0i7zi50X3zRtuLNiMS0fSrJk52liek-dA.woff2'}",sans-serif,webfonts#webfont,https://fonts.gstatic.com/s/sofiasansextracondensed/v6/raxdHjafvdAIOju4GcIfJH0i7zi50X3zRtuLNiMS0d6iDr-MD5Si9NGLmmi0fjON.woff2,"[{'tag': 'wght', 'start': 1, 'end': 1000}]",,359,2025,recent_12m,True,True,10,{'wght'},1,False,False,False,5,False,False,False
Abhaya Libre,"['regular', '500', '600', '700', '800']","['latin', 'latin-ext', 'sinhala']",v18,2025-09-16,"{'regular': 'https://fonts.gstatic.com/s/abhayalibre/v18/e3tmeuGtX-Co5MNzeAOqinEgfkPWovdU4w.woff2', '500': 'https://fonts.gstatic.com/s/abhayalibre/v18/e3t5euGtX-Co5MNzeAOqinEYj2ryr9xI6oYtBA.woff2', '600': 'https://fonts.gstatic.com/s/abhayalibre/v18/e3t5euGtX-Co5MNzeAOqinEYo23yr9xI6oYtBA.woff2', '700': 'https://fonts.gstatic.com/s/abhayalibre/v18/e3t5euGtX-Co5MNzeAOqinEYx2zyr9xI6oYtBA.woff2', '800': 'https://fonts.gstatic.com/s/abhayalibre/v18/e3t5euGtX-Co5MNzeAOqinEY22_yr9xI6oYtBA.woff2'}",serif,webfonts#webfont,https://fonts.gstatic.com/s/abhayalibre/v18/e3tmeuGtX-Co5MNzeAOqinEQeknX.woff2,,,360,2025,recent_12m,False,False,5,set(),0,False,False,False,3,False,False,False
Arsenal,"['regular', 'italic', '700', '700italic']","['cyrillic', 'cyrillic-ext', 'latin', 'latin-ext', 'vietnamese']",v13,2025-09-16,"{'regular': 'https://fonts.gstatic.com/s/arsenal/v13/wXKrE3kQtZQ4pF3D11rWAewrhXY.woff2', 'italic': 'https://fonts.gstatic.com/s/arsenal/v13/wXKpE3kQtZQ4pF3D513cAM4ulXYrtA.woff2', '700': 'https://fonts.gstatic.com/s/arsenal/v13/wXKuE3kQtZQ4pF3D7-P5JeEAmX8yrdk.woff2', '700italic': 'https://fonts.gstatic.com/s/arsenal/v13/wXKsE3kQtZQ4pF3D513kueEKmF03vdnKjw.woff2'}",sans-serif,webfonts#webfont,https://fonts.gstatic.com/s/arsenal/v13/wXKrE3kQtZQ4pF3D517cAA.woff2,,,361,2025,recent_12m,True,False,2,set(),0,False,False,False,5,False,False,False
Chango,['regular'],"['latin', 'latin-ext']",v29,2025-09-05,{'regular': 'https://fonts.gstatic.com/s/chango/v29/2V0cKI0OB5U7WaJyyn24TFUaAw.woff2'},display,webfonts#webfont,https://fonts.gstatic.com/s/chango/v29/2V0cKI0OB5U7WaJCzne5.woff2,,,362,2025,recent_12m,False,False,1,set(),0,False,False,False,2,False,False,False
Ubuntu Mono,"['regular', 'italic', '700', '700italic']","['cyrillic', 'cyrillic-ext', 'greek', 'greek-ext', 'latin', 'latin-ext']",v19,2025-09-02,"{'regular': 'https://fonts.gstatic.com/s/ubuntumono/v19/KFOjCneDtsqEr0keqCMhbBc4AMX6lJBP.woff2', 'italic': 'https://fonts.gstatic.com/s/ubuntumono/v19/KFOhCneDtsqEr0keqCMhbCc_CsTYkYBPY3o.woff2', '700': 'https://fonts.gstatic.com/s/ubuntumono/v19/KFO-CneDtsqEr0keqCMhbC-BL-H3v4xGemO1.woff2', '700italic': 'https://fonts.gstatic.com/s/ubuntumono/v19/KFO8CneDtsqEr0keqCMhbCc_Mn33tY1kf3O1GVg.woff2'}",monospace,webfonts#webfont,https://fonts.gstatic.com/s/ubuntumono/v19/KFOjCneDtsqEr0keqCMhbCc8CsQ.woff2,,,363,2025,recent_12m,True,False,2,set(),0,False,False,False,6,False,False,False
Faustina,"['regular', 'italic']","['latin', 'latin-ext', 'vietnamese']",v23,2025-09-05,"{'regular': 'https://fonts.gstatic.com/s/faustina/v23/XLYlIZPxYpJfTbZAFW-9F81Kp28v.woff2', 'italic': 'https://fonts.gstatic.com/s/faustina/v23/XLYjIZPxYpJfTbZAFV-6Hcxoon8vVXg.woff2'}",serif,webfonts#webfont,https://fonts.gstatic.com/s/faustina/v23/XLY4IZPxYpJfTbZAFXWzNT2SO8wpWHlsgoEfGF-X.woff2,"[{'tag': 'wght', 'start': 300, 'end': 800}]",,364,2025,recent_12m,True,True,6,{'wght'},1,False,False,False,3,False,False,False
Yeseva One,['regular'],"['cyrillic', 'cyrillic-ext', 'latin', 'latin-ext', 'vietnamese']",v24,2025-09-16,{'regular': 'https://fonts.gstatic.com/s/yesevaone/v24/OpNJno4ck8vc-xYpwWWxpi9fWhXD00c.woff2'},display,webfonts#webfont,https://fonts.gstatic.com/s/yesevaone/v24/OpNJno4ck8vc-xYpwWWxlitVWw.woff2,,,365,2025,recent_12m,False,False,1,set(),0,False,False,False,5,False,False,False
Quantico,"['regular', 'italic', '700', '700italic']",['latin'],v19,2025-09-16,"{'regular': 'https://fonts.gstatic.com/s/quantico/v19/rax-HiSdp9cPL3KIF4xpLjxSmlLZ.woff2', 'italic': 'https://fonts.gstatic.com/s/quantico/v19/rax4HiSdp9cPL3KIF7xuJD1wn0LZ6T8.woff2', '700': 'https://fonts.gstatic.com/s/quantico/v19/rax5HiSdp9cPL3KIF7TQARhfsU7Q8Cad.woff2', '700italic': 'https://fonts.gstatic.com/s/quantico/v19/rax7HiSdp9cPL3KIF7xuHIRfu0_y9TadML4.woff2'}",sans-serif,webfonts#webfont,https://fonts.gstatic.com/s/quantico/v19/rax-HiSdp9cPL3KIF7xtJD0.woff2,,,366,2025,recent_12m,True,False,2,set(),0,False,False,False,1,False,False,False
Sorts Mill Goudy,"['regular', 'italic']","['latin', 'latin-ext']",v16,2025-09-05,"{'regular': 'https://fonts.gstatic.com/s/sortsmillgoudy/v16/Qw3GZR9MED_6PSuS_50nEaVrfzgEXHgOjpM75PE.woff2', 'italic': 'https://fonts.gstatic.com/s/sortsmillgoudy/v16/Qw3AZR9MED_6PSuS_50nEaVrfzgEbH8Ej7E-9PGLfQ.woff2'}",serif,webfonts#webfont,https://fonts.gstatic.com/s/sortsmillgoudy/v16/Qw3GZR9MED_6PSuS_50nEaVrfzgEbHwEjw.woff2,,,367,2025,recent_12m,True,False,1,set(),0,False,False,False,2,False,False,False
Eater,['regular'],"['latin', 'latin-ext']",v27,2025-09-16,{'regular': 'https://fonts.gstatic.com/s/eater/v27/mtG04_FCK7bOvpuzu3FwsXsR.woff2'},display,webfonts#webfont,https://fonts.gstatic.com/s/eater/v27/mtG04_FCK7bOvqu3sXA.woff2,,,368,2025,recent_12m,False,False,1,set(),0,False,False,False,2,False,False,False
Dela Gothic One,['regular'],"['cyrillic', 'greek', 'japanese', 'latin', 'latin-ext', 'vietnamese']",v19,2025-09-16,{'regular': 'https://fonts.gstatic.com/s/delagothicone/v19/hESp6XxvMDRA-2eD0lXpDa6QkBAGQEsJQAlbUA.woff2'},display,webfonts#webfont,https://fonts.gstatic.com/s/delagothicone/v19/hESp6XxvMDRA-2eD0lXpDa6QkBA2REEI.woff2,,,369,2025,recent_12m,False,False,1,set(),0,False,False,False,6,False,False,False
Reenie Beanie,['regular'],['latin'],v22,2025-09-08,{'regular': 'https://fonts.gstatic.com/s/reeniebeanie/v22/z7NSdR76eDkaJKZJFkkjuvWxbPi_qoOgf_w.woff2'},handwriting,webfonts#webfont,https://fonts.gstatic.com/s/reeniebeanie/v22/z7NSdR76eDkaJKZJFkkjuvWxXPy1qw.woff2,,,370,2025,recent_12m,False,False,1,set(),0,False,False,False,1,False,False,False
Racing Sans One,['regular'],"['latin', 'latin-ext']",v17,2025-09-16,{'regular': 'https://fonts.gstatic.com/s/racingsansone/v17/sykr-yRtm7EvTrXNxkv5jfKKyDCwKnrmWpIBtA.woff2'},display,webfonts#webfont,https://fonts.gstatic.com/s/racingsansone/v17/sykr-yRtm7EvTrXNxkv5jfKKyDCALnDn.woff2,,,371,2025,recent_12m,False,False,1,set(),0,False,False,False,2,False,False,False
Gelasio,"['regular', 'italic']","['latin', 'latin-ext', 'vietnamese']",v14,2025-09-05,"{'regular': 'https://fonts.gstatic.com/s/gelasio/v14/cIf9MaFfvUQxTTqSxCyrYGkHgIs.woff2', 'italic': 'https://fonts.gstatic.com/s/gelasio/v14/cIf_MaFfvUQxTTqS9CuhYUsCkIt9QQ.woff2'}",serif,webfonts#webfont,https://fonts.gstatic.com/s/gelasio/v14/cIfiMaFfvUQxTTqS3iKJkLGbI41wQL8Ilxct8zE.woff2,"[{'tag': 'wght', 'start': 400, 'end': 700}]",,372,2025,recent_12m,True,True,4,{'wght'},1,False,False,False,3,False,False,False
Noto Sans HK,['regular'],"['chinese-hongkong', 'cyrillic', 'latin', 'latin-ext', 'vietnamese']",v35,2026-01-07,{'regular': 'https://fonts.gstatic.com/s/notosanshk/v35/nKKQ-GM_FYFRJvXzVXaAPe9hMXB3Eu7mOQ.woff2'},sans-serif,webfonts#webfont,https://fonts.gstatic.com/s/notosanshk/v35/nKKF-GM_FYFRJvXzVXaAPe97P1KHynJFP716qHB-yoSZiA.woff2,"[{'tag': 'wght', 'start': 100, 'end': 900}]",,373,2026,recent_12m,False,True,9,{'wght'},1,False,False,False,5,False,False,False
Hind Vadodara,"['300', 'regular', '500', '600', '700']","['gujarati', 'latin', 'latin-ext']",v16,2025-09-10,"{'300': 'https://fonts.gstatic.com/s/hindvadodara/v16/neIQzCKvrIcn5pbuuuriV9tTSDn3iXY0oSOL2Yw.woff2', 'regular': 'https://fonts.gstatic.com/s/hindvadodara/v16/neINzCKvrIcn5pbuuuriV9tTcJDfrXsfvSo.woff2', '500': 'https://fonts.gstatic.com/s/hindvadodara/v16/neIQzCKvrIcn5pbuuuriV9tTSGH2iXY0oSOL2Yw.woff2', '600': 'https://fonts.gstatic.com/s/hindvadodara/v16/neIQzCKvrIcn5pbuuuriV9tTSE3xiXY0oSOL2Yw.woff2', '700': 'https://fonts.gstatic.com/s/hindvadodara/v16/neIQzCKvrIcn5pbuuuriV9tTSCnwiXY0oSOL2Yw.woff2'}",sans-serif,webfonts#webfont,https://fonts.gstatic.com/s/hindvadodara/v16/neINzCKvrIcn5pbuuuriV9tTQJTVrA.woff2,,,374,2025,recent_12m,False,False,5,set(),0,False,False,False,3,False,False,False
Mitr,"['200', '300', 'regular', '500', '600', '700']","['latin', 'latin-ext', 'thai', 'vietnamese']",v13,2025-09-10,"{'200': 'https://fonts.gstatic.com/s/mitr/v13/pxiEypw5ucZF8fMZFJXUc1NECPY.woff2', '300': 'https://fonts.gstatic.com/s/mitr/v13/pxiEypw5ucZF8ZcaFJXUc1NECPY.woff2', 'regular': 'https://fonts.gstatic.com/s/mitr/v13/pxiLypw5ucZFyT4yMJj_b1o.woff2', '500': 'https://fonts.gstatic.com/s/mitr/v13/pxiEypw5ucZF8c8bFJXUc1NECPY.woff2', '600': 'https://fonts.gstatic.com/s/mitr/v13/pxiEypw5ucZF8eMcFJXUc1NECPY.woff2', '700': 'https://fonts.gstatic.com/s/mitr/v13/pxiEypw5ucZF8YcdFJXUc1NECPY.woff2'}",sans-serif,webfonts#webfont,https://fonts.gstatic.com/s/mitr/v13/pxiLypw5ucZF-To4MQ.woff2,,,375,2025,recent_12m,False,False,6,set(),0,False,False,False,4,False,False,False
Goldman,"['regular', '700']","['latin', 'latin-ext', 'vietnamese']",v21,2025-09-11,"{'regular': 'https://fonts.gstatic.com/s/goldman/v21/pe0uMIWbN4JFplR2LDd4Bt-7G98.woff2', '700': 'https://fonts.gstatic.com/s/goldman/v21/pe0rMIWbN4JFplR2FI5XItKQB9Zra1U.woff2'}",display,webfonts#webfont,https://fonts.gstatic.com/s/goldman/v21/pe0uMIWbN4JFplR2HDNyBw.woff2,,,376,2025,recent_12m,False,False,2,set(),0,False,False,False,3,False,False,False
Fira Sans Extra Condensed,"['100', '100italic', '200', '200italic', '300', '300italic', 'regular', 'italic', '500', '500italic', '600', '600italic', '700', '700italic', '800', '800italic', '900', '900italic']","['cyrillic', 'cyrillic-ext', 'greek', 'greek-ext', 'latin', 'latin-ext', 'vietnamese']",v11,2025-09-16,"{'100': 'https://fonts.gstatic.com/s/firasansextracondensed/v11/NaPMcYDaAO5dirw6IaFn7lPJFqXmS-M9Atn3wgda3ZyuulWarE9ncg.woff2', '100italic': 'https://fonts.gstatic.com/s/firasansextracondensed/v11/NaPOcYDaAO5dirw6IaFn7lPJFqXmS-M9Atn3wgda1fqW21-bjkp3cn22.woff2', '200': 'https://fonts.gstatic.com/s/firasansextracondensed/v11/NaPPcYDaAO5dirw6IaFn7lPJFqXmS-M9Atn3wgda3TCPn3q0oEZ-a2Q.woff2', '200italic': 'https://fonts.gstatic.com/s/firasansextracondensed/v11/NaPxcYDaAO5dirw6IaFn7lPJFqXmS-M9Atn3wgda1fqWd36-oWR7e2SvJQ.woff2', '300': 'https://fonts.gstatic.com/s/firasansextracondensed/v11/NaPPcYDaAO5dirw6IaFn7lPJFqXmS-M9Atn3wgda3VSMn3q0oEZ-a2Q.woff2', '300italic': 'https://fonts.gstatic.com/s/firasansextracondensed/v11/NaPxcYDaAO5dirw6IaFn7lPJFqXmS-M9Atn3wgda1fqWE32-oWR7e2SvJQ.woff2', 'regular': 'https://fonts.gstatic.com/s/firasansextracondensed/v11/NaPKcYDaAO5dirw6IaFn7lPJFqXmS-M9Atn3wgda5f2ku3efvE8.woff2', 'italic': 'https://fonts.gstatic.com/s/firasansextracondensed/v11/NaPMcYDaAO5dirw6IaFn7lPJFqXmS-M9Atn3wgda1fquulWarE9ncg.woff2', '500': 'https://fonts.gstatic.com/s/firasansextracondensed/v11/NaPPcYDaAO5dirw6IaFn7lPJFqXmS-M9Atn3wgda3QyNn3q0oEZ-a2Q.woff2', '500italic': 'https://fonts.gstatic.com/s/firasansextracondensed/v11/NaPxcYDaAO5dirw6IaFn7lPJFqXmS-M9Atn3wgda1fqWS3y-oWR7e2SvJQ.woff2', '600': 'https://fonts.gstatic.com/s/firasansextracondensed/v11/NaPPcYDaAO5dirw6IaFn7lPJFqXmS-M9Atn3wgda3SCKn3q0oEZ-a2Q.woff2', '600italic': 'https://fonts.gstatic.com/s/firasansextracondensed/v11/NaPxcYDaAO5dirw6IaFn7lPJFqXmS-M9Atn3wgda1fqWZ3u-oWR7e2SvJQ.woff2', '700': 'https://fonts.gstatic.com/s/firasansextracondensed/v11/NaPPcYDaAO5dirw6IaFn7lPJFqXmS-M9Atn3wgda3USLn3q0oEZ-a2Q.woff2', '700italic': 'https://fonts.gstatic.com/s/firasansextracondensed/v11/NaPxcYDaAO5dirw6IaFn7lPJFqXmS-M9Atn3wgda1fqWA3q-oWR7e2SvJQ.woff2', '800': 'https://fonts.gstatic.com/s/firasansextracondensed/v11/NaPPcYDaAO5dirw6IaFn7lPJFqXmS-M9Atn3wgda3ViIn3q0oEZ-a2Q.woff2', '800italic': 'https://fonts.gstatic.com/s/firasansextracondensed/v11/NaPxcYDaAO5dirw6IaFn7lPJFqXmS-M9Atn3wgda1fqWH3m-oWR7e2SvJQ.woff2', '900': 'https://fonts.gstatic.com/s/firasansextracondensed/v11/NaPPcYDaAO5dirw6IaFn7lPJFqXmS-M9Atn3wgda3XyJn3q0oEZ-a2Q.woff2', '900italic': 'https://fonts.gstatic.com/s/firasansextracondensed/v11/NaPxcYDaAO5dirw6IaFn7lPJFqXmS-M9Atn3wgda1fqWO3i-oWR7e2SvJQ.woff2'}",sans-serif,webfonts#webfont,https://fonts.gstatic.com/s/firasansextracondensed/v11/NaPKcYDaAO5dirw6IaFn7lPJFqXmS-M9Atn3wgda1fmuug.woff2,,,377,2025,recent_12m,True,False,9,set(),0,False,False,False,7,False,False,False
Fira Mono,"['regular', '500', '700']","['cyrillic', 'cyrillic-ext', 'greek', 'greek-ext', 'latin', 'latin-ext', 'symbols2']",v16,2025-09-16,"{'regular': 'https://fonts.gstatic.com/s/firamono/v16/N0bX2SlFPv1weGeLZDtQJPTTkdbJYA.woff2', '500': 'https://fonts.gstatic.com/s/firamono/v16/N0bS2SlFPv1weGeLZDto1d33nP3VaZBRBQ.woff2', '700': 'https://fonts.gstatic.com/s/firamono/v16/N0bS2SlFPv1weGeLZDtondv3nP3VaZBRBQ.woff2'}",monospace,webfonts#webfont,https://fonts.gstatic.com/s/firamono/v16/N0bX2SlFPv1weGeLZDtgIP7S.woff2,,,378,2025,recent_12m,False,False,3,set(),0,False,False,False,7,False,False,False
Nanum Pen Script,['regular'],"['korean', 'latin']",v25,2025-05-30,{'regular': 'https://fonts.gstatic.com/s/nanumpenscript/v25/daaDSSYiLGqEal3MvdA_FOL_3FkN2zv-aMFCcTU.woff2'},handwriting,webfonts#webfont,https://fonts.gstatic.com/s/nanumpenscript/v25/daaDSSYiLGqEal3MvdA_FOL_3FkN6z_0aQ.woff2,,,379,2025,older,False,False,1,set(),0,False,False,False,2,True,False,False
Istok Web,"['regular', 'italic', '700', '700italic']","['cyrillic', 'cyrillic-ext', 'latin', 'latin-ext']",v26,2025-09-10,"{'regular': 'https://fonts.gstatic.com/s/istokweb/v26/3qTvojGmgSyUukBzKslZBGF-9kIIaQ.woff2', 'italic': 'https://fonts.gstatic.com/s/istokweb/v26/3qTpojGmgSyUukBzKslpA2t_1EcYaQ7F.woff2', '700': 'https://fonts.gstatic.com/s/istokweb/v26/3qTqojGmgSyUukBzKslhvU5a-2kUYBfcMw.woff2', '700italic': 'https://fonts.gstatic.com/s/istokweb/v26/3qT0ojGmgSyUukBzKslpA1PG-2MVQhLMMygN.woff2'}",sans-serif,webfonts#webfont,https://fonts.gstatic.com/s/istokweb/v26/3qTvojGmgSyUukBzKslpAGt_.woff2,,,380,2025,recent_12m,True,False,2,set(),0,False,False,False,4,False,False,False
Noto Serif Display,"['regular', 'italic']","['cyrillic', 'cyrillic-ext', 'greek', 'greek-ext', 'latin', 'latin-ext', 'vietnamese']",v29,2025-09-06,"{'regular': 'https://fonts.gstatic.com/s/notoserifdisplay/v29/buErppa9f8_vkXaZLAgP0G5Wi6QmA1QAd6RNOlqMKg.woff2', 'italic': 'https://fonts.gstatic.com/s/notoserifdisplay/v29/buEpppa9f8_vkXaZLAgP0G5Wi6QmA1QwcK5MGF-cKi3r.woff2'}",serif,webfonts#webfont,https://fonts.gstatic.com/s/notoserifdisplay/v29/buERppa9f8_vkXaZLAgP0G5Wi6QmA1QaeYah2sovLCDq_ZgLyt3idQfktOG-PVpd4ugLYjQ.woff2,"[{'tag': 'wdth', 'start': 62.5, 'end': 100}, {'tag': 'wght', 'start': 100, 'end': 900}]",,381,2025,recent_12m,True,True,9,"{'wdth', 'wght'}",2,True,False,False,7,False,False,False
Belleza,['regular'],"['latin', 'latin-ext']",v18,2025-09-05,{'regular': 'https://fonts.gstatic.com/s/belleza/v18/0nkoC9_pNeMfhX4BtcPyawzruP8.woff2'},sans-serif,webfonts#webfont,https://fonts.gstatic.com/s/belleza/v18/0nkoC9_pNeMfhX4Bhcf4ag.woff2,,,382,2025,recent_12m,False,False,1,set(),0,False,False,False,2,False,False,False
Bowlby One SC,['regular'],"['latin', 'latin-ext']",v27,2025-09-08,{'regular': 'https://fonts.gstatic.com/s/bowlbyonesc/v27/DtVlJxerQqQm37tzN3wMug9Pzg38owhNjuE.woff2'},display,webfonts#webfont,https://fonts.gstatic.com/s/bowlbyonesc/v27/DtVlJxerQqQm37tzN3wMug9P_gn2og.woff2,,,383,2025,recent_12m,False,False,1,set(),0,False,False,False,2,False,False,False
Anonymous Pro,"['regular', 'italic', '700', '700italic']","['cyrillic', 'greek', 'latin', 'latin-ext']",v22,2025-09-08,"{'regular': 'https://fonts.gstatic.com/s/anonymouspro/v22/rP2Bp2a15UIB7Un-bOeISG3pLlk89CH98Ko.woff2', 'italic': 'https://fonts.gstatic.com/s/anonymouspro/v22/rP2fp2a15UIB7Un-bOeISG3pHl429QP44Kqr2Q.woff2', '700': 'https://fonts.gstatic.com/s/anonymouspro/v22/rP2cp2a15UIB7Un-bOeISG3pFuAT0CzW7KOywKo.woff2', '700italic': 'https://fonts.gstatic.com/s/anonymouspro/v22/rP2ap2a15UIB7Un-bOeISG3pHl4OTCzc7YG30KqB9Q.woff2'}",monospace,webfonts#webfont,https://fonts.gstatic.com/s/anonymouspro/v22/rP2Bp2a15UIB7Un-bOeISG3pHl029Q.woff2,,,384,2025,recent_12m,True,False,2,set(),0,False,False,False,4,False,False,False
Noto Sans Malayalam,['regular'],"['latin', 'latin-ext', 'malayalam']",v29,2025-09-11,{'regular': 'https://fonts.gstatic.com/s/notosansmalayalam/v29/sJoY3K5XjsSdcnzn071rL37lpAOsUThnF5w90TZO69o.woff2'},sans-serif,webfonts#webfont,https://fonts.gstatic.com/s/notosansmalayalam/v29/sJoi3K5XjsSdcnzn071rL37lpAOsUThnDZIfPdbeSNzVakglNM-Qw8EaeB8Nss-_RuDNBVbF.woff2,"[{'tag': 'wdth', 'start': 62.5, 'end': 100}, {'tag': 'wght', 'start': 100, 'end': 900}]",,385,2025,recent_12m,False,True,9,"{'wdth', 'wght'}",2,True,False,False,3,False,False,False
Cousine,"['regular', 'italic', '700', '700italic']","['cyrillic', 'cyrillic-ext', 'greek', 'greek-ext', 'hebrew', 'latin', 'latin-ext', 'vietnamese']",v31,2026-06-30,"{'regular': 'https://fonts.gstatic.com/s/cousine/v31/d6lIkaiiRdih4SpPzSYlzTbtz9k.woff2', 'italic': 'https://fonts.gstatic.com/s/cousine/v31/d6lKkaiiRdih4SpP_SEvzBTo39l8hw.woff2', '700': 'https://fonts.gstatic.com/s/cousine/v31/d6lNkaiiRdih4SpP9Z8K6TvG09BlnmQ.woff2', '700italic': 'https://fonts.gstatic.com/s/cousine/v31/d6lPkaiiRdih4SpP_SEXdTvM0vJgjmRpOA.woff2'}",monospace,webfonts#webfont,https://fonts.gstatic.com/s/cousine/v31/d6lIkaiiRdih4SpP_SIvzA.woff2,,,386,2026,recent_12m,True,False,2,set(),0,False,False,False,8,False,False,False
Saira Extra Condensed,"['100', '200', '300', 'regular', '500', '600', '700', '800', '900']","['latin', 'latin-ext', 'vietnamese']",v15,2025-09-16,"{'100': 'https://fonts.gstatic.com/s/sairaextracondensed/v15/-nFsOHYr-vcC7h8MklGBkrvmUG9rbpkisrTri0j09i5ss3a3.woff2', '200': 'https://fonts.gstatic.com/s/sairaextracondensed/v15/-nFvOHYr-vcC7h8MklGBkrvmUG9rbpkisrTrJ2nR2QBgum-uoQ.woff2', '300': 'https://fonts.gstatic.com/s/sairaextracondensed/v15/-nFvOHYr-vcC7h8MklGBkrvmUG9rbpkisrTrQ2rR2QBgum-uoQ.woff2', 'regular': 'https://fonts.gstatic.com/s/sairaextracondensed/v15/-nFiOHYr-vcC7h8MklGBkrvmUG9rbpkisrTT6kL11Ct8sw.woff2', '500': 'https://fonts.gstatic.com/s/sairaextracondensed/v15/-nFvOHYr-vcC7h8MklGBkrvmUG9rbpkisrTrG2vR2QBgum-uoQ.woff2', '600': 'https://fonts.gstatic.com/s/sairaextracondensed/v15/-nFvOHYr-vcC7h8MklGBkrvmUG9rbpkisrTrN2zR2QBgum-uoQ.woff2', '700': 'https://fonts.gstatic.com/s/sairaextracondensed/v15/-nFvOHYr-vcC7h8MklGBkrvmUG9rbpkisrTrU23R2QBgum-uoQ.woff2', '800': 'https://fonts.gstatic.com/s/sairaextracondensed/v15/-nFvOHYr-vcC7h8MklGBkrvmUG9rbpkisrTrT27R2QBgum-uoQ.woff2', '900': 'https://fonts.gstatic.com/s/sairaextracondensed/v15/-nFvOHYr-vcC7h8MklGBkrvmUG9rbpkisrTra2_R2QBgum-uoQ.woff2'}",sans-serif,webfonts#webfont,https://fonts.gstatic.com/s/sairaextracondensed/v15/-nFiOHYr-vcC7h8MklGBkrvmUG9rbpkisrTj7kj0.woff2,,,387,2025,recent_12m,False,False,9,set(),0,False,False,False,3,False,False,False
GFS Didot,['regular'],"['greek', 'greek-ext', 'latin', 'vietnamese']",v18,2025-09-10,{'regular': 'https://fonts.gstatic.com/s/gfsdidot/v18/Jqzh5TybZ9vZMWFssvwiEufGFSCGAA.woff2'},serif,webfonts#webfont,https://fonts.gstatic.com/s/gfsdidot/v18/Jqzh5TybZ9vZMWFssvwSFu3H.woff2,,,388,2025,recent_12m,False,False,1,set(),0,False,False,False,4,False,False,False
Averia Serif Libre,"['300', '300italic', 'regular', 'italic', '700', '700italic']",['latin'],v19,2025-06-02,"{'300': 'https://fonts.gstatic.com/s/averiaseriflibre/v19/neIVzD2ms4wxr6GvjeD0X88SHPyX2xYGCSmqxKcqdrKvbQ.woff2', '300italic': 'https://fonts.gstatic.com/s/averiaseriflibre/v19/neIbzD2ms4wxr6GvjeD0X88SHPyX2xYOpzMmw60rVLe_bXHq.woff2', 'regular': 'https://fonts.gstatic.com/s/averiaseriflibre/v19/neIWzD2ms4wxr6GvjeD0X88SHPyX2xY-oAGOyYw2fw.woff2', 'italic': 'https://fonts.gstatic.com/s/averiaseriflibre/v19/neIUzD2ms4wxr6GvjeD0X88SHPyX2xYOpwuP64kmf6u2.woff2', '700': 'https://fonts.gstatic.com/s/averiaseriflibre/v19/neIVzD2ms4wxr6GvjeD0X88SHPyX2xYGGS6qxKcqdrKvbQ.woff2', '700italic': 'https://fonts.gstatic.com/s/averiaseriflibre/v19/neIbzD2ms4wxr6GvjeD0X88SHPyX2xYOpzM2xK0rVLe_bXHq.woff2'}",display,webfonts#webfont,https://fonts.gstatic.com/s/averiaseriflibre/v19/neIWzD2ms4wxr6GvjeD0X88SHPyX2xYOpAuP.woff2,,,389,2025,older,True,False,3,set(),0,False,False,False,1,False,False,False
Afacad,"['regular', 'italic']","['cyrillic-ext', 'latin', 'latin-ext', 'math', 'symbols', 'vietnamese']",v3,2025-09-05,"{'regular': 'https://fonts.gstatic.com/s/afacad/v3/6NUX8FKMIQOGaw6qg6YLvO0cyA.woff2', 'italic': 'https://fonts.gstatic.com/s/afacad/v3/6NUV8FKMIQOGaw6ahKwKnugMyM1A.woff2'}",sans-serif,webfonts#webfont,https://fonts.gstatic.com/s/afacad/v3/6NUK8FKMIQOGaw6wjYT7ZHG_zsBBfhXtamE-8w.woff2,"[{'tag': 'wght', 'start': 400, 'end': 700}]",,390,2025,recent_12m,True,True,4,{'wght'},1,False,False,False,6,False,False,False
Saira Semi Condensed,"['100', '200', '300', 'regular', '500', '600', '700', '800', '900']","['latin', 'latin-ext', 'vietnamese']",v15,2025-09-16,"{'100': 'https://fonts.gstatic.com/s/sairasemicondensed/v15/U9MN6c-2-nnJkHxyCjRcnMHcWVWV1cWRRXdvaOY8rXT-8V8.woff2', '200': 'https://fonts.gstatic.com/s/sairasemicondensed/v15/U9MM6c-2-nnJkHxyCjRcnMHcWVWV1cWRRXfDScMTg3j36Ebz.woff2', '300': 'https://fonts.gstatic.com/s/sairasemicondensed/v15/U9MM6c-2-nnJkHxyCjRcnMHcWVWV1cWRRXenSsMTg3j36Ebz.woff2', 'regular': 'https://fonts.gstatic.com/s/sairasemicondensed/v15/U9MD6c-2-nnJkHxyCjRcnMHcWVWV1cWRRU8OYuceqGT-.woff2', '500': 'https://fonts.gstatic.com/s/sairasemicondensed/v15/U9MM6c-2-nnJkHxyCjRcnMHcWVWV1cWRRXf_S8MTg3j36Ebz.woff2', '600': 'https://fonts.gstatic.com/s/sairasemicondensed/v15/U9MM6c-2-nnJkHxyCjRcnMHcWVWV1cWRRXfTTMMTg3j36Ebz.woff2', '700': 'https://fonts.gstatic.com/s/sairasemicondensed/v15/U9MM6c-2-nnJkHxyCjRcnMHcWVWV1cWRRXe3TcMTg3j36Ebz.woff2', '800': 'https://fonts.gstatic.com/s/sairasemicondensed/v15/U9MM6c-2-nnJkHxyCjRcnMHcWVWV1cWRRXerTsMTg3j36Ebz.woff2', '900': 'https://fonts.gstatic.com/s/sairasemicondensed/v15/U9MM6c-2-nnJkHxyCjRcnMHcWVWV1cWRRXePT8MTg3j36Ebz.woff2'}",sans-serif,webfonts#webfont,https://fonts.gstatic.com/s/sairasemicondensed/v15/U9MD6c-2-nnJkHxyCjRcnMHcWVWV1cWRRX8KaOY.woff2,,,391,2025,recent_12m,False,False,9,set(),0,False,False,False,3,False,False,False
Cormorant Infant,"['regular', 'italic']","['cyrillic', 'cyrillic-ext', 'latin', 'latin-ext', 'vietnamese']",v22,2025-09-05,"{'regular': 'https://fonts.gstatic.com/s/cormorantinfant/v22/HhyPU44g9vKiM1sORYSiWeAsLN993_Uf2DsAXq4.woff2', 'italic': 'https://fonts.gstatic.com/s/cormorantinfant/v22/HhyJU44g9vKiM1sORYSiWeAsLN997_IV2RkFTq4EPw.woff2'}",serif,webfonts#webfont,https://fonts.gstatic.com/s/cormorantinfant/v22/HhyCU44g9vKiM1sORYSiWeAsLN99xfs9KOOc_agJPrgvYNWSjjg.woff2,"[{'tag': 'wght', 'start': 300, 'end': 700}]",,392,2025,recent_12m,True,True,5,{'wght'},1,False,False,False,5,False,False,False
Vidaloka,['regular'],['latin'],v19,2025-09-16,{'regular': 'https://fonts.gstatic.com/s/vidaloka/v19/7cHrv4c3ipenMKlEass5yn4hnCci.woff2'},serif,webfonts#webfont,https://fonts.gstatic.com/s/vidaloka/v19/7cHrv4c3ipenMKlEavs9wH8.woff2,,,393,2025,recent_12m,False,False,1,set(),0,False,False,False,1,False,False,False
Volkhov,"['regular', 'italic', '700', '700italic']",['latin'],v18,2025-09-10,"{'regular': 'https://fonts.gstatic.com/s/volkhov/v18/SlGQmQieoJcKemNeQTcOhHxzcD0.woff2', 'italic': 'https://fonts.gstatic.com/s/volkhov/v18/SlGSmQieoJcKemNecTAEhV52YD0NYw.woff2', '700': 'https://fonts.gstatic.com/s/volkhov/v18/SlGVmQieoJcKemNeeY4hoHFYbDQUego.woff2', '700italic': 'https://fonts.gstatic.com/s/volkhov/v18/SlGXmQieoJcKemNecTA8PHFSbRYRagrQrA.woff2'}",serif,webfonts#webfont,https://fonts.gstatic.com/s/volkhov/v18/SlGQmQieoJcKemNecTMEhQ.woff2,,,394,2025,recent_12m,True,False,2,set(),0,False,False,False,1,False,False,False
Petrona,"['regular', 'italic']","['latin', 'latin-ext', 'vietnamese']",v38,2026-06-30,"{'regular': 'https://fonts.gstatic.com/s/petrona/v38/mtG64_NXL7bZo9XXsXBStGsRwCU.woff2', 'italic': 'https://fonts.gstatic.com/s/petrona/v38/mtG44_NXL7bZo9XXgXdYtUkU0CWuFw.woff2'}",serif,webfonts#webfont,https://fonts.gstatic.com/s/petrona/v38/mtGl4_NXL7bZo9XXq35wRLONYyOjFk6NsTRAFY8.woff2,"[{'tag': 'wght', 'start': 100, 'end': 900}]",,395,2026,recent_12m,True,True,9,{'wght'},1,False,False,False,3,False,False,False
Mada,['regular'],"['arabic', 'latin', 'latin-ext']",v21,2025-09-05,{'regular': 'https://fonts.gstatic.com/s/mada/v21/7Auwp_0qnzeSTTDMLCrX0kU.woff2'},sans-serif,webfonts#webfont,https://fonts.gstatic.com/s/mada/v21/7Aulp_0qnzeSVz7u3PJLcUMYOFnOkEkx0eg.woff2,"[{'tag': 'wght', 'start': 200, 'end': 900}]",,396,2025,recent_12m,False,True,8,{'wght'},1,False,False,False,3,False,False,False
Eczar,['regular'],"['devanagari', 'greek', 'greek-ext', 'latin', 'latin-ext']",v27,2025-09-16,{'regular': 'https://fonts.gstatic.com/s/eczar/v27/BXRlvF3Pi-DLmw0nBu9y8Hf0.woff2'},serif,webfonts#webfont,https://fonts.gstatic.com/s/eczar/v27/BXR2vF3Pi-DLmxcpJB-qbNTyTMDXHd6mqDgU.woff2,"[{'tag': 'wght', 'start': 400, 'end': 800}]",,397,2025,recent_12m,False,True,5,{'wght'},1,False,False,False,5,False,False,False
Nothing You Could Do,['regular'],['latin'],v21,2025-09-16,{'regular': 'https://fonts.gstatic.com/s/nothingyoucoulddo/v21/oY1B8fbBpaP5OX3DtrRYf_Q2BPB1SnfZb0OMl1ol2Ymo.woff2'},handwriting,webfonts#webfont,https://fonts.gstatic.com/s/nothingyoucoulddo/v21/oY1B8fbBpaP5OX3DtrRYf_Q2BPB1SnfZb3OInVs.woff2,,,398,2025,recent_12m,False,False,1,set(),0,False,False,False,1,False,False,False
Bad Script,['regular'],"['cyrillic', 'cyrillic-ext', 'latin', 'latin-ext', 'vietnamese']",v18,2025-09-02,{'regular': 'https://fonts.gstatic.com/s/badscript/v18/6NUT8F6PJgbFWQn47_x7lOkuzd1AZtw.woff2'},handwriting,webfonts#webfont,https://fonts.gstatic.com/s/badscript/v18/6NUT8F6PJgbFWQn47_x7pO0kzA.woff2,,,399,2025,recent_12m,False,False,1,set(),0,False,False,False,5,False,False,False
Dongle,"['300', 'regular', '700']","['korean', 'latin', 'latin-ext', 'vietnamese']",v16,2025-09-16,"{'300': 'https://fonts.gstatic.com/s/dongle/v16/sJoG3Ltdjt6VPkqeEcxrZzWNzXvVPA.woff2', 'regular': 'https://fonts.gstatic.com/s/dongle/v16/sJoF3Ltdjt6VPkqmuORPah6RxA.woff2', '700': 'https://fonts.gstatic.com/s/dongle/v16/sJoG3Ltdjt6VPkqeActrZzWNzXvVPA.woff2'}",sans-serif,webfonts#webfont,https://fonts.gstatic.com/s/dongle/v16/sJoF3Ltdjt6VPkqWvO5O.woff2,,,400,2025,recent_12m,False,False,3,set(),0,False,False,False,4,True,False,False
Reddit Sans,"['regular', 'italic']","['latin', 'latin-ext', 'vietnamese']",v6,2025-09-16,"{'regular': 'https://fonts.gstatic.com/s/redditsans/v6/EYq3maFOxq1T_-ETdN7EKTNpcZef2mNE.woff2', 'italic': 'https://fonts.gstatic.com/s/redditsans/v6/EYq1maFOxq1T_-ETdN7EKQNue5a933NEWpo.woff2'}",sans-serif,webfonts#webfont,https://fonts.gstatic.com/s/redditsans/v6/EYqgmaFOxq1T_-ETdN7EKSlnU2dHRsBCV5uxbYxWAF3A.woff2,"[{'tag': 'wght', 'start': 200, 'end': 900}]",,401,2025,recent_12m,True,True,8,{'wght'},1,False,False,False,3,False,False,False
Mr Dafoe,['regular'],"['latin', 'latin-ext']",v15,2025-09-02,{'regular': 'https://fonts.gstatic.com/s/mrdafoe/v15/lJwE-pIzkS5NXuMMrGivg7MCxz_C.woff2'},handwriting,webfonts#webfont,https://fonts.gstatic.com/s/mrdafoe/v15/lJwE-pIzkS5NXuMMrFiribI.woff2,,,402,2025,recent_12m,False,False,1,set(),0,False,False,False,2,False,False,False
Host Grotesk,"['regular', 'italic']","['latin', 'latin-ext']",v5,2025-09-05,"{'regular': 'https://fonts.gstatic.com/s/hostgrotesk/v5/co3BmWBnlCJ3U42vbbfdwMjpplLn4U3Qrw.woff2', 'italic': 'https://fonts.gstatic.com/s/hostgrotesk/v5/co3fmWBnlCJ3U42vbbfdwMjZoVjmw0jAr0NO.woff2'}",sans-serif,webfonts#webfont,https://fonts.gstatic.com/s/hostgrotesk/v5/co3UmWBnlCJ3U42vbbfdwMjzqHAXOdFzqU5PuefO_hej-w.woff2,"[{'tag': 'wght', 'start': 300, 'end': 800}]",,403,2025,recent_12m,True,True,6,{'wght'},1,False,False,False,2,False,False,False
Ropa Sans,"['regular', 'italic']","['latin', 'latin-ext']",v16,2025-09-05,"{'regular': 'https://fonts.gstatic.com/s/ropasans/v16/EYqxmaNOzLlWtsZSScyKXzloU5KP2g.woff2', 'italic': 'https://fonts.gstatic.com/s/ropasans/v16/EYq3maNOzLlWtsZSScy6WDNpcZef2mNE.woff2'}",sans-serif,webfonts#webfont,https://fonts.gstatic.com/s/ropasans/v16/EYqxmaNOzLlWtsZSScy6WzNp.woff2,,,404,2025,recent_12m,True,False,1,set(),0,False,False,False,2,False,False,False
Reem Kufi,['regular'],"['arabic', 'latin', 'latin-ext', 'vietnamese']",v28,2025-09-05,{'regular': 'https://fonts.gstatic.com/s/reemkufi/v28/2sDcZGJLip7W2J7v7wQDam-4C7wFZQ.woff2'},sans-serif,webfonts#webfont,https://fonts.gstatic.com/s/reemkufi/v28/2sDPZGJLip7W2J7v7wQZZE1I0yCmYzzQtuZnIGCV3w.woff2,"[{'tag': 'wght', 'start': 400, 'end': 700}]",,405,2025,recent_12m,False,True,4,{'wght'},1,False,False,False,4,False,False,False
Blinker,"['100', '200', '300', 'regular', '600', '700', '800', '900']","['latin', 'latin-ext']",v14,2025-09-05,"{'100': 'https://fonts.gstatic.com/s/blinker/v14/cIf_MaFatEE-VTaP_E2hYUsCkIt9QQ.woff2', '200': 'https://fonts.gstatic.com/s/blinker/v14/cIf4MaFatEE-VTaP_OGARGQsnIJkWL4.woff2', '300': 'https://fonts.gstatic.com/s/blinker/v14/cIf4MaFatEE-VTaP_IWDRGQsnIJkWL4.woff2', 'regular': 'https://fonts.gstatic.com/s/blinker/v14/cIf9MaFatEE-VTaPxCyrYGkHgIs.woff2', '600': 'https://fonts.gstatic.com/s/blinker/v14/cIf4MaFatEE-VTaP_PGFRGQsnIJkWL4.woff2', '700': 'https://fonts.gstatic.com/s/blinker/v14/cIf4MaFatEE-VTaP_JWERGQsnIJkWL4.woff2', '800': 'https://fonts.gstatic.com/s/blinker/v14/cIf4MaFatEE-VTaP_ImHRGQsnIJkWL4.woff2', '900': 'https://fonts.gstatic.com/s/blinker/v14/cIf4MaFatEE-VTaP_K2GRGQsnIJkWL4.woff2'}",sans-serif,webfonts#webfont,https://fonts.gstatic.com/s/blinker/v14/cIf9MaFatEE-VTaP9CihYQ.woff2,,,406,2025,recent_12m,False,False,8,set(),0,False,False,False,2,False,False,False
Ultra,['regular'],"['latin', 'latin-ext']",v25,2025-06-02,{'regular': 'https://fonts.gstatic.com/s/ultra/v25/zOLy4prXmrtY-tT_yLOD6NxF.woff2'},serif,webfonts#webfont,https://fonts.gstatic.com/s/ultra/v25/zOLy4prXmrtY-uT7wrI.woff2,,,407,2025,older,False,False,1,set(),0,False,False,False,2,False,False,False
Michroma,['regular'],"['latin', 'latin-ext']",v21,2025-09-05,{'regular': 'https://fonts.gstatic.com/s/michroma/v21/PN_zRfy9qWD8fEagAMg_rzjb_-Da.woff2'},sans-serif,webfonts#webfont,https://fonts.gstatic.com/s/michroma/v21/PN_zRfy9qWD8fEagAPg7pTk.woff2,,,408,2025,recent_12m,False,False,1,set(),0,False,False,False,2,False,False,False
Mate,"['regular', 'italic']","['latin', 'latin-ext']",v19,2025-09-10,"{'regular': 'https://fonts.gstatic.com/s/mate/v19/m8JdjftRd7WZ2zi8WoXSaLU.woff2', 'italic': 'https://fonts.gstatic.com/s/mate/v19/m8JTjftRd7WZ6z-2W6fXeLVdbw.woff2'}",serif,webfonts#webfont,https://fonts.gstatic.com/s/mate/v19/m8JdjftRd7WZ6zy2Ww.woff2,,,409,2025,recent_12m,True,False,1,set(),0,False,False,False,2,False,False,False
Varela,['regular'],"['latin', 'latin-ext']",v17,2025-09-10,{'regular': 'https://fonts.gstatic.com/s/varela/v17/DPEtYwqExx0AWHXJARQFfvzDsQ.woff2'},sans-serif,webfonts#webfont,https://fonts.gstatic.com/s/varela/v17/DPEtYwqExx0AWHX5BR4E.woff2,,,410,2025,recent_12m,False,False,1,set(),0,False,False,False,2,False,False,False
Cuprum,"['regular', 'italic']","['cyrillic', 'cyrillic-ext', 'latin', 'latin-ext', 'vietnamese']",v29,2025-09-08,"{'regular': 'https://fonts.gstatic.com/s/cuprum/v29/dg4k_pLmvrkcOkB9JOFDh701Sg.woff2', 'italic': 'https://fonts.gstatic.com/s/cuprum/v29/dg4m_pLmvrkcOkBNI-tCpbglShon.woff2'}",sans-serif,webfonts#webfont,https://fonts.gstatic.com/s/cuprum/v29/dg45_pLmvrkcOkBnKsOzXyGWTBcmg-X6Vj3YJw.woff2,"[{'tag': 'wght', 'start': 400, 'end': 700}]",,411,2025,recent_12m,True,True,4,{'wght'},1,False,False,False,5,False,False,False
Economica,"['regular', 'italic', '700', '700italic']","['latin', 'latin-ext']",v17,2025-09-05,"{'regular': 'https://fonts.gstatic.com/s/economica/v17/Qw3fZQZaHCLgIWa29ZBrNMgAAl1lfQ.woff2', 'italic': 'https://fonts.gstatic.com/s/economica/v17/Qw3ZZQZaHCLgIWa29ZBbM8IBIFh1fWUl.woff2', '700': 'https://fonts.gstatic.com/s/economica/v17/Qw3aZQZaHCLgIWa29ZBTjeckD3Z5dHw8iw.woff2', '700italic': 'https://fonts.gstatic.com/s/economica/v17/Qw3EZQZaHCLgIWa29ZBbM_q4D3x4Vnksi4M7.woff2'}",sans-serif,webfonts#webfont,https://fonts.gstatic.com/s/economica/v17/Qw3fZQZaHCLgIWa29ZBbMMIB.woff2,,,412,2025,recent_12m,True,False,2,set(),0,False,False,False,2,False,False,False
Monda,['regular'],"['latin', 'latin-ext', 'vietnamese']",v19,2025-09-11,{'regular': 'https://fonts.gstatic.com/s/monda/v19/TK3tWkYFABsmjvpjNBsLvPdG.woff2'},sans-serif,webfonts#webfont,https://fonts.gstatic.com/s/monda/v19/TK3-WkYFABsmjuBtFuvTIFRAPpWsH3o8oGFH.woff2,"[{'tag': 'wght', 'start': 400, 'end': 700}]",,413,2025,recent_12m,False,True,4,{'wght'},1,False,False,False,3,False,False,False
Caprasimo,['regular'],"['latin', 'latin-ext']",v6,2025-06-02,{'regular': 'https://fonts.gstatic.com/s/caprasimo/v6/esDT31JQOPuXIUGBp72kkJUCGpG-GQ.woff2'},display,webfonts#webfont,https://fonts.gstatic.com/s/caprasimo/v6/esDT31JQOPuXIUGBp72UlJ8D.woff2,,,414,2025,older,False,False,1,set(),0,False,False,False,2,False,False,False
Georama,"['regular', 'italic']","['latin', 'latin-ext', 'vietnamese']",v15,2025-09-10,"{'regular': 'https://fonts.gstatic.com/s/georama/v15/MCoTzAn438bIEyxFZaUS3pP5H_E.woff2', 'italic': 'https://fonts.gstatic.com/s/georama/v15/MCoRzAn438bIEyxFVaIY37H8D_EZwA.woff2'}",sans-serif,webfonts#webfont,https://fonts.gstatic.com/s/georama/v15/MCo5zAn438bIEyxFf6swMnNpvPcUwW4u4yRcDh-ZjxApn9K5GvgdmAEK.woff2,"[{'tag': 'wdth', 'start': 62.5, 'end': 150}, {'tag': 'wght', 'start': 100, 'end': 900}]",,415,2025,recent_12m,True,True,9,"{'wdth', 'wght'}",2,True,False,False,3,False,False,False
Syncopate,"['regular', '700']","['latin', 'latin-ext']",v24,2025-09-08,"{'regular': 'https://fonts.gstatic.com/s/syncopate/v24/pe0sMIuPIYBCpEV5eFdyB_2-C99ycg.woff2', '700': 'https://fonts.gstatic.com/s/syncopate/v24/pe0pMIuPIYBCpEV5eFdKvtKaBvRue1UwVg.woff2'}",sans-serif,webfonts#webfont,https://fonts.gstatic.com/s/syncopate/v24/pe0sMIuPIYBCpEV5eFdCA_e_.woff2,,,416,2025,recent_12m,False,False,2,set(),0,False,False,False,2,False,False,False
Calistoga,['regular'],"['latin', 'latin-ext', 'vietnamese']",v18,2025-09-16,{'regular': 'https://fonts.gstatic.com/s/calistoga/v18/6NUU8F2OJg6MeR7l4e0vscYAwdRZfw.woff2'},display,webfonts#webfont,https://fonts.gstatic.com/s/calistoga/v18/6NUU8F2OJg6MeR7l4e0ftcwB.woff2,,,417,2025,recent_12m,False,False,1,set(),0,False,False,False,3,False,False,False
Palanquin,"['100', '200', '300', 'regular', '500', '600', '700']","['devanagari', 'latin', 'latin-ext']",v17,2025-09-11,"{'100': 'https://fonts.gstatic.com/s/palanquin/v17/9XUhlJ90n1fBFg7ceXwUEltN7rWmZzTH.woff2', '200': 'https://fonts.gstatic.com/s/palanquin/v17/9XUilJ90n1fBFg7ceXwUvnpowZuqbi3ezg.woff2', '300': 'https://fonts.gstatic.com/s/palanquin/v17/9XUilJ90n1fBFg7ceXwU2nlowZuqbi3ezg.woff2', 'regular': 'https://fonts.gstatic.com/s/palanquin/v17/9XUnlJ90n1fBFg7ceXwsc1FMzLC2Zw.woff2', '500': 'https://fonts.gstatic.com/s/palanquin/v17/9XUilJ90n1fBFg7ceXwUgnhowZuqbi3ezg.woff2', '600': 'https://fonts.gstatic.com/s/palanquin/v17/9XUilJ90n1fBFg7ceXwUrn9owZuqbi3ezg.woff2', '700': 'https://fonts.gstatic.com/s/palanquin/v17/9XUilJ90n1fBFg7ceXwUyn5owZuqbi3ezg.woff2'}",sans-serif,webfonts#webfont,https://fonts.gstatic.com/s/palanquin/v17/9XUnlJ90n1fBFg7ceXwcd1tN.woff2,,,418,2025,recent_12m,False,False,7,set(),0,False,False,False,3,False,False,False
Funnel Sans,"['regular', 'italic']","['latin', 'latin-ext']",v3,2025-09-08,"{'regular': 'https://fonts.gstatic.com/s/funnelsans/v3/OpNIno8Dg9bX6Bsp3Wq69QpwdBnKyl7c.woff2', 'italic': 'https://fonts.gstatic.com/s/funnelsans/v3/OpNKno8Dg9bX6Bsp3Wq69Tp3fhjoz07cLCA.woff2'}",sans-serif,webfonts#webfont,https://fonts.gstatic.com/s/funnelsans/v3/OpNfno8Dg9bX6Bsp3Wq69RB-VukSVv3aISFAlXm0f2VM.woff2,"[{'tag': 'wght', 'start': 300, 'end': 800}]",,419,2025,recent_12m,True,True,6,{'wght'},1,False,False,False,2,False,False,False
Alice,['regular'],"['cyrillic', 'cyrillic-ext', 'latin', 'latin-ext']",v21,2025-09-08,{'regular': 'https://fonts.gstatic.com/s/alice/v21/OpNCnoEEmtHa6FcMpA_chzJ0.woff2'},serif,webfonts#webfont,https://fonts.gstatic.com/s/alice/v21/OpNCnoEEmtHa6GcIrg4.woff2,,,420,2025,recent_12m,False,False,1,set(),0,False,False,False,4,False,False,False
Amita,"['regular', '700']","['devanagari', 'latin', 'latin-ext']",v20,2025-09-11,"{'regular': 'https://fonts.gstatic.com/s/amita/v20/HhyaU5si9Om7PQlqAfSKEZZL.woff2', '700': 'https://fonts.gstatic.com/s/amita/v20/HhyXU5si9Om7PTHTLtCHOopCTKkI.woff2'}",handwriting,webfonts#webfont,https://fonts.gstatic.com/s/amita/v20/HhyaU5si9Om7PTluC_U.woff2,,,421,2025,recent_12m,False,False,2,set(),0,False,False,False,3,False,False,False
Zen Kaku Gothic Antique,"['300', 'regular', '500', '700', '900']","['cyrillic', 'japanese', 'latin', 'latin-ext']",v18,2025-09-05,"{'300': 'https://fonts.gstatic.com/s/zenkakugothicantique/v18/6qLVKYkHvh-nlUpKPAdoVFBtfxDzIn1eCzpB22cM9TauWJtyZyGU.woff2', 'regular': 'https://fonts.gstatic.com/s/zenkakugothicantique/v18/6qLQKYkHvh-nlUpKPAdoVFBtfxDzIn1eCzpB21-l3RKjc4d7.woff2', '500': 'https://fonts.gstatic.com/s/zenkakugothicantique/v18/6qLVKYkHvh-nlUpKPAdoVFBtfxDzIn1eCzpB22dU9DauWJtyZyGU.woff2', '700': 'https://fonts.gstatic.com/s/zenkakugothicantique/v18/6qLVKYkHvh-nlUpKPAdoVFBtfxDzIn1eCzpB22cc8jauWJtyZyGU.woff2', '900': 'https://fonts.gstatic.com/s/zenkakugothicantique/v18/6qLVKYkHvh-nlUpKPAdoVFBtfxDzIn1eCzpB22ck8DauWJtyZyGU.woff2'}",sans-serif,webfonts#webfont,https://fonts.gstatic.com/s/zenkakugothicantique/v18/6qLQKYkHvh-nlUpKPAdoVFBtfxDzIn1eCzpB22-h1xM.woff2,,,422,2025,recent_12m,False,False,5,set(),0,False,False,False,4,False,False,False
Atkinson Hyperlegible Next,"['regular', 'italic']","['latin', 'latin-ext']",v7,2025-09-05,"{'regular': 'https://fonts.gstatic.com/s/atkinsonhyperlegiblenext/v7/NaPNcYPdHfdVxJw0IfIP0lvYFqijb-UxCtm5_wdGsdiLlXuWpVZ-.woff2', 'italic': 'https://fonts.gstatic.com/s/atkinsonhyperlegiblenext/v7/NaPPcYPdHfdVxJw0IfIP0lvYFqijb-UxCtm5_wdGseiMn3q0oEZ-a2Q.woff2'}",sans-serif,webfonts#webfont,https://fonts.gstatic.com/s/atkinsonhyperlegiblenext/v7/NaP4cYPdHfdVxJw0IfIP0lvYFqijb-UxCtm5_wdGscKFt4tOOfV4ZmW37LQRtdN8.woff2,"[{'tag': 'wght', 'start': 200, 'end': 800}]",,423,2025,recent_12m,True,True,7,{'wght'},1,False,False,False,2,False,False,False
Caveat Brush,['regular'],"['latin', 'latin-ext']",v12,2025-09-05,{'regular': 'https://fonts.gstatic.com/s/caveatbrush/v12/EYq0maZfwr9S9-ETZc3fKXtMXrmT03pdQw.woff2'},handwriting,webfonts#webfont,https://fonts.gstatic.com/s/caveatbrush/v12/EYq0maZfwr9S9-ETZc3fKXt8WrOS.woff2,,,424,2025,recent_12m,False,False,1,set(),0,False,False,False,2,False,False,False
Belanosima,"['regular', '600', '700']","['latin', 'latin-ext']",v4,2025-06-02,"{'regular': 'https://fonts.gstatic.com/s/belanosima/v4/3y9k6bI8ejDo_3MfCDSLxAVbF3JBg54.woff2', '600': 'https://fonts.gstatic.com/s/belanosima/v4/3y9n6bI8ejDo_3MfCDSL_Nh1M39qn5cdJ-4.woff2', '700': 'https://fonts.gstatic.com/s/belanosima/v4/3y9n6bI8ejDo_3MfCDSL_Lx0M39qn5cdJ-4.woff2'}",sans-serif,webfonts#webfont,https://fonts.gstatic.com/s/belanosima/v4/3y9k6bI8ejDo_3MfCDSL9AFRFg.woff2,,,425,2025,older,False,False,3,set(),0,False,False,False,2,False,False,False
Anek Latin,['regular'],"['latin', 'latin-ext', 'vietnamese']",v11,2025-09-16,{'regular': 'https://fonts.gstatic.com/s/aneklatin/v11/co3DmWZulTRoU4a8dqrWk6bjp3Di8U0.woff2'},sans-serif,webfonts#webfont,https://fonts.gstatic.com/s/aneklatin/v11/co3pmWZulTRoU4a8dqrWiajBS5ByUkvdrluH-xWG5uJTY4x-L3PuR7ApKNqk.woff2,"[{'tag': 'wdth', 'start': 75, 'end': 125}, {'tag': 'wght', 'start': 100, 'end': 800}]",,426,2025,recent_12m,False,True,8,"{'wdth', 'wght'}",2,True,False,False,3,False,False,False
Cabin Condensed,"['regular', '500', '600', '700']","['latin', 'latin-ext', 'vietnamese']",v21,2025-09-08,"{'regular': 'https://fonts.gstatic.com/s/cabincondensed/v21/nwpMtK6mNhBK2err_hqkYhHRqmwaZejZ5HZl8Q.woff2', '500': 'https://fonts.gstatic.com/s/cabincondensed/v21/nwpJtK6mNhBK2err_hqkYhHRqmwilMH96V15-K1oqQ.woff2', '600': 'https://fonts.gstatic.com/s/cabincondensed/v21/nwpJtK6mNhBK2err_hqkYhHRqmwiuMb96V15-K1oqQ.woff2', '700': 'https://fonts.gstatic.com/s/cabincondensed/v21/nwpJtK6mNhBK2err_hqkYhHRqmwi3Mf96V15-K1oqQ.woff2'}",sans-serif,webfonts#webfont,https://fonts.gstatic.com/s/cabincondensed/v21/nwpMtK6mNhBK2err_hqkYhHRqmwqYeLY.woff2,,,427,2025,recent_12m,False,False,4,set(),0,False,False,False,3,False,False,False
Taviraj,"['100', '100italic', '200', '200italic', '300', '300italic', 'regular', 'italic', '500', '500italic', '600', '600italic', '700', '700italic', '800', '800italic', '900', '900italic']","['latin', 'latin-ext', 'thai', 'vietnamese']",v15,2025-09-05,"{'100': 'https://fonts.gstatic.com/s/taviraj/v15/ahcbv8Cj3ylylTXzRIorUsN1jU2gog.woff2', '100italic': 'https://fonts.gstatic.com/s/taviraj/v15/ahcdv8Cj3ylylTXzTOwTM8l0r0iwolLl.woff2', '200': 'https://fonts.gstatic.com/s/taviraj/v15/ahccv8Cj3ylylTXzRCYKd-xbgUS5u0s.woff2', '200italic': 'https://fonts.gstatic.com/s/taviraj/v15/ahcev8Cj3ylylTXzTOwTn-hRgGa8q0v8ag.woff2', '300': 'https://fonts.gstatic.com/s/taviraj/v15/ahccv8Cj3ylylTXzREIJd-xbgUS5u0s.woff2', '300italic': 'https://fonts.gstatic.com/s/taviraj/v15/ahcev8Cj3ylylTXzTOwT--tRgGa8q0v8ag.woff2', 'regular': 'https://fonts.gstatic.com/s/taviraj/v15/ahcZv8Cj3ylylTXzfOshU-FwnU0.woff2', 'italic': 'https://fonts.gstatic.com/s/taviraj/v15/ahcbv8Cj3ylylTXzTOwrUsN1jU2gog.woff2', '500': 'https://fonts.gstatic.com/s/taviraj/v15/ahccv8Cj3ylylTXzRBoId-xbgUS5u0s.woff2', '500italic': 'https://fonts.gstatic.com/s/taviraj/v15/ahcev8Cj3ylylTXzTOwTo-pRgGa8q0v8ag.woff2', '600': 'https://fonts.gstatic.com/s/taviraj/v15/ahccv8Cj3ylylTXzRDYPd-xbgUS5u0s.woff2', '600italic': 'https://fonts.gstatic.com/s/taviraj/v15/ahcev8Cj3ylylTXzTOwTj-1RgGa8q0v8ag.woff2', '700': 'https://fonts.gstatic.com/s/taviraj/v15/ahccv8Cj3ylylTXzRFIOd-xbgUS5u0s.woff2', '700italic': 'https://fonts.gstatic.com/s/taviraj/v15/ahcev8Cj3ylylTXzTOwT6-xRgGa8q0v8ag.woff2', '800': 'https://fonts.gstatic.com/s/taviraj/v15/ahccv8Cj3ylylTXzRE4Nd-xbgUS5u0s.woff2', '800italic': 'https://fonts.gstatic.com/s/taviraj/v15/ahcev8Cj3ylylTXzTOwT9-9RgGa8q0v8ag.woff2', '900': 'https://fonts.gstatic.com/s/taviraj/v15/ahccv8Cj3ylylTXzRGoMd-xbgUS5u0s.woff2', '900italic': 'https://fonts.gstatic.com/s/taviraj/v15/ahcev8Cj3ylylTXzTOwT0-5RgGa8q0v8ag.woff2'}",serif,webfonts#webfont,https://fonts.gstatic.com/s/taviraj/v15/ahcZv8Cj3ylylTXzTO8rUg.woff2,,,428,2025,recent_12m,True,False,9,set(),0,False,False,False,4,False,False,False
Mukta Malar,"['200', '300', 'regular', '500', '600', '700', '800']","['latin', 'latin-ext', 'tamil']",v14,2025-09-16,"{'200': 'https://fonts.gstatic.com/s/muktamalar/v14/MCoKzAXyz8LOE2FpJMxZqIMwBtAE62ruoAZW.woff2', '300': 'https://fonts.gstatic.com/s/muktamalar/v14/MCoKzAXyz8LOE2FpJMxZqINUBdAE62ruoAZW.woff2', 'regular': 'https://fonts.gstatic.com/s/muktamalar/v14/MCoXzAXyz8LOE2FpJMxZqLv9LfQJwHbn.woff2', '500': 'https://fonts.gstatic.com/s/muktamalar/v14/MCoKzAXyz8LOE2FpJMxZqIMMBNAE62ruoAZW.woff2', '600': 'https://fonts.gstatic.com/s/muktamalar/v14/MCoKzAXyz8LOE2FpJMxZqIMgA9AE62ruoAZW.woff2', '700': 'https://fonts.gstatic.com/s/muktamalar/v14/MCoKzAXyz8LOE2FpJMxZqINEAtAE62ruoAZW.woff2', '800': 'https://fonts.gstatic.com/s/muktamalar/v14/MCoKzAXyz8LOE2FpJMxZqINYAdAE62ruoAZW.woff2'}",sans-serif,webfonts#webfont,https://fonts.gstatic.com/s/muktamalar/v14/MCoXzAXyz8LOE2FpJMxZqIv5J_U.woff2,,,429,2025,recent_12m,False,False,7,set(),0,False,False,False,3,False,False,False
Jua,['regular'],"['korean', 'latin']",v18,2025-09-05,{'regular': 'https://fonts.gstatic.com/s/jua/v18/co3KmW9ljjAjduDZCsKgsg.woff2'},sans-serif,webfonts#webfont,https://fonts.gstatic.com/s/jua/v18/co3KmW9ljjATcurY.woff2,,,430,2025,recent_12m,False,False,1,set(),0,False,False,False,2,True,False,False
Ms Madi,['regular'],"['latin', 'latin-ext', 'vietnamese']",v2,2025-05-30,{'regular': 'https://fonts.gstatic.com/s/msmadi/v2/HTxsL2UxNnOji5E1N-XPiI7QAYo.woff2'},handwriting,webfonts#webfont,https://fonts.gstatic.com/s/msmadi/v2/HTxsL2UxNnOji5E1B-HFiQ.woff2,,,431,2025,older,False,False,1,set(),0,False,False,False,3,False,False,False
Mona Sans,"['regular', 'italic']","['latin', 'latin-ext', 'vietnamese']",v4,2025-09-05,"{'regular': 'https://fonts.gstatic.com/s/monasans/v4/o-0IIpQmx24alC5A4PNb5z5Ba_2c7A.woff2', 'italic': 'https://fonts.gstatic.com/s/monasans/v4/o-0OIpQmx24alC5A4PNr4DRASfiM7HBj.woff2'}",sans-serif,webfonts#webfont,https://fonts.gstatic.com/s/monasans/v4/o-0mIpQmx24alC5A4PNB6Ryti20_6n1iPHjcz6L1SoM-jCpoiyD9A-9c6VI.woff2,"[{'tag': 'wdth', 'start': 75, 'end': 125}, {'tag': 'wght', 'start': 200, 'end': 900}]",,432,2025,recent_12m,True,True,8,"{'wdth', 'wght'}",2,True,False,False,3,False,False,False
Anek Bangla,['regular'],"['bengali', 'latin', 'latin-ext']",v16,2025-09-16,{'regular': 'https://fonts.gstatic.com/s/anekbangla/v16/_gP81R38qTExHg-17BhM6mS0YPp7oSNy.woff2'},sans-serif,webfonts#webfont,https://fonts.gstatic.com/s/anekbangla/v16/_gPW1R38qTExHg-17BhM6n66QhabMYB0fBKONtHhRSIUIre5mq3Ofm9ZEoYq5g.woff2,"[{'tag': 'wdth', 'start': 75, 'end': 125}, {'tag': 'wght', 'start': 100, 'end': 800}]",,433,2025,recent_12m,False,True,8,"{'wdth', 'wght'}",2,True,False,False,3,False,False,False
Gochi Hand,['regular'],['latin'],v27,2026-06-30,{'regular': 'https://fonts.gstatic.com/s/gochihand/v27/hES06XlsOjtJsgCkx1PkTov1-n0nXWA.woff2'},handwriting,webfonts#webfont,https://fonts.gstatic.com/s/gochihand/v27/hES06XlsOjtJsgCkx1Pkfo__-w.woff2,,,434,2026,recent_12m,False,False,1,set(),0,False,False,False,1,False,False,False
Marck Script,['regular'],"['cyrillic', 'latin', 'latin-ext']",v22,2025-09-10,{'regular': 'https://fonts.gstatic.com/s/marckscript/v22/nwpTtK2oNgBA3Or78gapdwuCyiI-aMPF7Q.woff2'},handwriting,webfonts#webfont,https://fonts.gstatic.com/s/marckscript/v22/nwpTtK2oNgBA3Or78gapdwuyzig_.woff2,,,435,2025,recent_12m,False,False,1,set(),0,False,False,False,3,False,False,False
Six Caps,['regular'],"['latin', 'latin-ext']",v23,2025-09-08,{'regular': 'https://fonts.gstatic.com/s/sixcaps/v23/6ae_4KGrU7VR7bNmabcX9XXaPCop.woff2'},sans-serif,webfonts#webfont,https://fonts.gstatic.com/s/sixcaps/v23/6ae_4KGrU7VR7bNmaYcT_3Q.woff2,,,436,2025,recent_12m,False,False,1,set(),0,False,False,False,2,False,False,False
Spline Sans,['regular'],"['latin', 'latin-ext']",v16,2025-09-10,{'regular': 'https://fonts.gstatic.com/s/splinesans/v16/_6_7ED73Uf-2WfU2LzycEYAgkiw_SQ5j.woff2'},sans-serif,webfonts#webfont,https://fonts.gstatic.com/s/splinesans/v16/_6_sED73Uf-2WfU2LzycEZousNzn1a1lKWRpOFnoE9Hk.woff2,"[{'tag': 'wght', 'start': 300, 'end': 700}]",,437,2025,recent_12m,False,True,5,{'wght'},1,False,False,False,2,False,False,False
Besley,"['regular', 'italic']","['latin', 'latin-ext']",v22,2025-09-08,"{'regular': 'https://fonts.gstatic.com/s/besley/v22/PlI8FlO1MaNwaNGMXg2G-H1cnA.woff2', 'italic': 'https://fonts.gstatic.com/s/besley/v22/PlI-FlO1MaNwaNG8WQeH2nhMnNy5.woff2'}",serif,webfonts#webfont,https://fonts.gstatic.com/s/besley/v22/PlIhFlO1MaNwaNGWUC92IOH_mtG4fbbBedViFQ.woff2,"[{'tag': 'wght', 'start': 400, 'end': 900}]",,438,2025,recent_12m,True,True,6,{'wght'},1,False,False,False,2,False,False,False
Handlee,['regular'],['latin'],v20,2025-09-16,{'regular': 'https://fonts.gstatic.com/s/handlee/v20/-F6xfjBsISg9aMakDm_6oilJ3ik.woff2'},handwriting,webfonts#webfont,https://fonts.gstatic.com/s/handlee/v20/-F6xfjBsISg9aMakPmvwow.woff2,,,439,2025,recent_12m,False,False,1,set(),0,False,False,False,1,False,False,False
Bevan,"['regular', 'italic']","['latin', 'latin-ext', 'vietnamese']",v26,2025-09-16,"{'regular': 'https://fonts.gstatic.com/s/bevan/v26/4iCj6KZ0a9NXjF8fUir7tlSJ.woff2', 'italic': 'https://fonts.gstatic.com/s/bevan/v26/4iCt6KZ0a9NXjG8YWCvZs0SJD4U.woff2'}",serif,webfonts#webfont,https://fonts.gstatic.com/s/bevan/v26/4iCj6KZ0a9NXjG8bWCs.woff2,,,440,2025,recent_12m,True,False,1,set(),0,False,False,False,3,False,False,False
Pangolin,['regular'],"['cyrillic', 'cyrillic-ext', 'latin', 'latin-ext', 'vietnamese']",v12,2025-09-05,{'regular': 'https://fonts.gstatic.com/s/pangolin/v12/cY9GfjGcW0FPpi-tWPfP5d3aiLBG.woff2'},handwriting,webfonts#webfont,https://fonts.gstatic.com/s/pangolin/v12/cY9GfjGcW0FPpi-tWMfL79w.woff2,,,441,2025,recent_12m,False,False,1,set(),0,False,False,False,5,False,False,False
Kaisei Decol,"['regular', '500', '700']","['cyrillic', 'japanese', 'latin', 'latin-ext']",v11,2025-09-16,"{'regular': 'https://fonts.gstatic.com/s/kaiseidecol/v11/bMrwmSqP45sidWf3QmfFW6iyXlEP22OjoA.woff2', '500': 'https://fonts.gstatic.com/s/kaiseidecol/v11/bMrvmSqP45sidWf3QmfFW6iKr3gr1ki_qb57kA.woff2', '700': 'https://fonts.gstatic.com/s/kaiseidecol/v11/bMrvmSqP45sidWf3QmfFW6iK534r1ki_qb57kA.woff2'}",serif,webfonts#webfont,https://fonts.gstatic.com/s/kaiseidecol/v11/bMrwmSqP45sidWf3QmfFW6iCWlsO.woff2,,,442,2025,recent_12m,False,False,3,set(),0,False,False,False,4,False,False,False
REM,"['regular', 'italic']","['latin', 'latin-ext', 'vietnamese']",v4,2025-09-16,"{'regular': 'https://fonts.gstatic.com/s/rem/v4/Wnz3HAIoSDydYzovaRcFow.woff2', 'italic': 'https://fonts.gstatic.com/s/rem/v4/Wnz1HAIoSDytZDAuSxIVoxbV.woff2'}",sans-serif,webfonts#webfont,https://fonts.gstatic.com/s/rem/v4/WnzgHAIoSDyHbRjfsYumpRvUPMLqnTsebQ.woff2,"[{'tag': 'wght', 'start': 100, 'end': 900}]",,443,2025,recent_12m,True,True,9,{'wght'},1,False,False,False,3,False,False,False
Jersey 25,['regular'],"['latin', 'latin-ext']",v4,2025-09-17,{'regular': 'https://fonts.gstatic.com/s/jersey25/v4/ll8-K2eeXj2tAs6F9BXIIoAMng8ChA.woff2'},display,webfonts#webfont,https://fonts.gstatic.com/s/jersey25/v4/ll8-K2eeXj2tAs6F9BX4JooN.woff2,,,444,2025,recent_12m,False,False,1,set(),0,False,False,False,2,False,False,False
Squada One,['regular'],['latin'],v20,2025-09-10,{'regular': 'https://fonts.gstatic.com/s/squadaone/v20/BCasqZ8XsOrx4mcOk6MtWaU8WDBkHgs.woff2'},display,webfonts#webfont,https://fonts.gstatic.com/s/squadaone/v20/BCasqZ8XsOrx4mcOk6MtaaE2WQ.woff2,,,445,2025,recent_12m,False,False,1,set(),0,False,False,False,1,False,False,False
Funnel Display,['regular'],"['latin', 'latin-ext']",v3,2025-09-10,{'regular': 'https://fonts.gstatic.com/s/funneldisplay/v3/B50WF7FGv37QNVWgE0ga--4PbY6fB4oWgWHB.woff2'},display,webfonts#webfont,https://fonts.gstatic.com/s/funneldisplay/v3/B50bF7FGv37QNVWgE0ga--4PbZSRJXrOHcLHLoAYmmPnWc9x.woff2,"[{'tag': 'wght', 'start': 300, 'end': 800}]",,446,2025,recent_12m,False,True,6,{'wght'},1,False,False,False,2,False,False,False
Khula,"['300', 'regular', '600', '700', '800']","['devanagari', 'latin', 'latin-ext']",v17,2025-09-08,"{'300': 'https://fonts.gstatic.com/s/khula/v17/OpNPnoEOns3V7G-ljCvRrC59XwXD.woff2', 'regular': 'https://fonts.gstatic.com/s/khula/v17/OpNCnoEOns3V7FcMpA_chzJ0.woff2', '600': 'https://fonts.gstatic.com/s/khula/v17/OpNPnoEOns3V7G_RiivRrC59XwXD.woff2', '700': 'https://fonts.gstatic.com/s/khula/v17/OpNPnoEOns3V7G-1iyvRrC59XwXD.woff2', '800': 'https://fonts.gstatic.com/s/khula/v17/OpNPnoEOns3V7G-piCvRrC59XwXD.woff2'}",sans-serif,webfonts#webfont,https://fonts.gstatic.com/s/khula/v17/OpNCnoEOns3V7GcIrg4.woff2,,,447,2025,recent_12m,False,False,5,set(),0,False,False,False,3,False,False,False
Shippori Mincho B1,"['regular', '500', '600', '700', '800']","['japanese', 'latin', 'latin-ext']",v24,2025-09-11,"{'regular': 'https://fonts.gstatic.com/s/shipporiminchob1/v24/wXK2E2wCr44tulPdnn-xbIpJ9RgT9-nyi6Br1lO97Q.woff2', '500': 'https://fonts.gstatic.com/s/shipporiminchob1/v24/wXK1E2wCr44tulPdnn-xbIpJ9RgT9-nKeolP23ih5H4Uug.woff2', '600': 'https://fonts.gstatic.com/s/shipporiminchob1/v24/wXK1E2wCr44tulPdnn-xbIpJ9RgT9-nKVo5P23ih5H4Uug.woff2', '700': 'https://fonts.gstatic.com/s/shipporiminchob1/v24/wXK1E2wCr44tulPdnn-xbIpJ9RgT9-nKMo9P23ih5H4Uug.woff2', '800': 'https://fonts.gstatic.com/s/shipporiminchob1/v24/wXK1E2wCr44tulPdnn-xbIpJ9RgT9-nKLoxP23ih5H4Uug.woff2'}",serif,webfonts#webfont,https://fonts.gstatic.com/s/shipporiminchob1/v24/wXK2E2wCr44tulPdnn-xbIpJ9RgT9-nCj6pq.woff2,,,448,2025,recent_12m,False,False,5,set(),0,False,False,False,3,False,False,False
IBM Plex Sans Thai,"['100', '200', '300', 'regular', '500', '600', '700']","['cyrillic-ext', 'latin', 'latin-ext', 'thai']",v11,2025-09-02,"{'100': 'https://fonts.gstatic.com/s/ibmplexsansthai/v11/m8JNje1VVIzcq1HzJq2AEdo2Tj_qvLqEatYgR8ZKUqcX.woff2', '200': 'https://fonts.gstatic.com/s/ibmplexsansthai/v11/m8JMje1VVIzcq1HzJq2AEdo2Tj_qvLqExvcFaOhGW74OXw.woff2', '300': 'https://fonts.gstatic.com/s/ibmplexsansthai/v11/m8JMje1VVIzcq1HzJq2AEdo2Tj_qvLqEovQFaOhGW74OXw.woff2', 'regular': 'https://fonts.gstatic.com/s/ibmplexsansthai/v11/m8JPje1VVIzcq1HzJq2AEdo2Tj_qvLq8C9whZcNaUg.woff2', '500': 'https://fonts.gstatic.com/s/ibmplexsansthai/v11/m8JMje1VVIzcq1HzJq2AEdo2Tj_qvLqE-vUFaOhGW74OXw.woff2', '600': 'https://fonts.gstatic.com/s/ibmplexsansthai/v11/m8JMje1VVIzcq1HzJq2AEdo2Tj_qvLqE1vIFaOhGW74OXw.woff2', '700': 'https://fonts.gstatic.com/s/ibmplexsansthai/v11/m8JMje1VVIzcq1HzJq2AEdo2Tj_qvLqEsvMFaOhGW74OXw.woff2'}",sans-serif,webfonts#webfont,https://fonts.gstatic.com/s/ibmplexsansthai/v11/m8JPje1VVIzcq1HzJq2AEdo2Tj_qvLqMD9Yg.woff2,,,449,2025,recent_12m,False,False,7,set(),0,False,False,False,4,False,False,False
Arapey,"['regular', 'italic']",['latin'],v17,2025-09-02,"{'regular': 'https://fonts.gstatic.com/s/arapey/v17/-W__XJn-UDDA2RC6YtAcZkIzeg.woff2', 'italic': 'https://fonts.gstatic.com/s/arapey/v17/-W_9XJn-UDDA2RCKZdodREcjeo0k.woff2'}",serif,webfonts#webfont,https://fonts.gstatic.com/s/arapey/v17/-W__XJn-UDDA2RCKZtod.woff2,,,450,2025,recent_12m,True,False,1,set(),0,False,False,False,1,False,False,False
Julius Sans One,['regular'],"['latin', 'latin-ext']",v20,2025-09-16,{'regular': 'https://fonts.gstatic.com/s/juliussansone/v20/1Pt2g8TAX_SGgBGUi0tGOYEga5W-wHEW6aGXHw.woff2'},sans-serif,webfonts#webfont,https://fonts.gstatic.com/s/juliussansone/v20/1Pt2g8TAX_SGgBGUi0tGOYEga5WOxHsX.woff2,,,451,2025,recent_12m,False,False,1,set(),0,False,False,False,2,False,False,False
MuseoModerno,"['regular', 'italic']","['latin', 'latin-ext', 'vietnamese']",v29,2025-09-08,"{'regular': 'https://fonts.gstatic.com/s/museomoderno/v29/zrfi0HnU0_7wWdMrFcWqSEXVWQPqgALaow.woff2', 'italic': 'https://fonts.gstatic.com/s/museomoderno/v29/zrf80HnU0_7wWdMrFcWqSEXlXgnrogfKozRf.woff2'}",display,webfonts#webfont,https://fonts.gstatic.com/s/museomoderno/v29/zrf30HnU0_7wWdMrFcWqSEXPVyEaWJ55pTleMlZEie0QjA.woff2,"[{'tag': 'wght', 'start': 100, 'end': 900}]",,452,2025,recent_12m,True,True,9,{'wght'},1,False,False,False,3,False,False,False
Carter One,['regular'],['latin'],v18,2025-09-10,{'regular': 'https://fonts.gstatic.com/s/carterone/v18/q5uCsoe5IOB2-pXv9UcNIxF2hYxREMs.woff2'},display,webfonts#webfont,https://fonts.gstatic.com/s/carterone/v18/q5uCsoe5IOB2-pXv9UcNExV8hA.woff2,,,453,2025,recent_12m,False,False,1,set(),0,False,False,False,1,False,False,False
Adamina,['regular'],['latin'],v22,2025-09-16,{'regular': 'https://fonts.gstatic.com/s/adamina/v22/j8_r6-DH1bjoc-dwu-_eETl4Bno.woff2'},serif,webfonts#webfont,https://fonts.gstatic.com/s/adamina/v22/j8_r6-DH1bjoc-dwi-vUEA.woff2,,,454,2025,recent_12m,False,False,1,set(),0,False,False,False,1,False,False,False
Ruda,['regular'],"['cyrillic', 'latin', 'latin-ext', 'vietnamese']",v30,2025-09-05,{'regular': 'https://fonts.gstatic.com/s/ruda/v30/k3kfo8YQJOpFmnoXadbJM0A.woff2'},sans-serif,webfonts#webfont,https://fonts.gstatic.com/s/ruda/v30/k3kKo8YQJOpFgHQ1mQ5VkEbUKaJFsh__0qk.woff2,"[{'tag': 'wght', 'start': 400, 'end': 900}]",,455,2025,recent_12m,False,True,6,{'wght'},1,False,False,False,4,False,False,False
Wix Madefor Display,['regular'],"['cyrillic', 'cyrillic-ext', 'latin', 'latin-ext', 'vietnamese']",v12,2025-09-10,{'regular': 'https://fonts.gstatic.com/s/wixmadefordisplay/v12/SZcl3EX9IbbyeJ8aOluD52KXgUA_7Ed1OVPkA0VeBNE.woff2'},sans-serif,webfonts#webfont,https://fonts.gstatic.com/s/wixmadefordisplay/v12/SZcS3EX9IbbyeJ8aOluD52KXgUA_7Ed1I13G853Cp9duUYFhYmtltfw.woff2,"[{'tag': 'wght', 'start': 400, 'end': 800}]",,456,2025,recent_12m,False,True,5,{'wght'},1,False,False,False,5,False,False,False
Londrina Solid,"['100', '300', 'regular', '900']",['latin'],v19,2025-09-16,"{'100': 'https://fonts.gstatic.com/s/londrinasolid/v19/flUjRq6sw40kQEJxWNgkLuudGfs9KBMesZHhV64.woff2', '300': 'https://fonts.gstatic.com/s/londrinasolid/v19/flUiRq6sw40kQEJxWNgkLuudGfv1CjYxn53oTrcL.woff2', 'regular': 'https://fonts.gstatic.com/s/londrinasolid/v19/flUhRq6sw40kQEJxWNgkLuudGcNcIhI8tIHh.woff2', '900': 'https://fonts.gstatic.com/s/londrinasolid/v19/flUiRq6sw40kQEJxWNgkLuudGfvdDzYxn53oTrcL.woff2'}",display,webfonts#webfont,https://fonts.gstatic.com/s/londrinasolid/v19/flUhRq6sw40kQEJxWNgkLuudGfNYKBM.woff2,,,457,2025,recent_12m,False,False,4,set(),0,False,False,False,1,False,False,False
Murecho,['regular'],"['cyrillic', 'cyrillic-ext', 'greek', 'japanese', 'latin', 'latin-ext']",v17,2025-09-08,{'regular': 'https://fonts.gstatic.com/s/murecho/v17/q5uHsoq3NOBn_I-gmixCBxxdmYU.woff2'},sans-serif,webfonts#webfont,https://fonts.gstatic.com/s/murecho/v17/q5uYsoq3NOBn_I-ggCJg98TBOoNFCMpr5UWYJis.woff2,"[{'tag': 'wght', 'start': 100, 'end': 900}]",,458,2025,recent_12m,False,True,9,{'wght'},1,False,False,False,6,False,False,False
Darker Grotesque,['regular'],"['latin', 'latin-ext', 'vietnamese']",v10,2025-09-10,{'regular': 'https://fonts.gstatic.com/s/darkergrotesque/v10/U9MH6cuh-mLQlC4BKCtayOfARkSVm7PeJWcKUOI.woff2'},sans-serif,webfonts#webfont,https://fonts.gstatic.com/s/darkergrotesque/v10/U9MK6cuh-mLQlC4BKCtayOfARkSVgb381b-W8-QDqXw3qk7z83A.woff2,"[{'tag': 'wght', 'start': 300, 'end': 900}]",,459,2025,recent_12m,False,True,7,{'wght'},1,False,False,False,3,False,False,False
Akshar,['regular'],"['devanagari', 'latin', 'latin-ext']",v17,2025-09-08,{'regular': 'https://fonts.gstatic.com/s/akshar/v17/Yq6V-LyHWTfz9rGyphRktOdClg.woff2'},sans-serif,webfonts#webfont,https://fonts.gstatic.com/s/akshar/v17/Yq6I-LyHWTfz9rGoqDaUbHvhkAUsSXYF-9GS9g.woff2,"[{'tag': 'wght', 'start': 300, 'end': 700}]",,460,2025,recent_12m,False,True,5,{'wght'},1,False,False,False,3,False,False,False
Gudea,"['regular', 'italic', '700']","['latin', 'latin-ext']",v16,2025-09-10,"{'regular': 'https://fonts.gstatic.com/s/gudea/v16/neIFzCqgsI0mp-CK9IGON7Ez.woff2', 'italic': 'https://fonts.gstatic.com/s/gudea/v16/neILzCqgsI0mp9CN_oCsMqEzSJQ.woff2', '700': 'https://fonts.gstatic.com/s/gudea/v16/neIIzCqgsI0mp9gz26WDHK06UY30.woff2'}",sans-serif,webfonts#webfont,https://fonts.gstatic.com/s/gudea/v16/neIFzCqgsI0mp9CO_oA.woff2,,,461,2025,recent_12m,True,False,2,set(),0,False,False,False,2,False,False,False
Cedarville Cursive,['regular'],['latin'],v18,2025-09-16,{'regular': 'https://fonts.gstatic.com/s/cedarvillecursive/v18/yYL00g_a2veiudhUmxjo5VKkoqA-B_neILBxw8BeTg.woff2'},handwriting,webfonts#webfont,https://fonts.gstatic.com/s/cedarvillecursive/v18/yYL00g_a2veiudhUmxjo5VKkoqA-B_nuJLpw.woff2,,,462,2025,recent_12m,False,False,1,set(),0,False,False,False,1,False,False,False
Pragati Narrow,"['regular', '700']","['devanagari', 'latin', 'latin-ext']",v15,2025-09-11,"{'regular': 'https://fonts.gstatic.com/s/pragatinarrow/v15/vm8vdRf0T0bS1ffgsPB7WZ-mD176ytN3M48a.woff2', '700': 'https://fonts.gstatic.com/s/pragatinarrow/v15/vm8sdRf0T0bS1ffgsPB7WZ-mD2ZD5fd6GJMTlo_4.woff2'}",sans-serif,webfonts#webfont,https://fonts.gstatic.com/s/pragatinarrow/v15/vm8vdRf0T0bS1ffgsPB7WZ-mD27-wNI.woff2,,,463,2025,recent_12m,False,False,2,set(),0,False,False,False,3,False,False,False
Leckerli One,['regular'],['latin'],v22,2025-09-11,{'regular': 'https://fonts.gstatic.com/s/leckerlione/v22/V8mCoQH8VCsNttEnxnGQ-1itKJxcBtItFw.woff2'},handwriting,webfonts#webfont,https://fonts.gstatic.com/s/leckerlione/v22/V8mCoQH8VCsNttEnxnGQ-1idLJZd.woff2,,,464,2025,recent_12m,False,False,1,set(),0,False,False,False,1,False,False,False
Wix Madefor Text,"['regular', 'italic']","['cyrillic', 'cyrillic-ext', 'latin', 'latin-ext', 'vietnamese']",v17,2025-09-10,"{'regular': 'https://fonts.gstatic.com/s/wixmadefortext/v17/-W_lXI_oSymQ8Qj-Apx3HGN_Hu1RVicb5gwfsj4.woff2', 'italic': 'https://fonts.gstatic.com/s/wixmadefortext/v17/-W_jXI_oSymQ8Qj-Apx3HGN_Hu1RZiAR5y4aoj4S0A.woff2'}",sans-serif,webfonts#webfont,https://fonts.gstatic.com/s/wixmadefortext/v17/-W_oXI_oSymQ8Qj-Apx3HGN_Hu1RTCk5FtSDETgf0cK_NNeEiJU.woff2,"[{'tag': 'wght', 'start': 400, 'end': 800}]",,465,2025,recent_12m,True,True,5,{'wght'},1,False,False,False,5,False,False,False
Alegreya Sans SC,"['100', '100italic', '300', '300italic', 'regular', 'italic', '500', '500italic', '700', '700italic', '800', '800italic', '900', '900italic']","['cyrillic', 'cyrillic-ext', 'greek', 'greek-ext', 'latin', 'latin-ext', 'vietnamese']",v26,2026-06-30,"{'100': 'https://fonts.gstatic.com/s/alegreyasanssc/v26/mtGn4-RGJqfMvt7P8FUr0Q1j-Hf1Dipl9w5FPYtmMg.woff2', '100italic': 'https://fonts.gstatic.com/s/alegreyasanssc/v26/mtGl4-RGJqfMvt7P8FUr0Q1j-Hf1BkxdlgREH452Mvds.woff2', '300': 'https://fonts.gstatic.com/s/alegreyasanssc/v26/mtGm4-RGJqfMvt7P8FUr0Q1j-Hf1DuJH0iFrMYJ_K-4.woff2', '300italic': 'https://fonts.gstatic.com/s/alegreyasanssc/v26/mtGk4-RGJqfMvt7P8FUr0Q1j-Hf1BkxdXiZhMKB6O-51OA.woff2', 'regular': 'https://fonts.gstatic.com/s/alegreyasanssc/v26/mtGh4-RGJqfMvt7P8FUr0Q1j-Hf1Nktv9ixALYs.woff2', 'italic': 'https://fonts.gstatic.com/s/alegreyasanssc/v26/mtGn4-RGJqfMvt7P8FUr0Q1j-Hf1Bkxl9w5FPYtmMg.woff2', '500': 'https://fonts.gstatic.com/s/alegreyasanssc/v26/mtGm4-RGJqfMvt7P8FUr0Q1j-Hf1DrpG0iFrMYJ_K-4.woff2', '500italic': 'https://fonts.gstatic.com/s/alegreyasanssc/v26/mtGk4-RGJqfMvt7P8FUr0Q1j-Hf1BkxdBidhMKB6O-51OA.woff2', '700': 'https://fonts.gstatic.com/s/alegreyasanssc/v26/mtGm4-RGJqfMvt7P8FUr0Q1j-Hf1DvJA0iFrMYJ_K-4.woff2', '700italic': 'https://fonts.gstatic.com/s/alegreyasanssc/v26/mtGk4-RGJqfMvt7P8FUr0Q1j-Hf1BkxdTiFhMKB6O-51OA.woff2', '800': 'https://fonts.gstatic.com/s/alegreyasanssc/v26/mtGm4-RGJqfMvt7P8FUr0Q1j-Hf1Du5D0iFrMYJ_K-4.woff2', '800italic': 'https://fonts.gstatic.com/s/alegreyasanssc/v26/mtGk4-RGJqfMvt7P8FUr0Q1j-Hf1BkxdUiJhMKB6O-51OA.woff2', '900': 'https://fonts.gstatic.com/s/alegreyasanssc/v26/mtGm4-RGJqfMvt7P8FUr0Q1j-Hf1DspC0iFrMYJ_K-4.woff2', '900italic': 'https://fonts.gstatic.com/s/alegreyasanssc/v26/mtGk4-RGJqfMvt7P8FUr0Q1j-Hf1BkxddiNhMKB6O-51OA.woff2'}",sans-serif,webfonts#webfont,https://fonts.gstatic.com/s/alegreyasanssc/v26/mtGh4-RGJqfMvt7P8FUr0Q1j-Hf1Bk9l9w.woff2,,,466,2026,recent_12m,True,False,7,set(),0,False,False,False,7,False,False,False
Damion,['regular'],"['latin', 'latin-ext']",v15,2025-05-30,{'regular': 'https://fonts.gstatic.com/s/damion/v15/hv-XlzJ3KEUe_YZUaGY3MTFgVg.woff2'},handwriting,webfonts#webfont,https://fonts.gstatic.com/s/damion/v15/hv-XlzJ3KEUe_YZkbGw2.woff2,,,467,2025,older,False,False,1,set(),0,False,False,False,2,False,False,False
Bowlby One,['regular'],['latin'],v25,2025-09-02,{'regular': 'https://fonts.gstatic.com/s/bowlbyone/v25/taiPGmVuC4y96PFeqp8smouC_Z0wcK4.woff2'},display,webfonts#webfont,https://fonts.gstatic.com/s/bowlbyone/v25/taiPGmVuC4y96PFeqp8sqo-I_A.woff2,,,468,2025,recent_12m,False,False,1,set(),0,False,False,False,1,False,False,False
Mrs Saint Delafield,['regular'],"['latin', 'latin-ext']",v14,2025-09-16,{'regular': 'https://fonts.gstatic.com/s/mrssaintdelafield/v14/v6-IGZDIOVXH9xtmTZfRagunqBw5WC62cKstLsubB2w.woff2'},handwriting,webfonts#webfont,https://fonts.gstatic.com/s/mrssaintdelafield/v14/v6-IGZDIOVXH9xtmTZfRagunqBw5WC62QK8nLw.woff2,,,469,2025,recent_12m,False,False,1,set(),0,False,False,False,2,False,False,False
Tomorrow,"['100', '100italic', '200', '200italic', '300', '300italic', 'regular', 'italic', '500', '500italic', '600', '600italic', '700', '700italic', '800', '800italic', '900', '900italic']","['latin', 'latin-ext']",v19,2025-09-11,"{'100': 'https://fonts.gstatic.com/s/tomorrow/v19/WBLgrETNbFtZCeGqgR2xe2DiKMiokE4.woff2', '100italic': 'https://fonts.gstatic.com/s/tomorrow/v19/WBLirETNbFtZCeGqgRXXQwHoKeqtgE5h0A.woff2', '200': 'https://fonts.gstatic.com/s/tomorrow/v19/WBLhrETNbFtZCeGqgR0dWkXNBsShiVd4.woff2', '200italic': 'https://fonts.gstatic.com/s/tomorrow/v19/WBLjrETNbFtZCeGqgRXXQ63JDMWDjEd4yVY.woff2', '300': 'https://fonts.gstatic.com/s/tomorrow/v19/WBLhrETNbFtZCeGqgR15WUXNBsShiVd4.woff2', '300italic': 'https://fonts.gstatic.com/s/tomorrow/v19/WBLjrETNbFtZCeGqgRXXQ8nKDMWDjEd4yVY.woff2', 'regular': 'https://fonts.gstatic.com/s/tomorrow/v19/WBLmrETNbFtZCeGqgSXQcWHALdio.woff2', 'italic': 'https://fonts.gstatic.com/s/tomorrow/v19/WBLgrETNbFtZCeGqgRXXe2DiKMiokE4.woff2', '500': 'https://fonts.gstatic.com/s/tomorrow/v19/WBLhrETNbFtZCeGqgR0hWEXNBsShiVd4.woff2', '500italic': 'https://fonts.gstatic.com/s/tomorrow/v19/WBLjrETNbFtZCeGqgRXXQ5HLDMWDjEd4yVY.woff2', '600': 'https://fonts.gstatic.com/s/tomorrow/v19/WBLhrETNbFtZCeGqgR0NX0XNBsShiVd4.woff2', '600italic': 'https://fonts.gstatic.com/s/tomorrow/v19/WBLjrETNbFtZCeGqgRXXQ73MDMWDjEd4yVY.woff2', '700': 'https://fonts.gstatic.com/s/tomorrow/v19/WBLhrETNbFtZCeGqgR1pXkXNBsShiVd4.woff2', '700italic': 'https://fonts.gstatic.com/s/tomorrow/v19/WBLjrETNbFtZCeGqgRXXQ9nNDMWDjEd4yVY.woff2', '800': 'https://fonts.gstatic.com/s/tomorrow/v19/WBLhrETNbFtZCeGqgR11XUXNBsShiVd4.woff2', '800italic': 'https://fonts.gstatic.com/s/tomorrow/v19/WBLjrETNbFtZCeGqgRXXQ8XODMWDjEd4yVY.woff2', '900': 'https://fonts.gstatic.com/s/tomorrow/v19/WBLhrETNbFtZCeGqgR1RXEXNBsShiVd4.woff2', '900italic': 'https://fonts.gstatic.com/s/tomorrow/v19/WBLjrETNbFtZCeGqgRXXQ-HPDMWDjEd4yVY.woff2'}",sans-serif,webfonts#webfont,https://fonts.gstatic.com/s/tomorrow/v19/WBLmrETNbFtZCeGqgRXUe2A.woff2,,,470,2025,recent_12m,True,False,9,set(),0,False,False,False,2,False,False,False
Pridi,"['200', '300', 'regular', '500', '600', '700']","['latin', 'latin-ext', 'thai', 'vietnamese']",v15,2025-09-11,"{'200': 'https://fonts.gstatic.com/s/pridi/v15/2sDdZG5JnZLfkc1SiE0mRUG0AqUc.woff2', '300': 'https://fonts.gstatic.com/s/pridi/v15/2sDdZG5JnZLfkc02i00mRUG0AqUc.woff2', 'regular': 'https://fonts.gstatic.com/s/pridi/v15/2sDQZG5JnZLfkfWfo2krbl29.woff2', '500': 'https://fonts.gstatic.com/s/pridi/v15/2sDdZG5JnZLfkc1uik0mRUG0AqUc.woff2', '600': 'https://fonts.gstatic.com/s/pridi/v15/2sDdZG5JnZLfkc1CjU0mRUG0AqUc.woff2', '700': 'https://fonts.gstatic.com/s/pridi/v15/2sDdZG5JnZLfkc0mjE0mRUG0AqUc.woff2'}",serif,webfonts#webfont,https://fonts.gstatic.com/s/pridi/v15/2sDQZG5JnZLfkcWbqWg.woff2,,,471,2025,recent_12m,False,False,6,set(),0,False,False,False,4,False,False,False
Tilt Warp,['regular'],"['latin', 'latin-ext', 'vietnamese']",v18,2025-09-05,{'regular': 'https://fonts.gstatic.com/s/tiltwarp/v18/AlZy_zVDs5XpmO7yn3whcHf4XB0Tow.woff2'},display,webfonts#webfont,https://fonts.gstatic.com/s/tiltwarp/v18/AlZc_zVDs5XpmO7yn3w7flUoytXJp3z29uEwmEMLEJljLXvT8UJSZQBwC1Y.woff2,"[{'tag': 'XROT', 'start': -45, 'end': 45}, {'tag': 'YROT', 'start': -45, 'end': 45}]",,472,2025,recent_12m,False,True,1,"{'YROT', 'XROT'}",2,False,False,False,3,False,False,False
Andika,"['regular', 'italic', '700', '700italic']","['cyrillic', 'cyrillic-ext', 'latin', 'latin-ext', 'vietnamese']",v27,2025-09-10,"{'regular': 'https://fonts.gstatic.com/s/andika/v27/mem_Ya6iyW-LwqgAaLwRWrwGVA.woff2', 'italic': 'https://fonts.gstatic.com/s/andika/v27/mem9Ya6iyW-Lwqgwb7YQeLkWVNBt.woff2', '700': 'https://fonts.gstatic.com/s/andika/v27/mem8Ya6iyW-Lwqg40ZM1V5caXcl0Aw.woff2', '700italic': 'https://fonts.gstatic.com/s/andika/v27/mem6Ya6iyW-Lwqgwb46pV50bf8xkA76a.woff2'}",sans-serif,webfonts#webfont,https://fonts.gstatic.com/s/andika/v27/mem_Ya6iyW-LwqgwbLYQ.woff2,,,473,2025,recent_12m,True,False,2,set(),0,False,False,False,5,False,False,False
M PLUS 2,['regular'],"['japanese', 'latin', 'latin-ext', 'vietnamese']",v16,2026-05-13,{'regular': 'https://fonts.gstatic.com/s/mplus2/v16/7Au8p_Eq3gO_OGbGGgLT4EAFOUEH.woff2'},sans-serif,webfonts#webfont,https://fonts.gstatic.com/s/mplus2/v16/7Auhp_Eq3gO_OGbGGhjdwrDdpeIBxlkwOa6lx1CG.woff2,"[{'tag': 'wght', 'start': 100, 'end': 900}]",,474,2026,recent_12m,False,True,9,{'wght'},1,False,False,False,4,False,False,False
Mandali,['regular'],"['latin', 'telugu']",v16,2025-09-10,{'regular': 'https://fonts.gstatic.com/s/mandali/v16/LhWlMVbYOfASNfNUVFw1ZPdcKtA.woff2'},sans-serif,webfonts#webfont,https://fonts.gstatic.com/s/mandali/v16/LhWlMVbYOfASNfNUZFg_ZQ.woff2,,,475,2025,recent_12m,False,False,1,set(),0,False,False,False,2,False,False,False
Covered By Your Grace,['regular'],"['latin', 'latin-ext']",v17,2025-09-10,{'regular': 'https://fonts.gstatic.com/s/coveredbyyourgrace/v17/QGYwz-AZahWOJJI9kykWW9mD6opopoqXSOS0EwItq6bFIg.woff2'},handwriting,webfonts#webfont,https://fonts.gstatic.com/s/coveredbyyourgrace/v17/QGYwz-AZahWOJJI9kykWW9mD6opopoqXSOSEFwgs.woff2,,,476,2025,recent_12m,False,False,1,set(),0,False,False,False,2,False,False,False
Sriracha,['regular'],"['latin', 'latin-ext', 'thai', 'vietnamese']",v16,2025-09-11,{'regular': 'https://fonts.gstatic.com/s/sriracha/v16/0nkrC9D4IuYBgWcI9ObdRQDioeb0.woff2'},handwriting,webfonts#webfont,https://fonts.gstatic.com/s/sriracha/v16/0nkrC9D4IuYBgWcI9NbZTwE.woff2,,,477,2025,recent_12m,False,False,1,set(),0,False,False,False,4,False,False,False
Palanquin Dark,"['regular', '500', '600', '700']","['devanagari', 'latin', 'latin-ext']",v17,2025-09-10,"{'regular': 'https://fonts.gstatic.com/s/palanquindark/v17/xn75YHgl1nqmANMB-26xC7yuF_6LTEo9VtfE.woff2', '500': 'https://fonts.gstatic.com/s/palanquindark/v17/xn76YHgl1nqmANMB-26xC7yuF8Z6ZW4wfcvN2KT4.woff2', '600': 'https://fonts.gstatic.com/s/palanquindark/v17/xn76YHgl1nqmANMB-26xC7yuF8ZWYm4wfcvN2KT4.woff2', '700': 'https://fonts.gstatic.com/s/palanquindark/v17/xn76YHgl1nqmANMB-26xC7yuF8YyY24wfcvN2KT4.woff2'}",sans-serif,webfonts#webfont,https://fonts.gstatic.com/s/palanquindark/v17/xn75YHgl1nqmANMB-26xC7yuF86PRks.woff2,,,478,2025,recent_12m,False,False,4,set(),0,False,False,False,3,False,False,False
Sarala,"['regular', '700']","['devanagari', 'latin', 'latin-ext']",v16,2026-06-30,"{'regular': 'https://fonts.gstatic.com/s/sarala/v16/uK_y4riEZv4o1w9RDx0TMv6EXw.woff2', '700': 'https://fonts.gstatic.com/s/sarala/v16/uK_x4riEZv4o1w9ptjI3P9WYVkMpXA.woff2'}",sans-serif,webfonts#webfont,https://fonts.gstatic.com/s/sarala/v16/uK_y4riEZv4o1w9hCxcS.woff2,,,479,2026,recent_12m,False,False,2,set(),0,False,False,False,3,False,False,False
Aboreto,['regular'],"['latin', 'latin-ext']",v2,2025-05-30,{'regular': 'https://fonts.gstatic.com/s/aboreto/v2/5DCXAKLhwDDQ4N8blKHeA2yuxSY.woff2'},display,webfonts#webfont,https://fonts.gstatic.com/s/aboreto/v2/5DCXAKLhwDDQ4N8bpKXUAg.woff2,,,480,2025,older,False,False,1,set(),0,False,False,False,2,False,False,False
Niramit,"['200', '200italic', '300', '300italic', 'regular', 'italic', '500', '500italic', '600', '600italic', '700', '700italic']","['latin', 'latin-ext', 'thai', 'vietnamese']",v12,2025-09-05,"{'200': 'https://fonts.gstatic.com/s/niramit/v12/I_urMpWdvgLdNxVLVXx7ti2Er5_BdZ8.woff2', '200italic': 'https://fonts.gstatic.com/s/niramit/v12/I_upMpWdvgLdNxVLXbZiXimOrr3EZZ_f6w.woff2', '300': 'https://fonts.gstatic.com/s/niramit/v12/I_urMpWdvgLdNxVLVRh4ti2Er5_BdZ8.woff2', '300italic': 'https://fonts.gstatic.com/s/niramit/v12/I_upMpWdvgLdNxVLXbZiOiqOrr3EZZ_f6w.woff2', 'regular': 'https://fonts.gstatic.com/s/niramit/v12/I_uuMpWdvgLdNxVLbbFQkiCvs5Y.woff2', 'italic': 'https://fonts.gstatic.com/s/niramit/v12/I_usMpWdvgLdNxVLXbZakwKqo5bYbA.woff2', '500': 'https://fonts.gstatic.com/s/niramit/v12/I_urMpWdvgLdNxVLVUB5ti2Er5_BdZ8.woff2', '500italic': 'https://fonts.gstatic.com/s/niramit/v12/I_upMpWdvgLdNxVLXbZiYiuOrr3EZZ_f6w.woff2', '600': 'https://fonts.gstatic.com/s/niramit/v12/I_urMpWdvgLdNxVLVWx-ti2Er5_BdZ8.woff2', '600italic': 'https://fonts.gstatic.com/s/niramit/v12/I_upMpWdvgLdNxVLXbZiTiyOrr3EZZ_f6w.woff2', '700': 'https://fonts.gstatic.com/s/niramit/v12/I_urMpWdvgLdNxVLVQh_ti2Er5_BdZ8.woff2', '700italic': 'https://fonts.gstatic.com/s/niramit/v12/I_upMpWdvgLdNxVLXbZiKi2Orr3EZZ_f6w.woff2'}",sans-serif,webfonts#webfont,https://fonts.gstatic.com/s/niramit/v12/I_uuMpWdvgLdNxVLXbVakw.woff2,,,481,2025,recent_12m,True,False,6,set(),0,False,False,False,4,False,False,False
Special Gothic Condensed One,['regular'],"['latin', 'latin-ext']",v2,2025-04-23,{'regular': 'https://fonts.gstatic.com/s/specialgothiccondensedone/v2/R70Njzwei_mJM7OsFDzX7EL9NBO6IPvd-Avolzh49w7PUZ5_5YtxbX8.woff2'},sans-serif,webfonts#webfont,https://fonts.gstatic.com/s/specialgothiccondensedone/v2/R70Njzwei_mJM7OsFDzX7EL9NBO6IPvd-Avolzh49w7PYZp15A.woff2,,,482,2025,older,False,False,1,set(),0,False,False,False,2,False,False,False
Charis SIL,"['regular', 'italic', '700', '700italic']","['cyrillic', 'cyrillic-ext', 'latin', 'latin-ext', 'vietnamese']",v2,2025-05-30,"{'regular': 'https://fonts.gstatic.com/s/charissil/v2/oPWK_kV3l-s-Q8govXvKrP_mYjZ2Xn0.woff2', 'italic': 'https://fonts.gstatic.com/s/charissil/v2/oPWI_kV3l-s-Q8govXvKnPjsYxRzTn2Ozw.woff2', '700': 'https://fonts.gstatic.com/s/charissil/v2/oPWJ_kV3l-s-Q8govXvKlEbJRjtdQnSX1ko.woff2', '700italic': 'https://fonts.gstatic.com/s/charissil/v2/oPWX_kV3l-s-Q8govXvKnPjU2jtXQ1aSxkrMCQ.woff2'}",serif,webfonts#webfont,https://fonts.gstatic.com/s/charissil/v2/oPWK_kV3l-s-Q8govXvKnPvsYw.woff2,,,483,2025,older,True,False,2,set(),0,False,False,False,5,False,False,False
Sofia,['regular'],['latin'],v15,2025-09-05,{'regular': 'https://fonts.gstatic.com/s/sofia/v15/8QIHdirahM3j_vu7sowsrqjk.woff2'},handwriting,webfonts#webfont,https://fonts.gstatic.com/s/sofia/v15/8QIHdirahM3j_su_uI0.woff2,,,484,2025,recent_12m,False,False,1,set(),0,False,False,False,1,False,False,False
La Belle Aurore,['regular'],"['latin', 'latin-ext']",v23,2025-09-05,{'regular': 'https://fonts.gstatic.com/s/labelleaurore/v23/RrQIbot8-mNYKnGNDkWlocovHeIIHueFNVmULg.woff2'},handwriting,webfonts#webfont,https://fonts.gstatic.com/s/labelleaurore/v23/RrQIbot8-mNYKnGNDkWlocovHeI4Gu2E.woff2,,,485,2025,recent_12m,False,False,1,set(),0,False,False,False,2,False,False,False
Limelight,['regular'],"['latin', 'latin-ext']",v21,2025-09-16,{'regular': 'https://fonts.gstatic.com/s/limelight/v21/XLYkIZL7aopJVbZJHDuYOONGrnY2TA.woff2'},display,webfonts#webfont,https://fonts.gstatic.com/s/limelight/v21/XLYkIZL7aopJVbZJHDuoPOlH.woff2,,,486,2025,recent_12m,False,False,1,set(),0,False,False,False,2,False,False,False
Fahkwang,"['200', '200italic', '300', '300italic', 'regular', 'italic', '500', '500italic', '600', '600italic', '700', '700italic']","['latin', 'latin-ext', 'thai', 'vietnamese']",v18,2025-09-16,"{'200': 'https://fonts.gstatic.com/s/fahkwang/v18/Noa26Uj3zpmBOgbNpOJHmZlUFipxkwjx.woff2', '200italic': 'https://fonts.gstatic.com/s/fahkwang/v18/Noa06Uj3zpmBOgbNpOqNgHFQHCtTlhjxdw4.woff2', '300': 'https://fonts.gstatic.com/s/fahkwang/v18/Noa26Uj3zpmBOgbNpOIjmplUFipxkwjx.woff2', '300italic': 'https://fonts.gstatic.com/s/fahkwang/v18/Noa06Uj3zpmBOgbNpOqNgBVTHCtTlhjxdw4.woff2', 'regular': 'https://fonts.gstatic.com/s/fahkwang/v18/Noax6Uj3zpmBOgbNpNqKsr1ZPTZ4.woff2', 'italic': 'https://fonts.gstatic.com/s/fahkwang/v18/Noa36Uj3zpmBOgbNpOqNuLx7OCZ4ihE.woff2', '500': 'https://fonts.gstatic.com/s/fahkwang/v18/Noa26Uj3zpmBOgbNpOJ7m5lUFipxkwjx.woff2', '500italic': 'https://fonts.gstatic.com/s/fahkwang/v18/Noa06Uj3zpmBOgbNpOqNgE1SHCtTlhjxdw4.woff2', '600': 'https://fonts.gstatic.com/s/fahkwang/v18/Noa26Uj3zpmBOgbNpOJXnJlUFipxkwjx.woff2', '600italic': 'https://fonts.gstatic.com/s/fahkwang/v18/Noa06Uj3zpmBOgbNpOqNgGFVHCtTlhjxdw4.woff2', '700': 'https://fonts.gstatic.com/s/fahkwang/v18/Noa26Uj3zpmBOgbNpOIznZlUFipxkwjx.woff2', '700italic': 'https://fonts.gstatic.com/s/fahkwang/v18/Noa06Uj3zpmBOgbNpOqNgAVUHCtTlhjxdw4.woff2'}",sans-serif,webfonts#webfont,https://fonts.gstatic.com/s/fahkwang/v18/Noax6Uj3zpmBOgbNpOqOuLw.woff2,,,487,2025,recent_12m,True,False,6,set(),0,False,False,False,4,False,False,False
IBM Plex Sans JP,"['100', '200', '300', 'regular', '500', '600', '700']","['cyrillic', 'japanese', 'latin', 'latin-ext']",v7,2025-09-10,"{'100': 'https://fonts.gstatic.com/s/ibmplexsansjp/v7/Z9XLDn9KbTDf6_f7dISNqYf_tvPT7E7yifB7twdmHQ.woff2', '200': 'https://fonts.gstatic.com/s/ibmplexsansjp/v7/Z9XKDn9KbTDf6_f7dISNqYf_tvPT7OLTrN9Vuw5_BAM.woff2', '300': 'https://fonts.gstatic.com/s/ibmplexsansjp/v7/Z9XKDn9KbTDf6_f7dISNqYf_tvPT7IbQrN9Vuw5_BAM.woff2', 'regular': 'https://fonts.gstatic.com/s/ibmplexsansjp/v7/Z9XNDn9KbTDf6_f7dISNqYf_tvPT1C_4iNJ-pwc.woff2', '500': 'https://fonts.gstatic.com/s/ibmplexsansjp/v7/Z9XKDn9KbTDf6_f7dISNqYf_tvPT7N7RrN9Vuw5_BAM.woff2', '600': 'https://fonts.gstatic.com/s/ibmplexsansjp/v7/Z9XKDn9KbTDf6_f7dISNqYf_tvPT7PLWrN9Vuw5_BAM.woff2', '700': 'https://fonts.gstatic.com/s/ibmplexsansjp/v7/Z9XKDn9KbTDf6_f7dISNqYf_tvPT7JbXrN9Vuw5_BAM.woff2'}",sans-serif,webfonts#webfont,https://fonts.gstatic.com/s/ibmplexsansjp/v7/Z9XNDn9KbTDf6_f7dISNqYf_tvPT5CvyiQ.woff2,,,488,2025,recent_12m,False,False,7,set(),0,False,False,False,4,False,False,False
Basic,['regular'],"['latin', 'latin-ext']",v18,2025-09-10,{'regular': 'https://fonts.gstatic.com/s/basic/v18/xfu_0WLxV2_XKQNy4lDVyR7D.woff2'},sans-serif,webfonts#webfont,https://fonts.gstatic.com/s/basic/v18/xfu_0WLxV2_XKTN26FE.woff2,,,489,2025,recent_12m,False,False,1,set(),0,False,False,False,2,False,False,False
Gloock,['regular'],"['cyrillic-ext', 'latin', 'latin-ext']",v8,2025-09-08,{'regular': 'https://fonts.gstatic.com/s/gloock/v8/Iurb6YFw84WUY4N5ihylBrdRjQ.woff2'},serif,webfonts#webfont,https://fonts.gstatic.com/s/gloock/v8/Iurb6YFw84WUY4NJjhak.woff2,,,490,2025,recent_12m,False,False,1,set(),0,False,False,False,3,False,False,False
Italiana,['regular'],['latin'],v21,2025-06-25,{'regular': 'https://fonts.gstatic.com/s/italiana/v21/QldNNTtLsx4E__B0XTmUY31Wx7Vv.woff2'},sans-serif,webfonts#webfont,https://fonts.gstatic.com/s/italiana/v21/QldNNTtLsx4E__B0XQmQaXw.woff2,,,491,2025,older,False,False,1,set(),0,False,False,False,1,False,False,False
Shrikhand,['regular'],"['gujarati', 'latin', 'latin-ext']",v17,2025-09-08,{'regular': 'https://fonts.gstatic.com/s/shrikhand/v17/a8IbNovtLWfR7T7bMJwbAYiQ0zhMtA.woff2'},display,webfonts#webfont,https://fonts.gstatic.com/s/shrikhand/v17/a8IbNovtLWfR7T7bMJwrBYKR.woff2,,,492,2025,recent_12m,False,False,1,set(),0,False,False,False,3,False,False,False
Overpass Mono,['regular'],"['cyrillic', 'cyrillic-ext', 'latin', 'latin-ext', 'vietnamese']",v21,2025-09-08,{'regular': 'https://fonts.gstatic.com/s/overpassmono/v21/_Xmq-H86tzKDdAPa-KPQZ-AC5i2-t_-2G38.woff2'},monospace,webfonts#webfont,https://fonts.gstatic.com/s/overpassmono/v21/_Xm5-H86tzKDdAPa-KPQZ-AC_COcRycquHlL6EXUonzyVOs.woff2,"[{'tag': 'wght', 'start': 300, 'end': 700}]",,493,2025,recent_12m,False,True,5,{'wght'},1,False,False,False,5,False,False,False
Pirata One,['regular'],"['latin', 'latin-ext']",v23,2025-09-11,{'regular': 'https://fonts.gstatic.com/s/pirataone/v23/I_urMpiDvgLdLh0fAtofti2Er5_BdZ8.woff2'},display,webfonts#webfont,https://fonts.gstatic.com/s/pirataone/v23/I_urMpiDvgLdLh0fAtofhimOrg.woff2,,,494,2025,recent_12m,False,False,1,set(),0,False,False,False,2,False,False,False
Krona One,['regular'],"['latin', 'latin-ext']",v15,2025-09-05,{'regular': 'https://fonts.gstatic.com/s/kronaone/v15/jAnEgHdjHcjgfIb1ZcUCNI-h3cWkWg.woff2'},sans-serif,webfonts#webfont,https://fonts.gstatic.com/s/kronaone/v15/jAnEgHdjHcjgfIb1ZcUyMIWg.woff2,,,495,2025,recent_12m,False,False,1,set(),0,False,False,False,2,False,False,False
Yatra One,['regular'],"['devanagari', 'latin', 'latin-ext']",v16,2025-09-05,{'regular': 'https://fonts.gstatic.com/s/yatraone/v16/C8ch4copsHzj8p7NaF0xxlOBbRDvXw.woff2'},display,webfonts#webfont,https://fonts.gstatic.com/s/yatraone/v16/C8ch4copsHzj8p7NaF0BwlmA.woff2,,,496,2025,recent_12m,False,False,1,set(),0,False,False,False,3,False,False,False
Chewy,['regular'],['latin'],v18,2025-05-30,{'regular': 'https://fonts.gstatic.com/s/chewy/v18/uK_94ruUb-k-wk50IDMfO-ed.woff2'},display,webfonts#webfont,https://fonts.gstatic.com/s/chewy/v18/uK_94ruUb-k-wn5wKjI.woff2,,,497,2025,older,False,False,1,set(),0,False,False,False,1,False,False,False
Special Gothic,['regular'],"['latin', 'latin-ext']",v3,2025-07-30,{'regular': 'https://fonts.gstatic.com/s/specialgothic/v3/1q2fY5WcG0Fg_v0fHc8BvIZ252TkVIGpgnxL.woff2'},sans-serif,webfonts#webfont,https://fonts.gstatic.com/s/specialgothic/v3/1q2lY5WcG0Fg_v0fHc8BvIZ2537qdm1JEt9N3w2mJykOEnLhliLsitHN4bF8ySkBPQ.woff2,"[{'tag': 'wdth', 'start': 75, 'end': 125}, {'tag': 'wght', 'start': 400, 'end': 700}]",,498,2025,recent_12m,False,True,4,"{'wdth', 'wght'}",2,True,False,False,2,False,False,False
Livvic,"['100', '100italic', '200', '200italic', '300', '300italic', 'regular', 'italic', '500', '500italic', '600', '600italic', '700', '700italic', '900', '900italic']","['latin', 'latin-ext', 'vietnamese']",v15,2025-09-16,"{'100': 'https://fonts.gstatic.com/s/livvic/v15/rnCr-x1S2hzjrlffC-M7mHnOSOuk.woff2', '100italic': 'https://fonts.gstatic.com/s/livvic/v15/rnCt-x1S2hzjrlfXbdtaknjsTfukQHs.woff2', '200': 'https://fonts.gstatic.com/s/livvic/v15/rnCq-x1S2hzjrlffp8Iet1fCQfK9WQ.woff2', '200italic': 'https://fonts.gstatic.com/s/livvic/v15/rnCs-x1S2hzjrlfXbdv2s13DY_etWWIJ.woff2', '300': 'https://fonts.gstatic.com/s/livvic/v15/rnCq-x1S2hzjrlffw8Eet1fCQfK9WQ.woff2', '300italic': 'https://fonts.gstatic.com/s/livvic/v15/rnCs-x1S2hzjrlfXbduSsF3DY_etWWIJ.woff2', 'regular': 'https://fonts.gstatic.com/s/livvic/v15/rnCp-x1S2hzjrlfnauk6unzeSA.woff2', 'italic': 'https://fonts.gstatic.com/s/livvic/v15/rnCr-x1S2hzjrlfXbeM7mHnOSOuk.woff2', '500': 'https://fonts.gstatic.com/s/livvic/v15/rnCq-x1S2hzjrlffm8Aet1fCQfK9WQ.woff2', '500italic': 'https://fonts.gstatic.com/s/livvic/v15/rnCs-x1S2hzjrlfXbdvKsV3DY_etWWIJ.woff2', '600': 'https://fonts.gstatic.com/s/livvic/v15/rnCq-x1S2hzjrlfft8cet1fCQfK9WQ.woff2', '600italic': 'https://fonts.gstatic.com/s/livvic/v15/rnCs-x1S2hzjrlfXbdvmtl3DY_etWWIJ.woff2', '700': 'https://fonts.gstatic.com/s/livvic/v15/rnCq-x1S2hzjrlff08Yet1fCQfK9WQ.woff2', '700italic': 'https://fonts.gstatic.com/s/livvic/v15/rnCs-x1S2hzjrlfXbduCt13DY_etWWIJ.woff2', '900': 'https://fonts.gstatic.com/s/livvic/v15/rnCq-x1S2hzjrlff68Qet1fCQfK9WQ.woff2', '900italic': 'https://fonts.gstatic.com/s/livvic/v15/rnCs-x1S2hzjrlfXbdu6tV3DY_etWWIJ.woff2'}",sans-serif,webfonts#webfont,https://fonts.gstatic.com/s/livvic/v15/rnCp-x1S2hzjrlfXbuM7.woff2,,,499,2025,recent_12m,True,False,8,set(),0,False,False,False,3,False,False,False
Arbutus Slab,['regular'],"['latin', 'latin-ext']",v17,2025-09-11,{'regular': 'https://fonts.gstatic.com/s/arbutusslab/v17/oY1Z8e7OuLXkJGbXtr5ba7ZVbq8dJlaFAQ.woff2'},serif,webfonts#webfont,https://fonts.gstatic.com/s/arbutusslab/v17/oY1Z8e7OuLXkJGbXtr5ba7ZlaqUc.woff2,,,500,2025,recent_12m,False,False,1,set(),0,False,False,False,2,False,False,False
BIZ UDGothic,"['regular', '700']","['cyrillic', 'greek-ext', 'japanese', 'latin', 'latin-ext']",v12,2025-05-30,"{'regular': 'https://fonts.gstatic.com/s/bizudgothic/v12/daafSTouBF7RUjnbt8p3LuKtsAN98z_MbQ.woff2', '700': 'https://fonts.gstatic.com/s/bizudgothic/v12/daaASTouBF7RUjnbt8p3LuKVCSxZ_hTQZMhbaA.woff2'}",sans-serif,webfonts#webfont,https://fonts.gstatic.com/s/bizudgothic/v12/daafSTouBF7RUjnbt8p3LuKdtAl8.woff2,,,501,2025,older,False,False,2,set(),0,False,False,False,5,False,False,False
Cutive Mono,['regular'],"['latin', 'latin-ext']",v23,2025-09-11,{'regular': 'https://fonts.gstatic.com/s/cutivemono/v23/m8JWjfRfY7WVjVi2E-K9H5RARG-K3Mud.woff2'},monospace,webfonts#webfont,https://fonts.gstatic.com/s/cutivemono/v23/m8JWjfRfY7WVjVi2E-K9H6RETm4.woff2,,,502,2025,recent_12m,False,False,1,set(),0,False,False,False,2,False,False,False
Aldrich,['regular'],['latin'],v22,2025-06-02,{'regular': 'https://fonts.gstatic.com/s/aldrich/v22/MCoTzAn-1s3IGyJMZaUS3pP5H_E.woff2'},sans-serif,webfonts#webfont,https://fonts.gstatic.com/s/aldrich/v22/MCoTzAn-1s3IGyJMVaEY3w.woff2,,,503,2025,older,False,False,1,set(),0,False,False,False,1,False,False,False
Neucha,['regular'],"['cyrillic', 'latin']",v18,2025-09-11,{'regular': 'https://fonts.gstatic.com/s/neucha/v18/q5uGsou0JOdh94bvvwNsCxVEgA.woff2'},handwriting,webfonts#webfont,https://fonts.gstatic.com/s/neucha/v18/q5uGsou0JOdh94bfuwlt.woff2,,,504,2025,recent_12m,False,False,1,set(),0,False,False,False,2,False,False,False
Hachi Maru Pop,['regular'],"['cyrillic', 'japanese', 'latin', 'latin-ext']",v23,2025-09-10,{'regular': 'https://fonts.gstatic.com/s/hachimarupop/v23/HI_TiYoRLqpLrEiMAuO9Ysfz7rWwEM_btd8u.woff2'},handwriting,webfonts#webfont,https://fonts.gstatic.com/s/hachimarupop/v23/HI_TiYoRLqpLrEiMAuO9Ysfz7oW0Gs4.woff2,,,505,2025,recent_12m,False,False,1,set(),0,False,False,False,4,False,False,False
IM Fell English,"['regular', 'italic']",['latin'],v14,2025-05-30,"{'regular': 'https://fonts.gstatic.com/s/imfellenglish/v14/Ktk1ALSLW8zDe0rthJysWrnLsAz3EqmZVY9Y5w.woff2', 'italic': 'https://fonts.gstatic.com/s/imfellenglish/v14/Ktk3ALSLW8zDe0rthJysWrnLsAzHFaOYd4pI59zg.woff2'}",serif,webfonts#webfont,https://fonts.gstatic.com/s/imfellenglish/v14/Ktk1ALSLW8zDe0rthJysWrnLsAzHFqOY.woff2,,,506,2025,older,True,False,1,set(),0,False,False,False,1,False,False,False
Protest Revolution,['regular'],"['latin', 'latin-ext', 'math', 'symbols', 'vietnamese']",v2,2025-05-30,{'regular': 'https://fonts.gstatic.com/s/protestrevolution/v2/11hcGofZ0kXBbxQXFB7MJsjtqnVw6Z2s9fIzTG1nQw.woff2'},display,webfonts#webfont,https://fonts.gstatic.com/s/protestrevolution/v2/11hcGofZ0kXBbxQXFB7MJsjtqnVw6Z2c8fgy.woff2,,,507,2025,older,False,False,1,set(),0,False,False,False,5,False,False,False
Potta One,['regular'],"['japanese', 'latin', 'latin-ext', 'vietnamese']",v19,2025-09-02,{'regular': 'https://fonts.gstatic.com/s/pottaone/v19/FeVSS05Bp6cy7xI-YfxQ2J5nm29Gww.woff2'},display,webfonts#webfont,https://fonts.gstatic.com/s/pottaone/v19/FeVSS05Bp6cy7xI-Yfxg3JRm.woff2,,,508,2025,recent_12m,False,False,1,set(),0,False,False,False,4,False,False,False
Kreon,['regular'],"['latin', 'latin-ext']",v40,2025-09-11,{'regular': 'https://fonts.gstatic.com/s/kreon/v40/t5tuIRIUKY-TFEXFeWm_rb7p.woff2'},serif,webfonts#webfont,https://fonts.gstatic.com/s/kreon/v40/t5t9IRIUKY-TFF_LW5lnMR3v2DnvYtiWez8e.woff2,"[{'tag': 'wght', 'start': 300, 'end': 700}]",,509,2025,recent_12m,False,True,5,{'wght'},1,False,False,False,2,False,False,False
Yrsa,"['regular', 'italic']","['latin', 'latin-ext', 'vietnamese']",v25,2025-09-16,"{'regular': 'https://fonts.gstatic.com/s/yrsa/v25/wlp-gwnQFlxs5Q7V-IwQwWc.woff2', 'italic': 'https://fonts.gstatic.com/s/yrsa/v25/wlpwgwnQFlxs1Qnf-a4V0WdXaQ.woff2'}",serif,webfonts#webfont,https://fonts.gstatic.com/s/yrsa/v25/wlprgwnQFlxs_wD3CFSMYmFaaCieSONU_LU.woff2,"[{'tag': 'wght', 'start': 300, 'end': 700}]",,510,2025,recent_12m,True,True,5,{'wght'},1,False,False,False,3,False,False,False
UnifrakturMaguntia,['regular'],['latin'],v22,2025-09-02,{'regular': 'https://fonts.gstatic.com/s/unifrakturmaguntia/v22/WWXPlieVYwiGNomYU-ciRLRvEmK7oaVummxNNgNa1A.woff2'},display,webfonts#webfont,https://fonts.gstatic.com/s/unifrakturmaguntia/v22/WWXPlieVYwiGNomYU-ciRLRvEmK7oaVenmZM.woff2,,,511,2025,recent_12m,False,False,1,set(),0,False,False,False,1,False,False,False
Charm,"['regular', '700']","['latin', 'latin-ext', 'thai', 'vietnamese']",v14,2025-09-16,"{'regular': 'https://fonts.gstatic.com/s/charm/v14/7cHmv4oii5K0MeYqIe804WIo.woff2', '700': 'https://fonts.gstatic.com/s/charm/v14/7cHrv4oii5K0Md6TDss5yn4hnCci.woff2'}",handwriting,webfonts#webfont,https://fonts.gstatic.com/s/charm/v14/7cHmv4oii5K0MdYuK-4.woff2,,,512,2025,recent_12m,False,False,2,set(),0,False,False,False,4,False,False,False
Germania One,['regular'],['latin'],v21,2025-09-05,{'regular': 'https://fonts.gstatic.com/s/germaniaone/v21/Fh4yPjrqIyv2ucM2qzBjeS3eyQJONau6ew.woff2'},display,webfonts#webfont,https://fonts.gstatic.com/s/germaniaone/v21/Fh4yPjrqIyv2ucM2qzBjeS3uzQhP.woff2,,,513,2025,recent_12m,False,False,1,set(),0,False,False,False,1,False,False,False
Carlito,"['regular', 'italic', '700', '700italic']","['cyrillic', 'cyrillic-ext', 'greek', 'greek-ext', 'latin', 'latin-ext', 'vietnamese']",v4,2025-09-08,"{'regular': 'https://fonts.gstatic.com/s/carlito/v4/3Jn9SDPw3m-pk039PDWLTXUETuE.woff2', 'italic': 'https://fonts.gstatic.com/s/carlito/v4/3Jn_SDPw3m-pk039DDKBTFcBXuFb0Q.woff2', '700': 'https://fonts.gstatic.com/s/carlito/v4/3Jn4SDPw3m-pk039BIykaXgvUuhCyOo.woff2', '700italic': 'https://fonts.gstatic.com/s/carlito/v4/3Jn6SDPw3m-pk039DDK59XglU8pH2OprMQ.woff2'}",sans-serif,webfonts#webfont,https://fonts.gstatic.com/s/carlito/v4/3Jn9SDPw3m-pk039DDGBTA.woff2,,,514,2025,recent_12m,True,False,2,set(),0,False,False,False,7,False,False,False
Fustat,['regular'],"['arabic', 'latin', 'latin-ext']",v4,2025-09-16,{'regular': 'https://fonts.gstatic.com/s/fustat/v4/NaPZcZ_aHO9Iy5t7SvhDoyqlZQ.woff2'},sans-serif,webfonts#webfont,https://fonts.gstatic.com/s/fustat/v4/NaPEcZ_aHO9Iy5thRNqze7YGY9HGCEQQdr25tA.woff2,"[{'tag': 'wght', 'start': 200, 'end': 800}]",,515,2025,recent_12m,False,True,7,{'wght'},1,False,False,False,3,False,False,False
Familjen Grotesk,"['regular', 'italic']","['latin', 'latin-ext', 'vietnamese']",v11,2025-09-11,"{'regular': 'https://fonts.gstatic.com/s/familjengrotesk/v11/Qw3GZR9ZHiDnImG6-NEMQ41wby8WXHgOjpM75PE.woff2', 'italic': 'https://fonts.gstatic.com/s/familjengrotesk/v11/Qw3AZR9ZHiDnImG6-NEMQ41wby8WbH8Ej7E-9PGLfQ.woff2'}",sans-serif,webfonts#webfont,https://fonts.gstatic.com/s/familjengrotesk/v11/Qw3LZR9ZHiDnImG6-NEMQ41wby8WRnYsfkunR_eGfMGJaRzseVk.woff2,"[{'tag': 'wght', 'start': 400, 'end': 700}]",,516,2025,recent_12m,True,True,4,{'wght'},1,False,False,False,3,False,False,False
Noto Sans Gujarati,['regular'],"['gujarati', 'latin', 'latin-ext', 'math', 'symbols']",v27,2025-09-16,{'regular': 'https://fonts.gstatic.com/s/notosansgujarati/v27/wlpsgx_HC1ti5ViekvcxnhMlCVo3f5p12ZpDd6u3AQ.woff2'},sans-serif,webfonts#webfont,https://fonts.gstatic.com/s/notosansgujarati/v27/wlpWgx_HC1ti5ViekvcxnhMlCVo3f5pv17ivlzsUB14gg1TMR2Gw4VceEl7MA_ypFzPN9uY.woff2,"[{'tag': 'wdth', 'start': 62.5, 'end': 100}, {'tag': 'wght', 'start': 100, 'end': 900}]",,517,2025,recent_12m,False,True,9,"{'wdth', 'wght'}",2,True,False,False,5,False,False,False
Metrophobic,['regular'],"['latin', 'latin-ext', 'vietnamese']",v24,2025-09-11,{'regular': 'https://fonts.gstatic.com/s/metrophobic/v24/sJoA3LZUhMSAPV_u0qwiAT-M737FPEEL.woff2'},sans-serif,webfonts#webfont,https://fonts.gstatic.com/s/metrophobic/v24/sJoA3LZUhMSAPV_u0qwiAQ-I5X8.woff2,,,518,2025,recent_12m,False,False,1,set(),0,False,False,False,3,False,False,False
Ovo,['regular'],['latin'],v18,2025-09-08,{'regular': 'https://fonts.gstatic.com/s/ovo/v18/yYLl0h7WyfzjzoQ5_3WVxA.woff2'},serif,webfonts#webfont,https://fonts.gstatic.com/s/ovo/v18/yYLl0h7WyfzTyo44.woff2,,,519,2025,recent_12m,False,False,1,set(),0,False,False,False,1,False,False,False
Just Another Hand,['regular'],"['latin', 'latin-ext']",v21,2025-09-08,{'regular': 'https://fonts.gstatic.com/s/justanotherhand/v21/845CNN4-AJyIGvIou-6yJKyptyOpOcr6BmmlS5aw.woff2'},handwriting,webfonts#webfont,https://fonts.gstatic.com/s/justanotherhand/v21/845CNN4-AJyIGvIou-6yJKyptyOpOfr-DGg.woff2,,,520,2025,recent_12m,False,False,1,set(),0,False,False,False,2,False,False,False
Coda,"['regular', '800']","['latin', 'latin-ext']",v22,2025-09-11,"{'regular': 'https://fonts.gstatic.com/s/coda/v22/SLXHc1jY5nQ8JUcMapaN39I.woff2', '800': 'https://fonts.gstatic.com/s/coda/v22/SLXIc1jY5nQ8HeIgTpumw9t1cX8.woff2'}",display,webfonts#webfont,https://fonts.gstatic.com/s/coda/v22/SLXHc1jY5nQ8FUMGaw.woff2,,,521,2025,recent_12m,False,False,2,set(),0,False,False,False,2,False,False,False
Stardos Stencil,"['regular', '700']",['latin'],v15,2025-05-30,"{'regular': 'https://fonts.gstatic.com/s/stardosstencil/v15/X7n94bcuGPC8hrvEOHXOgaKCc2TR6lR3tiSx0g.woff2', '700': 'https://fonts.gstatic.com/s/stardosstencil/v15/X7n44bcuGPC8hrvEOHXOgaKCc2TpU3tTuw-t29HSHw.woff2'}",display,webfonts#webfont,https://fonts.gstatic.com/s/stardosstencil/v15/X7n94bcuGPC8hrvEOHXOgaKCc2Th7l52.woff2,,,522,2025,older,False,False,2,set(),0,False,False,False,1,False,False,False
Secular One,['regular'],"['hebrew', 'latin', 'latin-ext']",v14,2025-09-08,{'regular': 'https://fonts.gstatic.com/s/secularone/v14/8QINdiTajsj_87rMuMdKypDgMul7LJpK.woff2'},sans-serif,webfonts#webfont,https://fonts.gstatic.com/s/secularone/v14/8QINdiTajsj_87rMuMdKyqDkOOg.woff2,,,523,2025,recent_12m,False,False,1,set(),0,False,False,False,3,False,False,False
Ma Shan Zheng,['regular'],"['chinese-simplified', 'latin']",v17,2026-02-17,{'regular': 'https://fonts.gstatic.com/s/mashanzheng/v17/NaPecZTRCLxvwo41b4gvzkXaRMHsDIRSfr0.woff2'},handwriting,webfonts#webfont,https://fonts.gstatic.com/s/mashanzheng/v17/NaPecZTRCLxvwo41b4gvzkXadMXmDQ.woff2,,,524,2026,recent_12m,False,False,1,set(),0,False,False,False,2,False,False,False
Kiwi Maru,"['300', 'regular', '500']","['cyrillic', 'japanese', 'latin', 'latin-ext']",v20,2025-09-11,"{'300': 'https://fonts.gstatic.com/s/kiwimaru/v20/R70djykGkuuDep-hRg6gNCi0Uhn9R5ShnA.woff2', 'regular': 'https://fonts.gstatic.com/s/kiwimaru/v20/R70YjykGkuuDep-hRg6YnQCQXzLhTg.woff2', '500': 'https://fonts.gstatic.com/s/kiwimaru/v20/R70djykGkuuDep-hRg6gbCm0Uhn9R5ShnA.woff2'}",serif,webfonts#webfont,https://fonts.gstatic.com/s/kiwimaru/v20/R70YjykGkuuDep-hRg6omQqR.woff2,,,525,2025,recent_12m,False,False,3,set(),0,False,False,False,4,False,False,False
Skranji,"['regular', '700']","['latin', 'latin-ext']",v14,2025-09-16,"{'regular': 'https://fonts.gstatic.com/s/skranji/v14/OZpDg_dtriVFNerMYz6uklTm3Ek.woff2', '700': 'https://fonts.gstatic.com/s/skranji/v14/OZpGg_dtriVFNerMW4eBtlnNwED-b4g.woff2'}",display,webfonts#webfont,https://fonts.gstatic.com/s/skranji/v14/OZpDg_dtriVFNerMUzqkkw.woff2,,,526,2025,recent_12m,False,False,2,set(),0,False,False,False,2,False,False,False
Do Hyeon,['regular'],"['korean', 'latin']",v21,2025-09-11,{'regular': 'https://fonts.gstatic.com/s/dohyeon/v21/TwMN-I8CRRU2zM86HFEyZwaH__-C.woff2'},sans-serif,webfonts#webfont,https://fonts.gstatic.com/s/dohyeon/v21/TwMN-I8CRRU2zM86HGE2bQc.woff2,,,527,2025,recent_12m,False,False,1,set(),0,False,False,False,2,True,False,False
Corben,"['regular', '700']","['latin', 'latin-ext']",v23,2025-09-10,"{'regular': 'https://fonts.gstatic.com/s/corben/v23/LYjDdGzzklQtCMp9pQlEpVs3VQ.woff2', '700': 'https://fonts.gstatic.com/s/corben/v23/LYjAdGzzklQtCMpFHCZgqHArXN7HWQ.woff2'}",display,webfonts#webfont,https://fonts.gstatic.com/s/corben/v23/LYjDdGzzklQtCMpNoQNF.woff2,,,528,2025,recent_12m,False,False,2,set(),0,False,False,False,2,False,False,False
Proza Libre,"['regular', 'italic', '500', '500italic', '600', '600italic', '700', '700italic', '800', '800italic']","['latin', 'latin-ext']",v9,2025-05-30,"{'regular': 'https://fonts.gstatic.com/s/prozalibre/v9/LYjGdGHgj0k1DIQRyUEyyHoqftvXWYyz.woff2', 'italic': 'https://fonts.gstatic.com/s/prozalibre/v9/LYjEdGHgj0k1DIQRyUEyyEotdNr1XJyz7zc.woff2', '500': 'https://fonts.gstatic.com/s/prozalibre/v9/LYjbdGHgj0k1DIQRyUEyyELbV__acpC69i6N.woff2', '500italic': 'https://fonts.gstatic.com/s/prozalibre/v9/LYjZdGHgj0k1DIQRyUEyyEotTCvceJGY8z6Np1k.woff2', '600': 'https://fonts.gstatic.com/s/prozalibre/v9/LYjbdGHgj0k1DIQRyUEyyEL3UP_acpC69i6N.woff2', '600italic': 'https://fonts.gstatic.com/s/prozalibre/v9/LYjZdGHgj0k1DIQRyUEyyEotTAfbeJGY8z6Np1k.woff2', '700': 'https://fonts.gstatic.com/s/prozalibre/v9/LYjbdGHgj0k1DIQRyUEyyEKTUf_acpC69i6N.woff2', '700italic': 'https://fonts.gstatic.com/s/prozalibre/v9/LYjZdGHgj0k1DIQRyUEyyEotTGPaeJGY8z6Np1k.woff2', '800': 'https://fonts.gstatic.com/s/prozalibre/v9/LYjbdGHgj0k1DIQRyUEyyEKPUv_acpC69i6N.woff2', '800italic': 'https://fonts.gstatic.com/s/prozalibre/v9/LYjZdGHgj0k1DIQRyUEyyEotTH_ZeJGY8z6Np1k.woff2'}",sans-serif,webfonts#webfont,https://fonts.gstatic.com/s/prozalibre/v9/LYjGdGHgj0k1DIQRyUEyyEoudNo.woff2,,,529,2025,older,True,False,5,set(),0,False,False,False,2,False,False,False
Martel Sans,"['200', '300', 'regular', '600', '700', '800', '900']","['devanagari', 'latin', 'latin-ext']",v14,2025-09-05,"{'200': 'https://fonts.gstatic.com/s/martelsans/v14/h0GxssGi7VdzDgKjM-4d8hAX5suCFUknqMxQ.woff2', '300': 'https://fonts.gstatic.com/s/martelsans/v14/h0GxssGi7VdzDgKjM-4d8hBz5cuCFUknqMxQ.woff2', 'regular': 'https://fonts.gstatic.com/s/martelsans/v14/h0GsssGi7VdzDgKjM-4d8ijaze-PPlUu.woff2', '600': 'https://fonts.gstatic.com/s/martelsans/v14/h0GxssGi7VdzDgKjM-4d8hAH48uCFUknqMxQ.woff2', '700': 'https://fonts.gstatic.com/s/martelsans/v14/h0GxssGi7VdzDgKjM-4d8hBj4suCFUknqMxQ.woff2', '800': 'https://fonts.gstatic.com/s/martelsans/v14/h0GxssGi7VdzDgKjM-4d8hB_4cuCFUknqMxQ.woff2', '900': 'https://fonts.gstatic.com/s/martelsans/v14/h0GxssGi7VdzDgKjM-4d8hBb4MuCFUknqMxQ.woff2'}",sans-serif,webfonts#webfont,https://fonts.gstatic.com/s/martelsans/v14/h0GsssGi7VdzDgKjM-4d8hjex-4.woff2,,,530,2025,recent_12m,False,False,7,set(),0,False,False,False,3,False,False,False
Aref Ruqaa,"['regular', '700']","['arabic', 'latin', 'latin-ext']",v26,2025-09-11,"{'regular': 'https://fonts.gstatic.com/s/arefruqaa/v26/WwkbxPW1E165rajQKDulEIUiVNo5xNY.woff2', '700': 'https://fonts.gstatic.com/s/arefruqaa/v26/WwkYxPW1E165rajQKDulKDwNcNcS2N_7Bdk.woff2'}",serif,webfonts#webfont,https://fonts.gstatic.com/s/arefruqaa/v26/WwkbxPW1E165rajQKDulIIEoVQ.woff2,,,531,2025,recent_12m,False,False,2,set(),0,False,False,False,3,False,False,False
Lemonada,['regular'],"['arabic', 'latin', 'latin-ext', 'vietnamese']",v31,2025-09-02,{'regular': 'https://fonts.gstatic.com/s/lemonada/v31/0QIjMXFD9oygTWy_R_tLtfWm8qTX.woff2'},display,webfonts#webfont,https://fonts.gstatic.com/s/lemonada/v31/0QI-MXFD9oygTWy_R-FFlwV-bgfR7QJGeutGmP-d.woff2,"[{'tag': 'wght', 'start': 300, 'end': 700}]",,532,2025,recent_12m,False,True,5,{'wght'},1,False,False,False,4,False,False,False
Parkinsans,['regular'],"['latin', 'latin-ext']",v3,2025-09-16,{'regular': 'https://fonts.gstatic.com/s/parkinsans/v3/-W_7XJXvQyPb1QfpBpRrTkYBf50kbiM.woff2'},sans-serif,webfonts#webfont,https://fonts.gstatic.com/s/parkinsans/v3/-W_uXJXvQyPb1QfpBpRrVEgjj0W4zSUk4gTW6S8L8cc.woff2,"[{'tag': 'wght', 'start': 300, 'end': 800}]",,533,2025,recent_12m,False,True,6,{'wght'},1,False,False,False,2,False,False,False
Itim,['regular'],"['latin', 'latin-ext', 'thai', 'vietnamese']",v16,2025-09-16,{'regular': 'https://fonts.gstatic.com/s/itim/v16/0nknC9ziJOYewAFKkc7ZdwU.woff2'},handwriting,webfonts#webfont,https://fonts.gstatic.com/s/itim/v16/0nknC9ziJOYe8AVAkA.woff2,,,534,2025,recent_12m,False,False,1,set(),0,False,False,False,4,False,False,False
Pontano Sans,['regular'],"['latin', 'latin-ext']",v19,2025-09-08,{'regular': 'https://fonts.gstatic.com/s/pontanosans/v19/qFdD35GdgYR8EzR6oBLDHa3qxzUMg1siNQ.woff2'},sans-serif,webfonts#webfont,https://fonts.gstatic.com/s/pontanosans/v19/qFdW35GdgYR8EzR6oBLDHa3wyRf8W8eBM6XLOXLMrceGpg.woff2,"[{'tag': 'wght', 'start': 300, 'end': 700}]",,535,2025,recent_12m,False,True,5,{'wght'},1,False,False,False,2,False,False,False
Sansita,"['regular', 'italic', '700', '700italic', '800', '800italic', '900', '900italic']","['latin', 'latin-ext']",v12,2025-09-08,"{'regular': 'https://fonts.gstatic.com/s/sansita/v12/QldONTRRphEb_-V7HBy7TXFf3qw.woff2', 'italic': 'https://fonts.gstatic.com/s/sansita/v12/QldMNTRRphEb_-V7LBuxTFNazqx2xg.woff2', '700': 'https://fonts.gstatic.com/s/sansita/v12/QldLNTRRphEb_-V7JKWUaXx0wqVv3_g.woff2', '700italic': 'https://fonts.gstatic.com/s/sansita/v12/QldJNTRRphEb_-V7LBuJ9Xx-w4dqz_joDQ.woff2', '800': 'https://fonts.gstatic.com/s/sansita/v12/QldLNTRRphEb_-V7JLmXaXx0wqVv3_g.woff2', '800italic': 'https://fonts.gstatic.com/s/sansita/v12/QldJNTRRphEb_-V7LBuJ6X9-w4dqz_joDQ.woff2', '900': 'https://fonts.gstatic.com/s/sansita/v12/QldLNTRRphEb_-V7JJ2WaXx0wqVv3_g.woff2', '900italic': 'https://fonts.gstatic.com/s/sansita/v12/QldJNTRRphEb_-V7LBuJzX5-w4dqz_joDQ.woff2'}",sans-serif,webfonts#webfont,https://fonts.gstatic.com/s/sansita/v12/QldONTRRphEb_-V7LBixTA.woff2,,,536,2025,recent_12m,True,False,4,set(),0,False,False,False,2,False,False,False
Libre Caslon Display,['regular'],"['latin', 'latin-ext']",v18,2025-09-16,{'regular': 'https://fonts.gstatic.com/s/librecaslondisplay/v18/TuGOUUFxWphYQ6YI6q9Xp61FQzxDRKmzr2lUdRhtCC4d.woff2'},serif,webfonts#webfont,https://fonts.gstatic.com/s/librecaslondisplay/v18/TuGOUUFxWphYQ6YI6q9Xp61FQzxDRKmzr1lQfxk.woff2,,,537,2025,recent_12m,False,False,1,set(),0,False,False,False,2,False,False,False
Marcellus SC,['regular'],"['latin', 'latin-ext']",v14,2025-09-02,{'regular': 'https://fonts.gstatic.com/s/marcellussc/v14/ke8iOgUHP1dg-Rmi6RWjbLEPhNydGKikhA.woff2'},serif,webfonts#webfont,https://fonts.gstatic.com/s/marcellussc/v14/ke8iOgUHP1dg-Rmi6RWjbLE_gNac.woff2,,,538,2025,recent_12m,False,False,1,set(),0,False,False,False,2,False,False,False
Electrolize,['regular'],['latin'],v20,2025-09-11,{'regular': 'https://fonts.gstatic.com/s/electrolize/v20/cIf5Ma1dtE0zSiGSiED7AUEDso5tQafB.woff2'},sans-serif,webfonts#webfont,https://fonts.gstatic.com/s/electrolize/v20/cIf5Ma1dtE0zSiGSiED7AXEHuI8.woff2,,,539,2025,recent_12m,False,False,1,set(),0,False,False,False,1,False,False,False
Rozha One,['regular'],"['devanagari', 'latin', 'latin-ext']",v17,2025-09-16,{'regular': 'https://fonts.gstatic.com/s/rozhaone/v17/AlZy_zVFtYP12Zncg2khcHf4XB0Tow.woff2'},serif,webfonts#webfont,https://fonts.gstatic.com/s/rozhaone/v17/AlZy_zVFtYP12Zncg2kRdH35.woff2,,,540,2025,recent_12m,False,False,1,set(),0,False,False,False,3,False,False,False
Sintony,"['regular', '700']","['latin', 'latin-ext']",v17,2025-09-16,"{'regular': 'https://fonts.gstatic.com/s/sintony/v17/XoHm2YDqR7-98cVUITEnu98ojjs.woff2', '700': 'https://fonts.gstatic.com/s/sintony/v17/XoHj2YDqR7-98cVUGYgIn9IDkjLp6C8.woff2'}",sans-serif,webfonts#webfont,https://fonts.gstatic.com/s/sintony/v17/XoHm2YDqR7-98cVUETUtug.woff2,,,541,2025,recent_12m,False,False,2,set(),0,False,False,False,2,False,False,False
Rufina,"['regular', '700']","['latin', 'latin-ext']",v17,2025-09-16,"{'regular': 'https://fonts.gstatic.com/s/rufina/v17/Yq6V-LyURyLy-aKyphRktOdClg.woff2', '700': 'https://fonts.gstatic.com/s/rufina/v17/Yq6W-LyURyLy-aKKHztAucxenxE0SA.woff2'}",serif,webfonts#webfont,https://fonts.gstatic.com/s/rufina/v17/Yq6V-LyURyLy-aKCoh5l.woff2,,,542,2025,recent_12m,False,False,2,set(),0,False,False,False,2,False,False,False
Days One,['regular'],"['cyrillic', 'latin']",v19,2025-04-23,{'regular': 'https://fonts.gstatic.com/s/daysone/v19/mem9YaCnxnKRiYZOCLYQeLkWVNBt.woff2'},sans-serif,webfonts#webfont,https://fonts.gstatic.com/s/daysone/v19/mem9YaCnxnKRiYZOCIYUcrg.woff2,,,543,2025,older,False,False,1,set(),0,False,False,False,2,False,False,False
Libre Barcode 128,['regular'],['latin'],v31,2025-09-17,{'regular': 'https://fonts.gstatic.com/s/librebarcode128/v31/cIfnMbdUsUoiW3O_hVviCwVjuLtXeJ_F_gMk0izH.woff2'},display,webfonts#webfont,https://fonts.gstatic.com/s/librebarcode128/v31/cIfnMbdUsUoiW3O_hVviCwVjuLtXeK_B9AI.woff2,,,544,2025,recent_12m,False,False,1,set(),0,False,False,False,1,False,False,False
Grandstander,"['regular', 'italic']","['latin', 'latin-ext', 'vietnamese']",v20,2025-09-16,"{'regular': 'https://fonts.gstatic.com/s/grandstander/v20/ga6KawtA-GpSsTWrnNHPCSIWaDq6fMRRMw.woff2', 'italic': 'https://fonts.gstatic.com/s/grandstander/v20/ga6UawtA-GpSsTWrnNHPCSImbzC7XsFBM58R.woff2'}",display,webfonts#webfont,https://fonts.gstatic.com/s/grandstander/v20/ga6fawtA-GpSsTWrnNHPCSIMZhhKpFjyNZIQD1--P3nctw.woff2,"[{'tag': 'wght', 'start': 100, 'end': 900}]",,545,2025,recent_12m,True,True,9,{'wght'},1,False,False,False,3,False,False,False
BenchNine,"['300', 'regular', '700']","['latin', 'latin-ext']",v17,2025-09-10,"{'300': 'https://fonts.gstatic.com/s/benchnine/v17/ahcev8612zF4jxrwMosT--tRgGa8q0v8ag.woff2', 'regular': 'https://fonts.gstatic.com/s/benchnine/v17/ahcbv8612zF4jxrwMosrUsN1jU2gog.woff2', '700': 'https://fonts.gstatic.com/s/benchnine/v17/ahcev8612zF4jxrwMosT6-xRgGa8q0v8ag.woff2'}",sans-serif,webfonts#webfont,https://fonts.gstatic.com/s/benchnine/v17/ahcbv8612zF4jxrwMosbVsl0.woff2,,,546,2025,recent_12m,False,False,3,set(),0,False,False,False,2,False,False,False
Radley,"['regular', 'italic']","['latin', 'latin-ext']",v24,2025-09-10,"{'regular': 'https://fonts.gstatic.com/s/radley/v24/LYjDdGzinEIjCN19pQlEpVs3VQ.woff2', 'italic': 'https://fonts.gstatic.com/s/radley/v24/LYjBdGzinEIjCN1NogNFh14nVcfe.woff2'}",serif,webfonts#webfont,https://fonts.gstatic.com/s/radley/v24/LYjDdGzinEIjCN1NoQNF.woff2,,,547,2025,recent_12m,True,False,1,set(),0,False,False,False,2,False,False,False
Grenze Gotisch,['regular'],"['latin', 'latin-ext', 'vietnamese']",v20,2025-09-02,{'regular': 'https://fonts.gstatic.com/s/grenzegotisch/v20/Fh4sPjjqNDz1osh_jX9YfjudpAhPF66qe6T5.woff2'},display,webfonts#webfont,https://fonts.gstatic.com/s/grenzegotisch/v20/Fh4hPjjqNDz1osh_jX9YfjudpBJBNV5y5wf_k1i5Lz9kcYqc.woff2,"[{'tag': 'wght', 'start': 100, 'end': 900}]",,548,2025,recent_12m,False,True,9,{'wght'},1,False,False,False,3,False,False,False
Herr Von Muellerhoff,['regular'],"['latin', 'latin-ext']",v23,2025-09-08,{'regular': 'https://fonts.gstatic.com/s/herrvonmuellerhoff/v23/WBL6rFjRZkREW8WqmCWYLgCkQKXb4CAft3c__qJY3QPQ.woff2'},handwriting,webfonts#webfont,https://fonts.gstatic.com/s/herrvonmuellerhoff/v23/WBL6rFjRZkREW8WqmCWYLgCkQKXb4CAft0c79KM.woff2,,,549,2025,recent_12m,False,False,1,set(),0,False,False,False,2,False,False,False
Noto Sans Sinhala,['regular'],"['latin', 'latin-ext', 'sinhala']",v36,2025-09-17,{'regular': 'https://fonts.gstatic.com/s/notosanssinhala/v36/yMJIMJBya43H0SUF_WmcBEEf4rQVO3n3-WmZp1A3.woff2'},sans-serif,webfonts#webfont,https://fonts.gstatic.com/s/notosanssinhala/v36/yMJ2MJBya43H0SUF_WmcBEEf4rQVO2P524V5N_MxQzQtb-tf5dJbC30Fu9zUwg2a1lkBpQ.woff2,"[{'tag': 'wdth', 'start': 62.5, 'end': 100}, {'tag': 'wght', 'start': 100, 'end': 900}]",,550,2025,recent_12m,False,True,9,"{'wdth', 'wght'}",2,True,False,False,3,False,False,False
Oooh Baby,['regular'],"['latin', 'latin-ext', 'vietnamese']",v4,2025-05-30,{'regular': 'https://fonts.gstatic.com/s/ooohbaby/v4/2sDcZGJWgJTT2Jf76xQDam-4C7wFZQ.woff2'},handwriting,webfonts#webfont,https://fonts.gstatic.com/s/ooohbaby/v4/2sDcZGJWgJTT2Jf76xQzbmW5.woff2,,,551,2025,older,False,False,1,set(),0,False,False,False,3,False,False,False
Castoro,"['regular', 'italic']","['latin', 'latin-ext']",v20,2025-09-16,"{'regular': 'https://fonts.gstatic.com/s/castoro/v20/1q2GY5yMCld3-O4cHY1EzOYenEU.woff2', 'italic': 'https://fonts.gstatic.com/s/castoro/v20/1q2EY5yMCld3-O4cLYpOzcQbjEX5fw.woff2'}",serif,webfonts#webfont,https://fonts.gstatic.com/s/castoro/v20/1q2GY5yMCld3-O4cLYlOzQ.woff2,,,552,2025,recent_12m,True,False,1,set(),0,False,False,False,2,False,False,False
Cabin Sketch,"['regular', '700']",['latin'],v23,2025-09-10,"{'regular': 'https://fonts.gstatic.com/s/cabinsketch/v23/QGYpz_kZZAGCONcK2A4bGOjMmtJM6fnuKg.woff2', '700': 'https://fonts.gstatic.com/s/cabinsketch/v23/QGY2z_kZZAGCONcK2A4bGOj0I_1o5NLyI4CMFw.woff2'}",display,webfonts#webfont,https://fonts.gstatic.com/s/cabinsketch/v23/QGYpz_kZZAGCONcK2A4bGOj8nthN.woff2,,,553,2025,recent_12m,False,False,2,set(),0,False,False,False,1,False,False,False
Shadows Into Light Two,['regular'],"['latin', 'latin-ext']",v19,2025-09-16,{'regular': 'https://fonts.gstatic.com/s/shadowsintolighttwo/v19/4iC86LVlZsRSjQhpWGedwyOoW-0A6_kpsyNmlA7NGLNnIF0.woff2'},handwriting,webfonts#webfont,https://fonts.gstatic.com/s/shadowsintolighttwo/v19/4iC86LVlZsRSjQhpWGedwyOoW-0A6_kpsyNmpArHGQ.woff2,,,554,2025,recent_12m,False,False,1,set(),0,False,False,False,2,False,False,False
Tektur,['regular'],"['cyrillic', 'cyrillic-ext', 'greek', 'latin', 'latin-ext', 'vietnamese']",v6,2025-09-16,{'regular': 'https://fonts.gstatic.com/s/tektur/v6/XoHn2YHtS7q969kNBB4Jt9Yxlw.woff2'},display,webfonts#webfont,https://fonts.gstatic.com/s/tektur/v6/XoHN2YHtS7q969kXCjzlV0aSkS_o8OacmTe0TYlYFot8TrwuVbtPacI.woff2,"[{'tag': 'wdth', 'start': 75, 'end': 100}, {'tag': 'wght', 'start': 400, 'end': 900}]",,555,2025,recent_12m,False,True,6,"{'wdth', 'wght'}",2,True,False,False,6,False,False,False
ADLaM Display,['regular'],"['adlam', 'latin', 'latin-ext']",v1,2025-05-30,{'regular': 'https://fonts.gstatic.com/s/adlamdisplay/v1/KFOhCnGXkPOLlhx6jD8_b1ZECsTYkYBPY3o.woff2'},display,webfonts#webfont,https://fonts.gstatic.com/s/adlamdisplay/v1/KFOhCnGXkPOLlhx6jD8_b1ZEOsDSkA.woff2,,,556,2025,older,False,False,1,set(),0,False,False,False,3,False,False,False
Wallpoet,['regular'],['latin'],v21,2025-06-02,{'regular': 'https://fonts.gstatic.com/s/wallpoet/v21/f0X10em2_8RnXVVdUNbr7cXP8L8G.woff2'},display,webfonts#webfont,https://fonts.gstatic.com/s/wallpoet/v21/f0X10em2_8RnXVVdUObv58Q.woff2,,,557,2025,older,False,False,1,set(),0,False,False,False,1,False,False,False
Poller One,['regular'],['latin'],v25,2025-06-25,{'regular': 'https://fonts.gstatic.com/s/pollerone/v25/ahccv82n0TN3gia5E4Bud-xbgUS5u0s.woff2'},display,webfonts#webfont,https://fonts.gstatic.com/s/pollerone/v25/ahccv82n0TN3gia5E4BuR-hRgA.woff2,,,558,2025,older,False,False,1,set(),0,False,False,False,1,False,False,False
Armata,['regular'],"['latin', 'latin-ext']",v21,2025-09-11,{'regular': 'https://fonts.gstatic.com/s/armata/v21/gokvH63_HV5jQ-E9kT53Q2u_mQ.woff2'},sans-serif,webfonts#webfont,https://fonts.gstatic.com/s/armata/v21/gokvH63_HV5jQ-ENlTR2.woff2,,,559,2025,recent_12m,False,False,1,set(),0,False,False,False,2,False,False,False
Yuji Mai,['regular'],"['cyrillic', 'japanese', 'latin', 'latin-ext']",v8,2025-09-16,{'regular': 'https://fonts.gstatic.com/s/yujimai/v8/ZgNQjPxdJ7DEHrS0gC35hmHmNpCO.woff2'},serif,webfonts#webfont,https://fonts.gstatic.com/s/yujimai/v8/ZgNQjPxdJ7DEHrS0gB39jGA.woff2,,,560,2025,recent_12m,False,False,1,set(),0,False,False,False,4,False,False,False
Barriecito,['regular'],"['latin', 'latin-ext', 'vietnamese']",v18,2025-09-11,{'regular': 'https://fonts.gstatic.com/s/barriecito/v18/WWXXlj-CbBOSLY2QTuY_KdAiYwTO0MU.woff2'},display,webfonts#webfont,https://fonts.gstatic.com/s/barriecito/v18/WWXXlj-CbBOSLY2QTuY_GdQoYg.woff2,,,561,2025,recent_12m,False,False,1,set(),0,False,False,False,3,False,False,False
Boogaloo,['regular'],['latin'],v25,2025-09-11,{'regular': 'https://fonts.gstatic.com/s/boogaloo/v25/kmK-Zq45GAvOdnaW6x1A_SrQo_1K.woff2'},display,webfonts#webfont,https://fonts.gstatic.com/s/boogaloo/v25/kmK-Zq45GAvOdnaW6y1E9ys.woff2,,,562,2025,recent_12m,False,False,1,set(),0,False,False,False,1,False,False,False
Ibarra Real Nova,"['regular', 'italic']","['latin', 'latin-ext']",v30,2025-09-05,"{'regular': 'https://fonts.gstatic.com/s/ibarrarealnova/v30/sZlfdQiA-DBIDCcaWtQzL4BZHoiDoHlSENxuLuE.woff2', 'italic': 'https://fonts.gstatic.com/s/ibarrarealnova/v30/sZlZdQiA-DBIDCcaWtQzL4BZHoiDkH5YEf5rPuF6EA.woff2'}",serif,webfonts#webfont,https://fonts.gstatic.com/s/ibarrarealnova/v30/sZlSdQiA-DBIDCcaWtQzL4BZHoiDundw4ATyjed3EXdg5PDsXz4.woff2,"[{'tag': 'wght', 'start': 400, 'end': 700}]",,563,2025,recent_12m,True,True,4,{'wght'},1,False,False,False,2,False,False,False
Podkova,['regular'],"['cyrillic', 'cyrillic-ext', 'latin', 'latin-ext', 'vietnamese']",v33,2025-09-08,{'regular': 'https://fonts.gstatic.com/s/podkova/v33/K2FxfZ1EmftJSV9VWJv5JoKhHys.woff2'},serif,webfonts#webfont,https://fonts.gstatic.com/s/podkova/v33/K2FufZ1EmftJSV9VQpXb1lo9vC3nZWtFzfU5GIs.woff2,"[{'tag': 'wght', 'start': 400, 'end': 800}]",,564,2025,recent_12m,False,True,5,{'wght'},1,False,False,False,5,False,False,False
Anuphan,['regular'],"['latin', 'latin-ext', 'thai', 'vietnamese']",v6,2025-09-10,{'regular': 'https://fonts.gstatic.com/s/anuphan/v6/2sDeZGxYgY7LkLT0qWgJa029G7w.woff2'},sans-serif,webfonts#webfont,https://fonts.gstatic.com/s/anuphan/v6/2sDBZGxYgY7LkLT0s2Yrm5UhuLoIZCkY9T4lEGQ.woff2,"[{'tag': 'wght', 'start': 100, 'end': 700}]",,565,2025,recent_12m,False,True,7,{'wght'},1,False,False,False,4,False,False,False
Rye,['regular'],"['latin', 'latin-ext']",v17,2025-09-16,{'regular': 'https://fonts.gstatic.com/s/rye/v17/r05XGLJT86YDE5TsXOqx4w.woff2'},display,webfonts#webfont,https://fonts.gstatic.com/s/rye/v17/r05XGLJT86YzF57t.woff2,,,566,2025,recent_12m,False,False,1,set(),0,False,False,False,2,False,False,False
Gantari,"['regular', 'italic']","['latin', 'latin-ext']",v4,2025-09-11,"{'regular': 'https://fonts.gstatic.com/s/gantari/v4/jVyK7nvyB2HL8iZyFEAkpiwFR80.woff2', 'italic': 'https://fonts.gstatic.com/s/gantari/v4/jVyI7nvyB2HL8iZyJEcupw4AV81P9w.woff2'}",sans-serif,webfonts#webfont,https://fonts.gstatic.com/s/gantari/v4/jVyV7nvyB2HL8iZyDk4GVvSZ5MtC9g0gOg3xYZA.woff2,"[{'tag': 'wght', 'start': 100, 'end': 900}]",,567,2025,recent_12m,True,True,9,{'wght'},1,False,False,False,2,False,False,False
Bona Nova SC,"['regular', 'italic', '700']","['cyrillic', 'cyrillic-ext', 'greek', 'hebrew', 'latin', 'latin-ext', 'vietnamese']",v1,2025-05-30,"{'regular': 'https://fonts.gstatic.com/s/bonanovasc/v1/mem5YaShyGWDiYdPG_c1Af4-UOJoCqeDjg.woff2', 'italic': 'https://fonts.gstatic.com/s/bonanovasc/v1/memnYaShyGWDiYdPG_c1Af4OV-hpKKKTjrPW.woff2', '700': 'https://fonts.gstatic.com/s/bonanovasc/v1/memmYaShyGWDiYdPG_c1Af4G6c1MB4yfh6rPXA.woff2'}",serif,webfonts#webfont,https://fonts.gstatic.com/s/bonanovasc/v1/mem5YaShyGWDiYdPG_c1Af4OVOhp.woff2,,,568,2025,older,True,False,2,set(),0,False,False,False,7,False,False,False
Special Gothic Expanded One,['regular'],"['latin', 'latin-ext']",v2,2025-04-23,{'regular': 'https://fonts.gstatic.com/s/specialgothicexpandedone/v2/IurO6Zxk74-YaYk1r3HOet4g75ENmBxUmOK61tA0Iu5gmpt-KhUVvQ.woff2'},sans-serif,webfonts#webfont,https://fonts.gstatic.com/s/specialgothicexpandedone/v2/IurO6Zxk74-YaYk1r3HOet4g75ENmBxUmOK61tA0Iu5QnpF_.woff2,,,569,2025,older,False,False,1,set(),0,False,False,False,2,False,False,False
Inria Serif,"['300', '300italic', 'regular', 'italic', '700', '700italic']","['latin', 'latin-ext']",v18,2025-09-11,"{'300': 'https://fonts.gstatic.com/s/inriaserif/v18/fC14PYxPY3rXxEndZJAzN3wAVQjAhFyta3xN.woff2', '300italic': 'https://fonts.gstatic.com/s/inriaserif/v18/fC16PYxPY3rXxEndZJAzN3SuT4THjl2PbmxN0_E.woff2', 'regular': 'https://fonts.gstatic.com/s/inriaserif/v18/fC1lPYxPY3rXxEndZJAzN0SpfSzNr0Ck.woff2', 'italic': 'https://fonts.gstatic.com/s/inriaserif/v18/fC1nPYxPY3rXxEndZJAzN3Sudy3vqlCkcmU.woff2', '700': 'https://fonts.gstatic.com/s/inriaserif/v18/fC14PYxPY3rXxEndZJAzN3wQUgjAhFyta3xN.woff2', '700italic': 'https://fonts.gstatic.com/s/inriaserif/v18/fC16PYxPY3rXxEndZJAzN3SuT5TAjl2PbmxN0_E.woff2'}",serif,webfonts#webfont,https://fonts.gstatic.com/s/inriaserif/v18/fC1lPYxPY3rXxEndZJAzN3Stdy0.woff2,,,570,2025,recent_12m,True,False,3,set(),0,False,False,False,2,False,False,False
K2D,"['100', '100italic', '200', '200italic', '300', '300italic', 'regular', 'italic', '500', '500italic', '600', '600italic', '700', '700italic', '800', '800italic']","['latin', 'latin-ext', 'thai', 'vietnamese']",v13,2025-09-11,"{'100': 'https://fonts.gstatic.com/s/k2d/v13/J7aRnpF2V0ErE6UsvrIw74NL.woff2', '100italic': 'https://fonts.gstatic.com/s/k2d/v13/J7afnpF2V0EjdZ1NtLMS6pNLAjk.woff2', '200': 'https://fonts.gstatic.com/s/k2d/v13/J7aenpF2V0Erv4QJkZw85ppSGw.woff2', '200italic': 'https://fonts.gstatic.com/s/k2d/v13/J7acnpF2V0EjdZ3hlZY9xJ9CGyAa.woff2', '300': 'https://fonts.gstatic.com/s/k2d/v13/J7aenpF2V0Er24cJkZw85ppSGw.woff2', '300italic': 'https://fonts.gstatic.com/s/k2d/v13/J7acnpF2V0EjdZ2FlpY9xJ9CGyAa.woff2', 'regular': 'https://fonts.gstatic.com/s/k2d/v13/J7aTnpF2V0ETcq8tnLcg7w.woff2', 'italic': 'https://fonts.gstatic.com/s/k2d/v13/J7aRnpF2V0EjdaUsvrIw74NL.woff2', '500': 'https://fonts.gstatic.com/s/k2d/v13/J7aenpF2V0Erg4YJkZw85ppSGw.woff2', '500italic': 'https://fonts.gstatic.com/s/k2d/v13/J7acnpF2V0EjdZ3dl5Y9xJ9CGyAa.woff2', '600': 'https://fonts.gstatic.com/s/k2d/v13/J7aenpF2V0Err4EJkZw85ppSGw.woff2', '600italic': 'https://fonts.gstatic.com/s/k2d/v13/J7acnpF2V0EjdZ3xkJY9xJ9CGyAa.woff2', '700': 'https://fonts.gstatic.com/s/k2d/v13/J7aenpF2V0Ery4AJkZw85ppSGw.woff2', '700italic': 'https://fonts.gstatic.com/s/k2d/v13/J7acnpF2V0EjdZ2VkZY9xJ9CGyAa.woff2', '800': 'https://fonts.gstatic.com/s/k2d/v13/J7aenpF2V0Er14MJkZw85ppSGw.woff2', '800italic': 'https://fonts.gstatic.com/s/k2d/v13/J7acnpF2V0EjdZ2JkpY9xJ9CGyAa.woff2'}",sans-serif,webfonts#webfont,https://fonts.gstatic.com/s/k2d/v13/J7aTnpF2V0EjdqUs.woff2,,,571,2025,recent_12m,True,False,8,set(),0,False,False,False,4,False,False,False
Glory,"['regular', 'italic']","['latin', 'latin-ext', 'vietnamese']",v18,2025-09-10,"{'regular': 'https://fonts.gstatic.com/s/glory/v18/q5uJsoi9Lf1w5sfKkC1gAgxd.woff2', 'italic': 'https://fonts.gstatic.com/s/glory/v18/q5uHsoi9Lf1w5vfNmixCBxxdmYU.woff2'}",sans-serif,webfonts#webfont,https://fonts.gstatic.com/s/glory/v18/q5uasoi9Lf1w5t3Est24nq9blIRQwImzp3Wc.woff2,"[{'tag': 'wght', 'start': 100, 'end': 800}]",,572,2025,recent_12m,True,True,8,{'wght'},1,False,False,False,3,False,False,False
Big Shoulders,['regular'],"['latin', 'latin-ext', 'vietnamese']",v4,2025-09-02,{'regular': 'https://fonts.gstatic.com/s/bigshoulders/v4/qFdC35CPh40oITJ69S3GFqy54hoij1I7LLE.woff2'},display,webfonts#webfont,https://fonts.gstatic.com/s/bigshoulders/v4/qFdk35CPh40oITJ69S3GFqy5-BQAcbz7z7beObrv_PytqyTi33thrko9SOPNAdk0.woff2,"[{'tag': 'opsz', 'start': 10, 'end': 72}, {'tag': 'wght', 'start': 100, 'end': 900}]",,573,2025,recent_12m,False,True,9,"{'opsz', 'wght'}",2,False,False,True,3,False,False,False
Fredericka the Great,['regular'],"['latin', 'latin-ext']",v23,2025-09-16,{'regular': 'https://fonts.gstatic.com/s/frederickathegreat/v23/9Bt33CxNwt7aOctW2xjbCstzwVKsIBVV-9Shz7Ylch2L.woff2'},display,webfonts#webfont,https://fonts.gstatic.com/s/frederickathegreat/v23/9Bt33CxNwt7aOctW2xjbCstzwVKsIBVV--Slxbc.woff2,,,574,2025,recent_12m,False,False,1,set(),0,False,False,False,2,False,False,False
Karma,"['300', 'regular', '500', '600', '700']","['devanagari', 'latin', 'latin-ext']",v18,2025-09-08,"{'300': 'https://fonts.gstatic.com/s/karma/v18/va9F4kzAzMZRGLjDY8Z6uqzGQC_-.woff2', 'regular': 'https://fonts.gstatic.com/s/karma/v18/va9I4kzAzMZRGIBqS-J3kbDP.woff2', '500': 'https://fonts.gstatic.com/s/karma/v18/va9F4kzAzMZRGLibYsZ6uqzGQC_-.woff2', '600': 'https://fonts.gstatic.com/s/karma/v18/va9F4kzAzMZRGLi3ZcZ6uqzGQC_-.woff2', '700': 'https://fonts.gstatic.com/s/karma/v18/va9F4kzAzMZRGLjTZMZ6uqzGQC_-.woff2'}",serif,webfonts#webfont,https://fonts.gstatic.com/s/karma/v18/va9I4kzAzMZRGLBuQeM.woff2,,,575,2025,recent_12m,False,False,5,set(),0,False,False,False,3,False,False,False
Spinnaker,['regular'],"['latin', 'latin-ext']",v21,2025-09-05,{'regular': 'https://fonts.gstatic.com/s/spinnaker/v21/w8gYH2oyX-I0_rvR6Hmn2XwLqOqSBg.woff2'},sans-serif,webfonts#webfont,https://fonts.gstatic.com/s/spinnaker/v21/w8gYH2oyX-I0_rvR6HmX3XYK.woff2,,,576,2025,recent_12m,False,False,1,set(),0,False,False,False,2,False,False,False
Suez One,['regular'],"['hebrew', 'latin', 'latin-ext']",v15,2025-09-08,{'regular': 'https://fonts.gstatic.com/s/suezone/v15/taiJGmd_EZ6rqscQgNFMkIqg-I0w.woff2'},serif,webfonts#webfont,https://fonts.gstatic.com/s/suezone/v15/taiJGmd_EZ6rqscQgOFImos.woff2,,,577,2025,recent_12m,False,False,1,set(),0,False,False,False,3,False,False,False
Lexend Exa,['regular'],"['latin', 'latin-ext', 'vietnamese']",v35,2025-09-08,{'regular': 'https://fonts.gstatic.com/s/lexendexa/v35/UMBXrPdOoHOnxExyjdBeWi_XArM58BY.woff2'},sans-serif,webfonts#webfont,https://fonts.gstatic.com/s/lexendexa/v35/UMBCrPdOoHOnxExyjdBeQCH18mulUxBvI9r7TpbGFp4.woff2,"[{'tag': 'wght', 'start': 100, 'end': 900}]",,578,2025,recent_12m,False,True,9,{'wght'},1,False,False,False,3,False,False,False
Aclonica,['regular'],"['latin', 'latin-ext']",v25,2025-09-08,{'regular': 'https://fonts.gstatic.com/s/aclonica/v25/K2FyfZJVlfNNSEBXGb7WCI6oBjLz.woff2'},sans-serif,webfonts#webfont,https://fonts.gstatic.com/s/aclonica/v25/K2FyfZJVlfNNSEBXGY7SAo8.woff2,,,579,2025,recent_12m,False,False,1,set(),0,False,False,False,2,False,False,False
Geo,"['regular', 'italic']",['latin'],v23,2025-09-16,"{'regular': 'https://fonts.gstatic.com/s/geo/v23/CSRz4zRZlufVKnBmQjlCbQ.woff2', 'italic': 'https://fonts.gstatic.com/s/geo/v23/CSRx4zRZluflLXpnYDxSbf8r.woff2'}",sans-serif,webfonts#webfont,https://fonts.gstatic.com/s/geo/v23/CSRz4zRZluflLnpn.woff2,,,580,2025,recent_12m,True,False,1,set(),0,False,False,False,1,False,False,False
Tiro Bangla,"['regular', 'italic']","['bengali', 'latin', 'latin-ext']",v8,2026-06-29,"{'regular': 'https://fonts.gstatic.com/s/tirobangla/v8/IFSgHe1Tm95E3O8b5i2V8MG4-UPeuz4i.woff2', 'italic': 'https://fonts.gstatic.com/s/tirobangla/v8/IFSiHe1Tm95E3O8b5i2V8PG_80L8vi4imBM.woff2'}",serif,webfonts#webfont,https://fonts.gstatic.com/s/tirobangla/v8/IFSgHe1Tm95E3O8b5i2V8PG880I.woff2,,,581,2026,recent_12m,True,False,1,set(),0,False,False,False,3,False,False,False
Baloo Da 2,['regular'],"['bengali', 'latin', 'latin-ext', 'vietnamese']",v26,2025-09-11,{'regular': 'https://fonts.gstatic.com/s/balooda2/v26/2-ci9J9j0IaUMQZwAJyJcuvXoZFDf2Q.woff2'},display,webfonts#webfont,https://fonts.gstatic.com/s/balooda2/v26/2-c39J9j0IaUMQZwAJyJaOX1UUnf3GLnYjALsQNf7Zc.woff2,"[{'tag': 'wght', 'start': 400, 'end': 800}]",,582,2025,recent_12m,False,True,5,{'wght'},1,False,False,False,4,False,False,False
AR One Sans,['regular'],"['latin', 'latin-ext', 'vietnamese']",v6,2025-09-16,{'regular': 'https://fonts.gstatic.com/s/aronesans/v6/TUZ0zwhrmbFp0Srr_tH6fuSfU5EP1H3r.woff2'},sans-serif,webfonts#webfont,https://fonts.gstatic.com/s/aronesans/v6/TUZezwhrmbFp0Srr_tH6fv6RcUejHO_u7GF5aXfv-U2QzBLF6gslWn_9PWw9nw.woff2,"[{'tag': 'ARRR', 'start': 10, 'end': 60}, {'tag': 'wght', 'start': 400, 'end': 700}]",,583,2025,recent_12m,False,True,4,"{'wght', 'ARRR'}",2,False,False,False,3,False,False,False
Faster One,['regular'],"['latin', 'latin-ext']",v20,2025-09-16,{'regular': 'https://fonts.gstatic.com/s/fasterone/v20/H4ciBXCHmdfClFb-vWhfyL6Shq63czE.woff2'},display,webfonts#webfont,https://fonts.gstatic.com/s/fasterone/v20/H4ciBXCHmdfClFb-vWhf-LqYhw.woff2,,,584,2025,recent_12m,False,False,1,set(),0,False,False,False,2,False,False,False
Vina Sans,['regular'],"['latin', 'latin-ext', 'vietnamese']",v8,2025-09-05,{'regular': 'https://fonts.gstatic.com/s/vinasans/v8/m8JQjfZKf6-d2273MP7zdZ5BZmqa3A.woff2'},display,webfonts#webfont,https://fonts.gstatic.com/s/vinasans/v8/m8JQjfZKf6-d2273MP7DcZRA.woff2,,,585,2025,recent_12m,False,False,1,set(),0,False,False,False,3,False,False,False
Zalando Sans,"['regular', 'italic']","['latin', 'latin-ext', 'vietnamese']",v3,2026-04-02,"{'regular': 'https://fonts.gstatic.com/s/zalandosans/v3/FwZc7-Asy1Em_lq_aK3hpr-LoGm6_K7bkA.woff2', 'italic': 'https://fonts.gstatic.com/s/zalandosans/v3/FwZC7-Asy1Em_lq_aK3hpr-7p2O73qvLkHqt.woff2'}",sans-serif,webfonts#webfont,https://fonts.gstatic.com/s/zalandosans/v3/FwZ67-Asy1Em_lq_aK3hpr-RrktWHD54lnesO2lsVvrnhgw8zPbXoT87PwkSa0I.woff2,"[{'tag': 'wdth', 'start': 75, 'end': 125}, {'tag': 'wght', 'start': 200, 'end': 900}]",,586,2026,recent_12m,True,True,8,"{'wdth', 'wght'}",2,True,False,False,3,False,False,False
Azeret Mono,"['regular', 'italic']","['latin', 'latin-ext']",v21,2025-09-05,"{'regular': 'https://fonts.gstatic.com/s/azeretmono/v21/3XFuErsiyJsY9O_Gepph-EHjb_jU3eRL.woff2', 'italic': 'https://fonts.gstatic.com/s/azeretmono/v21/3XFsErsiyJsY9O_Gepph-HHkZfn22PRLd0U.woff2'}",monospace,webfonts#webfont,https://fonts.gstatic.com/s/azeretmono/v21/3XF5ErsiyJsY9O_Gepph-FvtTQgMQUdNekSfnPVR07yb.woff2,"[{'tag': 'wght', 'start': 100, 'end': 900}]",,587,2025,recent_12m,True,True,9,{'wght'},1,False,False,False,2,False,False,False
Kameron,['regular'],"['latin', 'latin-ext']",v18,2025-09-05,{'regular': 'https://fonts.gstatic.com/s/kameron/v18/vm82dR7vXErQxuznsLswL-XIYH8.woff2'},serif,webfonts#webfont,https://fonts.gstatic.com/s/kameron/v18/vm8pdR7vXErQxuznqrUS3z1Uw3nq4Ne3cYcat5I.woff2,"[{'tag': 'wght', 'start': 400, 'end': 700}]",,588,2025,recent_12m,False,True,4,{'wght'},1,False,False,False,2,False,False,False
Quintessential,['regular'],"['latin', 'latin-ext']",v24,2025-09-11,{'regular': 'https://fonts.gstatic.com/s/quintessential/v24/fdNn9sOGq31Yjnh3qWU14DdtjY51S7kmAyxM.woff2'},handwriting,webfonts#webfont,https://fonts.gstatic.com/s/quintessential/v24/fdNn9sOGq31Yjnh3qWU14Ddtjb5xQbg.woff2,,,589,2025,recent_12m,False,False,1,set(),0,False,False,False,2,False,False,False
Judson,"['regular', 'italic', '700']","['latin', 'latin-ext', 'vietnamese']",v20,2025-09-11,"{'regular': 'https://fonts.gstatic.com/s/judson/v20/FeVRS0Fbvbc14VxRCrN01bV7kg.woff2', 'italic': 'https://fonts.gstatic.com/s/judson/v20/FeVTS0Fbvbc14VxhDbl197BrknZf.woff2', '700': 'https://fonts.gstatic.com/s/judson/v20/FeVSS0Fbvbc14Vxps5xQ2J5nm29Gww.woff2'}",serif,webfonts#webfont,https://fonts.gstatic.com/s/judson/v20/FeVRS0Fbvbc14VxhDrl1.woff2,,,590,2025,recent_12m,True,False,2,set(),0,False,False,False,3,False,False,False
Laila,"['300', 'regular', '500', '600', '700']","['devanagari', 'latin', 'latin-ext']",v20,2025-06-25,"{'300': 'https://fonts.gstatic.com/s/laila/v20/LYjBdG_8nE8jDLzxogNFh14nVcfe.woff2', 'regular': 'https://fonts.gstatic.com/s/laila/v20/LYjMdG_8nE8jDIRYiidIrEIu.woff2', '500': 'https://fonts.gstatic.com/s/laila/v20/LYjBdG_8nE8jDLypowNFh14nVcfe.woff2', '600': 'https://fonts.gstatic.com/s/laila/v20/LYjBdG_8nE8jDLyFpANFh14nVcfe.woff2', '700': 'https://fonts.gstatic.com/s/laila/v20/LYjBdG_8nE8jDLzhpQNFh14nVcfe.woff2'}",serif,webfonts#webfont,https://fonts.gstatic.com/s/laila/v20/LYjMdG_8nE8jDLRcgCY.woff2,,,591,2025,older,False,False,5,set(),0,False,False,False,3,False,False,False
PT Serif Caption,"['regular', 'italic']","['cyrillic', 'cyrillic-ext', 'latin', 'latin-ext']",v18,2025-09-10,"{'regular': 'https://fonts.gstatic.com/s/ptserifcaption/v18/ieVl2ZhbGCW-JoW6S34pSDpqYKU059CxDCs5cvI.woff2', 'italic': 'https://fonts.gstatic.com/s/ptserifcaption/v18/ieVj2ZhbGCW-JoW6S34pSDpqYKU019e7DQk8YvJEeg.woff2'}",serif,webfonts#webfont,https://fonts.gstatic.com/s/ptserifcaption/v18/ieVl2ZhbGCW-JoW6S34pSDpqYKU019S7DQ.woff2,,,592,2025,recent_12m,True,False,1,set(),0,False,False,False,4,False,False,False
IBM Plex Sans KR,"['100', '200', '300', 'regular', '500', '600', '700']","['korean', 'latin', 'latin-ext']",v11,2025-09-08,"{'100': 'https://fonts.gstatic.com/s/ibmplexsanskr/v11/vEFM2-VJISZe3O_rc3ZVYh4aTwNOyra_WpzCpMrMfA.woff2', '200': 'https://fonts.gstatic.com/s/ibmplexsanskr/v11/vEFN2-VJISZe3O_rc3ZVYh4aTwNOyhqef7PsqMPVZb4.woff2', '300': 'https://fonts.gstatic.com/s/ibmplexsanskr/v11/vEFN2-VJISZe3O_rc3ZVYh4aTwNOyn6df7PsqMPVZb4.woff2', 'regular': 'https://fonts.gstatic.com/s/ibmplexsanskr/v11/vEFK2-VJISZe3O_rc3ZVYh4aTwNO8te1W77HtMo.woff2', '500': 'https://fonts.gstatic.com/s/ibmplexsanskr/v11/vEFN2-VJISZe3O_rc3ZVYh4aTwNOyiacf7PsqMPVZb4.woff2', '600': 'https://fonts.gstatic.com/s/ibmplexsanskr/v11/vEFN2-VJISZe3O_rc3ZVYh4aTwNOygqbf7PsqMPVZb4.woff2', '700': 'https://fonts.gstatic.com/s/ibmplexsanskr/v11/vEFN2-VJISZe3O_rc3ZVYh4aTwNOym6af7PsqMPVZb4.woff2'}",sans-serif,webfonts#webfont,https://fonts.gstatic.com/s/ibmplexsanskr/v11/vEFK2-VJISZe3O_rc3ZVYh4aTwNOwtO_Wg.woff2,,,593,2025,recent_12m,False,False,7,set(),0,False,False,False,3,True,False,False
Averia Libre,"['300', '300italic', 'regular', 'italic', '700', '700italic']",['latin'],v16,2025-05-30,"{'300': 'https://fonts.gstatic.com/s/averialibre/v16/2V0FKIcMGZEnV6xygz7eNjEarovtak7t-pQgTw.woff2', '300italic': 'https://fonts.gstatic.com/s/averialibre/v16/2V0HKIcMGZEnV6xygz7eNjESAJFhbUTs2JEwT4Sk.woff2', 'regular': 'https://fonts.gstatic.com/s/averialibre/v16/2V0aKIcMGZEnV6xygz7eNjEiB6PJZ2Xx8w.woff2', 'italic': 'https://fonts.gstatic.com/s/averialibre/v16/2V0EKIcMGZEnV6xygz7eNjESAKnIRWDh8405.woff2', '700': 'https://fonts.gstatic.com/s/averialibre/v16/2V0FKIcMGZEnV6xygz7eNjEavoztak7t-pQgTw.woff2', '700italic': 'https://fonts.gstatic.com/s/averialibre/v16/2V0HKIcMGZEnV6xygz7eNjESAJFxakTs2JEwT4Sk.woff2'}",display,webfonts#webfont,https://fonts.gstatic.com/s/averialibre/v16/2V0aKIcMGZEnV6xygz7eNjESA6nI.woff2,,,594,2025,older,True,False,3,set(),0,False,False,False,1,False,False,False
Candal,['regular'],['latin'],v16,2025-09-10,{'regular': 'https://fonts.gstatic.com/s/candal/v16/XoHn2YH6T7-t_8cNBB4Jt9Yxlw.woff2'},sans-serif,webfonts#webfont,https://fonts.gstatic.com/s/candal/v16/XoHn2YH6T7-t_8c9ABQI.woff2,,,595,2025,recent_12m,False,False,1,set(),0,False,False,False,1,False,False,False
Seaweed Script,['regular'],"['latin', 'latin-ext']",v17,2025-09-11,{'regular': 'https://fonts.gstatic.com/s/seaweedscript/v17/bx6cNx6Tne2pxOATYE8C_Rsoe0WM-KcGVbLW.woff2'},display,webfonts#webfont,https://fonts.gstatic.com/s/seaweedscript/v17/bx6cNx6Tne2pxOATYE8C_Rsoe3WI8qY.woff2,,,596,2025,recent_12m,False,False,1,set(),0,False,False,False,2,False,False,False
Bellefair,['regular'],"['hebrew', 'latin', 'latin-ext']",v15,2025-09-08,{'regular': 'https://fonts.gstatic.com/s/bellefair/v15/kJExBuYY6AAuhiXUxG19-vA2pOdvDA.woff2'},serif,webfonts#webfont,https://fonts.gstatic.com/s/bellefair/v15/kJExBuYY6AAuhiXUxG1N_vo3.woff2,,,597,2025,recent_12m,False,False,1,set(),0,False,False,False,3,False,False,False
Glegoo,"['regular', '700']","['devanagari', 'latin', 'latin-ext']",v17,2025-06-02,"{'regular': 'https://fonts.gstatic.com/s/glegoo/v17/_Xmt-HQyrTKWaw2JjqmZAI91xw.woff2', '700': 'https://fonts.gstatic.com/s/glegoo/v17/_Xmu-HQyrTKWaw2xN4a9DaRpzimMsg.woff2'}",serif,webfonts#webfont,https://fonts.gstatic.com/s/glegoo/v17/_Xmt-HQyrTKWaw25iqOY.woff2,,,598,2025,older,False,False,2,set(),0,False,False,False,3,False,False,False
Noto Sans Myanmar,['regular'],"['latin', 'latin-ext', 'myanmar']",v27,2026-01-20,{'regular': 'https://fonts.gstatic.com/s/notosansmyanmar/v27/AlZq_y1ZtY3ymOryg38hOCSdOnFq0Enz3OU4o1AC.woff2'},sans-serif,webfonts#webfont,https://fonts.gstatic.com/s/notosansmyanmar/v27/AlZU_y1ZtY3ymOryg38hOCSdOnFq0FP9_gnYM_ME0QeqLzz8-kqmtY3KLEbEGTOZptQRAA.woff2,"[{'tag': 'wdth', 'start': 62.5, 'end': 100}, {'tag': 'wght', 'start': 100, 'end': 900}]",,599,2026,recent_12m,False,True,9,"{'wdth', 'wght'}",2,True,False,False,3,False,False,False
Oranienbaum,['regular'],"['cyrillic', 'cyrillic-ext', 'latin', 'latin-ext']",v16,2025-09-10,{'regular': 'https://fonts.gstatic.com/s/oranienbaum/v16/OZpHg_txtzZKMuXLIVrx-3zi7kz3dpHc.woff2'},serif,webfonts#webfont,https://fonts.gstatic.com/s/oranienbaum/v16/OZpHg_txtzZKMuXLIVrx-0zm5E0.woff2,,,600,2025,recent_12m,False,False,1,set(),0,False,False,False,4,False,False,False
Norican,['regular'],"['latin', 'latin-ext']",v16,2025-09-16,{'regular': 'https://fonts.gstatic.com/s/norican/v16/MwQ2bhXp1eSBqjkPGJdRtGs-lbA.woff2'},handwriting,webfonts#webfont,https://fonts.gstatic.com/s/norican/v16/MwQ2bhXp1eSBqjkPKJNbtQ.woff2,,,601,2025,recent_12m,False,False,1,set(),0,False,False,False,2,False,False,False
Fragment Mono,"['regular', 'italic']","['cyrillic-ext', 'latin', 'latin-ext']",v6,2025-09-08,"{'regular': 'https://fonts.gstatic.com/s/fragmentmono/v6/4iCr6K5wfMRRjxp0DA6-2CLnN4FNh4UI_1U.woff2', 'italic': 'https://fonts.gstatic.com/s/fragmentmono/v6/4iC16K5wfMRRjxp0DA6-2CLnB4ZHhqcN71URtQ.woff2'}",monospace,webfonts#webfont,https://fonts.gstatic.com/s/fragmentmono/v6/4iCr6K5wfMRRjxp0DA6-2CLnB4VHhg.woff2,,,602,2025,recent_12m,True,False,1,set(),0,False,False,False,3,False,False,False
Pixelify Sans,['regular'],"['cyrillic', 'latin', 'latin-ext']",v3,2025-09-16,{'regular': 'https://fonts.gstatic.com/s/pixelifysans/v3/CHylV-3HFUT7aC4iv1TxGDR9Fn8OimlReJw.woff2'},display,webfonts#webfont,https://fonts.gstatic.com/s/pixelifysans/v3/CHy2V-3HFUT7aC4iv1TxGDR9DHEserHN25py2TTp0E1ZZZM.woff2,"[{'tag': 'wght', 'start': 400, 'end': 700}]",,603,2025,recent_12m,False,True,4,{'wght'},1,False,False,False,3,False,False,False
Alef,"['regular', '700']","['hebrew', 'latin']",v24,2025-09-05,"{'regular': 'https://fonts.gstatic.com/s/alef/v24/FeVfS0NQpLYgrjdbC5FxxbU.woff2', '700': 'https://fonts.gstatic.com/s/alef/v24/FeVQS0NQpLYglo50L5xa2bxii28.woff2'}",sans-serif,webfonts#webfont,https://fonts.gstatic.com/s/alef/v24/FeVfS0NQpLYgnjNRCg.woff2,,,604,2025,recent_12m,False,False,2,set(),0,False,False,False,2,False,False,False
Gowun Batang,"['regular', '700']","['korean', 'latin', 'latin-ext', 'vietnamese']",v12,2025-09-10,"{'regular': 'https://fonts.gstatic.com/s/gowunbatang/v12/ijwSs5nhRMIjYsdSgcMa3wRhWbH-yuAtLw.woff2', '700': 'https://fonts.gstatic.com/s/gowunbatang/v12/ijwNs5nhRMIjYsdSgcMa3wRZ4J7ax8sxJii23w.woff2'}",serif,webfonts#webfont,https://fonts.gstatic.com/s/gowunbatang/v12/ijwSs5nhRMIjYsdSgcMa3wRRXbv_.woff2,,,605,2025,recent_12m,False,False,2,set(),0,False,False,False,4,True,False,False
Cormorant Upright,"['300', 'regular', '500', '600', '700']","['latin', 'latin-ext', 'vietnamese']",v19,2025-09-16,"{'300': 'https://fonts.gstatic.com/s/cormorantupright/v19/VuJudM3I2Y35poFONtLdafkUCHw1y1N5phDpU9X6RPzQ.woff2', 'regular': 'https://fonts.gstatic.com/s/cormorantupright/v19/VuJrdM3I2Y35poFONtLdafkUCHw1y2vQjjTkeMnz.woff2', '500': 'https://fonts.gstatic.com/s/cormorantupright/v19/VuJudM3I2Y35poFONtLdafkUCHw1y1MhpxDpU9X6RPzQ.woff2', '600': 'https://fonts.gstatic.com/s/cormorantupright/v19/VuJudM3I2Y35poFONtLdafkUCHw1y1MNoBDpU9X6RPzQ.woff2', '700': 'https://fonts.gstatic.com/s/cormorantupright/v19/VuJudM3I2Y35poFONtLdafkUCHw1y1NpoRDpU9X6RPzQ.woff2'}",serif,webfonts#webfont,https://fonts.gstatic.com/s/cormorantupright/v19/VuJrdM3I2Y35poFONtLdafkUCHw1y1vUhDU.woff2,,,606,2025,recent_12m,False,False,5,set(),0,False,False,False,3,False,False,False
Trirong,"['100', '100italic', '200', '200italic', '300', '300italic', 'regular', 'italic', '500', '500italic', '600', '600italic', '700', '700italic', '800', '800italic', '900', '900italic']","['latin', 'latin-ext', 'thai', 'vietnamese']",v17,2025-09-11,"{'100': 'https://fonts.gstatic.com/s/trirong/v17/7r3EqXNgp8wxdOdOl-go2IRl6ujngw.woff2', '100italic': 'https://fonts.gstatic.com/s/trirong/v17/7r3CqXNgp8wxdOdOn44QuY5kyO33g8IY.woff2', '200': 'https://fonts.gstatic.com/s/trirong/v17/7r3DqXNgp8wxdOdOl0QJ_atL5uH-mts.woff2', '200italic': 'https://fonts.gstatic.com/s/trirong/v17/7r3BqXNgp8wxdOdOn44QFa9B58P7itsB5g.woff2', '300': 'https://fonts.gstatic.com/s/trirong/v17/7r3DqXNgp8wxdOdOlyAK_atL5uH-mts.woff2', '300italic': 'https://fonts.gstatic.com/s/trirong/v17/7r3BqXNgp8wxdOdOn44QcaxB58P7itsB5g.woff2', 'regular': 'https://fonts.gstatic.com/s/trirong/v17/7r3GqXNgp8wxdOdOr4ki2aZg-ug.woff2', 'italic': 'https://fonts.gstatic.com/s/trirong/v17/7r3EqXNgp8wxdOdOn44o2IRl6ujngw.woff2', '500': 'https://fonts.gstatic.com/s/trirong/v17/7r3DqXNgp8wxdOdOl3gL_atL5uH-mts.woff2', '500italic': 'https://fonts.gstatic.com/s/trirong/v17/7r3BqXNgp8wxdOdOn44QKa1B58P7itsB5g.woff2', '600': 'https://fonts.gstatic.com/s/trirong/v17/7r3DqXNgp8wxdOdOl1QM_atL5uH-mts.woff2', '600italic': 'https://fonts.gstatic.com/s/trirong/v17/7r3BqXNgp8wxdOdOn44QBapB58P7itsB5g.woff2', '700': 'https://fonts.gstatic.com/s/trirong/v17/7r3DqXNgp8wxdOdOlzAN_atL5uH-mts.woff2', '700italic': 'https://fonts.gstatic.com/s/trirong/v17/7r3BqXNgp8wxdOdOn44QYatB58P7itsB5g.woff2', '800': 'https://fonts.gstatic.com/s/trirong/v17/7r3DqXNgp8wxdOdOlywO_atL5uH-mts.woff2', '800italic': 'https://fonts.gstatic.com/s/trirong/v17/7r3BqXNgp8wxdOdOn44QfahB58P7itsB5g.woff2', '900': 'https://fonts.gstatic.com/s/trirong/v17/7r3DqXNgp8wxdOdOlwgP_atL5uH-mts.woff2', '900italic': 'https://fonts.gstatic.com/s/trirong/v17/7r3BqXNgp8wxdOdOn44QWalB58P7itsB5g.woff2'}",serif,webfonts#webfont,https://fonts.gstatic.com/s/trirong/v17/7r3GqXNgp8wxdOdOn40o2A.woff2,,,607,2025,recent_12m,True,False,9,set(),0,False,False,False,4,False,False,False
Sofia Sans Semi Condensed,"['regular', 'italic']","['cyrillic', 'cyrillic-ext', 'greek', 'latin', 'latin-ext']",v8,2025-09-10,"{'regular': 'https://fonts.gstatic.com/s/sofiasanssemicondensed/v8/46k9laPnUDrQoNsWDCGXXxYlujh5Wv0nwP4RwxURgWE-826XvcQ.woff2', 'italic': 'https://fonts.gstatic.com/s/sofiasanssemicondensed/v8/46k7laPnUDrQoNsWDCGXXxYlujh5Wv0nwP4RwxURsWY08kySrcQYvw.woff2'}",sans-serif,webfonts#webfont,https://fonts.gstatic.com/s/sofiasanssemicondensed/v8/46kOlaPnUDrQoNsWDCGXXxYlujh5Wv0nwP4RwxURm28cA7YLHsIVvoobEd9SE6k.woff2,"[{'tag': 'wght', 'start': 1, 'end': 1000}]",,608,2025,recent_12m,True,True,10,{'wght'},1,False,False,False,5,False,False,False
Caudex,"['regular', 'italic', '700', '700italic']","['greek', 'greek-ext', 'latin', 'latin-ext', 'runic', 'vietnamese']",v19,2025-09-05,"{'regular': 'https://fonts.gstatic.com/s/caudex/v19/esDQ311QOP6BJUrIz_iAnb4eEw.woff2', 'italic': 'https://fonts.gstatic.com/s/caudex/v19/esDS311QOP6BJUr4yPKBv7sOE4in.woff2', '700': 'https://fonts.gstatic.com/s/caudex/v19/esDT311QOP6BJUrwdtekkJUCGpG-GQ.woff2', '700italic': 'https://fonts.gstatic.com/s/caudex/v19/esDV311QOP6BJUr4yMo4kJ8DOJSuGdLB.woff2'}",serif,webfonts#webfont,https://fonts.gstatic.com/s/caudex/v19/esDQ311QOP6BJUr4y_KB.woff2,,,609,2025,recent_12m,True,False,2,set(),0,False,False,False,6,False,False,False
Lateef,"['200', '300', 'regular', '500', '600', '700', '800']","['arabic', 'latin', 'latin-ext']",v35,2025-09-16,"{'200': 'https://fonts.gstatic.com/s/lateef/v35/hESz6XVnNCxEvkb0bjyga6Tb9nQ-RA.woff2', '300': 'https://fonts.gstatic.com/s/lateef/v35/hESz6XVnNCxEvkb0Cj-ga6Tb9nQ-RA.woff2', 'regular': 'https://fonts.gstatic.com/s/lateef/v35/hESw6XVnNCxEvkbMoxeEZo_H_w.woff2', '500': 'https://fonts.gstatic.com/s/lateef/v35/hESz6XVnNCxEvkb0Uj6ga6Tb9nQ-RA.woff2', '600': 'https://fonts.gstatic.com/s/lateef/v35/hESz6XVnNCxEvkb0fjmga6Tb9nQ-RA.woff2', '700': 'https://fonts.gstatic.com/s/lateef/v35/hESz6XVnNCxEvkb0Gjiga6Tb9nQ-RA.woff2', '800': 'https://fonts.gstatic.com/s/lateef/v35/hESz6XVnNCxEvkb0Bjuga6Tb9nQ-RA.woff2'}",serif,webfonts#webfont,https://fonts.gstatic.com/s/lateef/v35/hESw6XVnNCxEvkb8px2F.woff2,,,610,2025,recent_12m,False,False,7,set(),0,False,False,False,3,False,False,False
Whisper,['regular'],"['latin', 'latin-ext', 'vietnamese']",v7,2025-09-10,{'regular': 'https://fonts.gstatic.com/s/whisper/v7/q5uHsoqtKftx74K9mixCBxxdmYU.woff2'},handwriting,webfonts#webfont,https://fonts.gstatic.com/s/whisper/v7/q5uHsoqtKftx74K9qihIBg.woff2,,,611,2025,recent_12m,False,False,1,set(),0,False,False,False,3,False,False,False
Telex,['regular'],"['latin', 'latin-ext']",v20,2026-06-30,{'regular': 'https://fonts.gstatic.com/s/telex/v20/ieVw2Y1fKWmIO9fWB1piKFIf.woff2'},sans-serif,webfonts#webfont,https://fonts.gstatic.com/s/telex/v20/ieVw2Y1fKWmIO-fSDVs.woff2,,,612,2026,recent_12m,False,False,1,set(),0,False,False,False,2,False,False,False
Share,"['regular', 'italic', '700', '700italic']","['latin', 'latin-ext']",v20,2025-09-08,"{'regular': 'https://fonts.gstatic.com/s/share/v20/i7dEIFliZjKNF5VIHLq2cV5d.woff2', 'italic': 'https://fonts.gstatic.com/s/share/v20/i7dKIFliZjKNF6VPFruUdE5dWFM.woff2', '700': 'https://fonts.gstatic.com/s/share/v20/i7dJIFliZjKNF63xM567WkJUQUq7.woff2', '700italic': 'https://fonts.gstatic.com/s/share/v20/i7dPIFliZjKNF6VPLgK7UEN2RFq7AwU.woff2'}",sans-serif,webfonts#webfont,https://fonts.gstatic.com/s/share/v20/i7dEIFliZjKNF6VMFrs.woff2,,,613,2025,recent_12m,True,False,2,set(),0,False,False,False,2,False,False,False
Cormorant Unicase,"['300', 'regular', '500', '600', '700']","['cyrillic', 'cyrillic-ext', 'latin', 'latin-ext', 'vietnamese']",v25,2025-09-10,"{'300': 'https://fonts.gstatic.com/s/cormorantunicase/v25/HI_ViZUaILtOqhqgDeXoF_n1_fTGX9N_tucq7Gy0DRzS.woff2', 'regular': 'https://fonts.gstatic.com/s/cormorantunicase/v25/HI_QiZUaILtOqhqgDeXoF_n1_fTGX-vWnsMnx3C9.woff2', '500': 'https://fonts.gstatic.com/s/cormorantunicase/v25/HI_ViZUaILtOqhqgDeXoF_n1_fTGX9Mnt-cq7Gy0DRzS.woff2', '600': 'https://fonts.gstatic.com/s/cormorantunicase/v25/HI_ViZUaILtOqhqgDeXoF_n1_fTGX9MLsOcq7Gy0DRzS.woff2', '700': 'https://fonts.gstatic.com/s/cormorantunicase/v25/HI_ViZUaILtOqhqgDeXoF_n1_fTGX9Nvsecq7Gy0DRzS.woff2'}",serif,webfonts#webfont,https://fonts.gstatic.com/s/cormorantunicase/v25/HI_QiZUaILtOqhqgDeXoF_n1_fTGX9vSlMI.woff2,,,614,2025,recent_12m,False,False,5,set(),0,False,False,False,5,False,False,False
Athiti,"['200', '300', 'regular', '500', '600', '700']","['latin', 'latin-ext', 'thai', 'vietnamese']",v14,2025-09-05,"{'200': 'https://fonts.gstatic.com/s/athiti/v14/pe0sMISdLIZIv1wAxDNyB_2-C99ycg.woff2', '300': 'https://fonts.gstatic.com/s/athiti/v14/pe0sMISdLIZIv1wAoDByB_2-C99ycg.woff2', 'regular': 'https://fonts.gstatic.com/s/athiti/v14/pe0vMISdLIZIv1w4CRhWCtaiAg.woff2', '500': 'https://fonts.gstatic.com/s/athiti/v14/pe0sMISdLIZIv1wA-DFyB_2-C99ycg.woff2', '600': 'https://fonts.gstatic.com/s/athiti/v14/pe0sMISdLIZIv1wA1DZyB_2-C99ycg.woff2', '700': 'https://fonts.gstatic.com/s/athiti/v14/pe0sMISdLIZIv1wAsDdyB_2-C99ycg.woff2'}",sans-serif,webfonts#webfont,https://fonts.gstatic.com/s/athiti/v14/pe0vMISdLIZIv1wIDRJX.woff2,,,615,2025,recent_12m,False,False,6,set(),0,False,False,False,4,False,False,False
Chiron GoRound TC,['regular'],"['chinese-traditional', 'cyrillic', 'cyrillic-ext', 'latin', 'latin-ext', 'vietnamese']",v4,2026-03-11,{'regular': 'https://fonts.gstatic.com/s/chirongoroundtc/v4/tss3AopDbiwZ4xauFDX3yQ3Ywoaj6llf8dMgPgBu.woff2'},sans-serif,webfonts#webfont,https://fonts.gstatic.com/s/chirongoroundtc/v4/tssEAopDbiwZ4xauFDX3yQ3Ywoaj6kNR0yP4oqNo8RKqbBq5HQUm.woff2,"[{'tag': 'wght', 'start': 200, 'end': 900}]",,616,2026,recent_12m,False,True,8,{'wght'},1,False,False,False,6,False,False,False
DotGothic16,['regular'],"['cyrillic', 'japanese', 'latin', 'latin-ext']",v21,2025-09-11,{'regular': 'https://fonts.gstatic.com/s/dotgothic16/v21/v6-QGYjBJFKgyw5nSoDAGE7O435YPFrT.woff2'},sans-serif,webfonts#webfont,https://fonts.gstatic.com/s/dotgothic16/v21/v6-QGYjBJFKgyw5nSoDAGH7K6X8.woff2,,,617,2025,recent_12m,False,False,1,set(),0,False,False,False,4,False,False,False
Balsamiq Sans,"['regular', 'italic', '700', '700italic']","['cyrillic', 'cyrillic-ext', 'latin', 'latin-ext']",v15,2025-09-08,"{'regular': 'https://fonts.gstatic.com/s/balsamiqsans/v15/P5sEzZiAbNrN8SB3lQQX7Pnc8dwdIYdNHzs.woff2', 'italic': 'https://fonts.gstatic.com/s/balsamiqsans/v15/P5sazZiAbNrN8SB3lQQX7PncwdsXIKVIDzvcXA.woff2', '700': 'https://fonts.gstatic.com/s/balsamiqsans/v15/P5sZzZiAbNrN8SB3lQQX7PncyWUyBYpmAzLFRQI.woff2', '700italic': 'https://fonts.gstatic.com/s/balsamiqsans/v15/P5sfzZiAbNrN8SB3lQQX7PncwdsvmYpsAhDAVQI4aA.woff2'}",display,webfonts#webfont,https://fonts.gstatic.com/s/balsamiqsans/v15/P5sEzZiAbNrN8SB3lQQX7PncwdgXIA.woff2,,,618,2025,recent_12m,True,False,2,set(),0,False,False,False,4,False,False,False
Niconne,['regular'],"['latin', 'latin-ext']",v16,2025-09-10,{'regular': 'https://fonts.gstatic.com/s/niconne/v16/w8gaH2QvRug1_rTfrQ6t2F4OuOo.woff2'},handwriting,webfonts#webfont,https://fonts.gstatic.com/s/niconne/v16/w8gaH2QvRug1_rTfnQqn2Q.woff2,,,619,2025,recent_12m,False,False,1,set(),0,False,False,False,2,False,False,False
Libre Barcode 39 Text,['regular'],['latin'],v32,2025-09-17,{'regular': 'https://fonts.gstatic.com/s/librebarcode39text/v32/sJoa3KhViNKANw_E3LwoDXvs5Un0HQ1vT-030BRL-9rYaw.woff2'},display,webfonts#webfont,https://fonts.gstatic.com/s/librebarcode39text/v32/sJoa3KhViNKANw_E3LwoDXvs5Un0HQ1vT-0H1B5K.woff2,,,620,2025,recent_12m,False,False,1,set(),0,False,False,False,1,False,False,False
Allison,['regular'],"['latin', 'latin-ext', 'vietnamese']",v13,2025-09-16,{'regular': 'https://fonts.gstatic.com/s/allison/v13/X7nl4b88AP2nkbvZOCOQ4MTgAgk.woff2'},handwriting,webfonts#webfont,https://fonts.gstatic.com/s/allison/v13/X7nl4b88AP2nkbvZCCea4Q.woff2,,,621,2025,recent_12m,False,False,1,set(),0,False,False,False,3,False,False,False
Anek Devanagari,['regular'],"['devanagari', 'latin', 'latin-ext']",v17,2025-09-16,{'regular': 'https://fonts.gstatic.com/s/anekdevanagari/v17/jVyS7nP0CGrUsxB-QiRgw0NlLaV38yfscRzoQA.woff2'},sans-serif,webfonts#webfont,https://fonts.gstatic.com/s/anekdevanagari/v17/jVyo7nP0CGrUsxB-QiRgw0NlLaVt_QUAkYxLRoCL23mlh20ZVHOMAWbgHLDtkt9mHEw.woff2,"[{'tag': 'wdth', 'start': 75, 'end': 125}, {'tag': 'wght', 'start': 100, 'end': 800}]",,622,2025,recent_12m,False,True,8,"{'wdth', 'wght'}",2,True,False,False,3,False,False,False
Bentham,['regular'],"['latin', 'latin-ext']",v20,2025-09-16,{'regular': 'https://fonts.gstatic.com/s/bentham/v20/VdGeAZQPEpYfmHglKWk7CJaK_y4.woff2'},serif,webfonts#webfont,https://fonts.gstatic.com/s/bentham/v20/VdGeAZQPEpYfmHglGW0xCQ.woff2,,,623,2025,recent_12m,False,False,1,set(),0,False,False,False,2,False,False,False
Brygada 1918,"['regular', 'italic']","['cyrillic', 'cyrillic-ext', 'greek', 'latin', 'latin-ext', 'vietnamese']",v27,2025-09-02,"{'regular': 'https://fonts.gstatic.com/s/brygada1918/v27/pe0pMI6eKpdGqlF5LANrM--aBvRue1UwVg.woff2', 'italic': 'https://fonts.gstatic.com/s/brygada1918/v27/pe03MI6eKpdGqlF5LANrM--qAf5vWVAgVol-.woff2'}",serif,webfonts#webfont,https://fonts.gstatic.com/s/brygada1918/v27/pe08MI6eKpdGqlF5LANrM--ACNaeo8mTUIR_y2-fyV4cug.woff2,"[{'tag': 'wght', 'start': 400, 'end': 700}]",,624,2025,recent_12m,True,True,4,{'wght'},1,False,False,False,6,False,False,False
Nobile,"['regular', 'italic', '500', '500italic', '700', '700italic']","['cyrillic', 'latin', 'latin-ext']",v19,2025-09-08,"{'regular': 'https://fonts.gstatic.com/s/nobile/v19/m8JTjflSeaOVl1i2W6fXeLVdbw.woff2', 'italic': 'https://fonts.gstatic.com/s/nobile/v19/m8JRjflSeaOVl1iGXK3WWrBNb3OD.woff2', '500': 'https://fonts.gstatic.com/s/nobile/v19/m8JQjflSeaOVl1iOqo7zdZ5BZmqa3A.woff2', '500italic': 'https://fonts.gstatic.com/s/nobile/v19/m8JWjflSeaOVl1iGXJUnc5RARG-K3Mud.woff2', '700': 'https://fonts.gstatic.com/s/nobile/v19/m8JQjflSeaOVl1iO4ojzdZ5BZmqa3A.woff2', '700italic': 'https://fonts.gstatic.com/s/nobile/v19/m8JWjflSeaOVl1iGXJVvdZRARG-K3Mud.woff2'}",sans-serif,webfonts#webfont,https://fonts.gstatic.com/s/nobile/v19/m8JTjflSeaOVl1iGX63W.woff2,,,625,2025,recent_12m,True,False,3,set(),0,False,False,False,3,False,False,False
Pattaya,['regular'],"['cyrillic', 'latin', 'latin-ext', 'thai', 'vietnamese']",v18,2025-09-08,{'regular': 'https://fonts.gstatic.com/s/pattaya/v18/ea8ZadcqV_zkHY-XNdWn92ZEmVs.woff2'},sans-serif,webfonts#webfont,https://fonts.gstatic.com/s/pattaya/v18/ea8ZadcqV_zkHY-XBdGt9g.woff2,,,626,2025,recent_12m,False,False,1,set(),0,False,False,False,5,False,False,False
Pathway Extreme,"['regular', 'italic']","['latin', 'latin-ext', 'vietnamese']",v7,2025-09-10,"{'regular': 'https://fonts.gstatic.com/s/pathwayextreme/v7/neITzCC3pJ0rsaH2_sD-QttXPfDVrFkarSqSwA.woff2', 'italic': 'https://fonts.gstatic.com/s/pathwayextreme/v7/neIRzCC3pJ0rsaH2_sD-QttXPfDlq1Mbjy-CwJUv.woff2'}",sans-serif,webfonts#webfont,https://fonts.gstatic.com/s/pathwayextreme/v7/neI6zCC3pJ0rsaH2_sD-QttXPfDPonvkQ-pxx5gufvP2VmLjiFyxGf8BLymNjYv2Oy6vkLmw4xak2N1FKiY2.woff2,"[{'tag': 'opsz', 'start': 8, 'end': 144}, {'tag': 'wdth', 'start': 75, 'end': 100}, {'tag': 'wght', 'start': 100, 'end': 900}]",,627,2025,recent_12m,True,True,9,"{'opsz', 'wdth', 'wght'}",3,True,False,True,3,False,False,False
Kosugi,['regular'],"['cyrillic', 'japanese', 'latin', 'latin-ext']",v19,2025-09-08,{'regular': 'https://fonts.gstatic.com/s/kosugi/v19/pxiFyp4_v8FCjlI4Mbr6f1pdEQ.woff2'},sans-serif,webfonts#webfont,https://fonts.gstatic.com/s/kosugi/v19/pxiFyp4_v8FCjlIINbD7.woff2,,,628,2025,recent_12m,False,False,1,set(),0,False,False,False,4,False,False,False
Cormorant SC,"['300', 'regular', '500', '600', '700']","['cyrillic', 'cyrillic-ext', 'latin', 'latin-ext', 'vietnamese']",v19,2025-09-10,"{'300': 'https://fonts.gstatic.com/s/cormorantsc/v19/0ybmGD4kxqXBmOVLG30OGwsmABIU-B3y8DOWGA.woff2', 'regular': 'https://fonts.gstatic.com/s/cormorantsc/v19/0yb5GD4kxqXBmOVLG30OGwseqTow9Tbu-Q.woff2', '500': 'https://fonts.gstatic.com/s/cormorantsc/v19/0ybmGD4kxqXBmOVLG30OGwsmWBMU-B3y8DOWGA.woff2', '600': 'https://fonts.gstatic.com/s/cormorantsc/v19/0ybmGD4kxqXBmOVLG30OGwsmdBQU-B3y8DOWGA.woff2', '700': 'https://fonts.gstatic.com/s/cormorantsc/v19/0ybmGD4kxqXBmOVLG30OGwsmEBUU-B3y8DOWGA.woff2'}",serif,webfonts#webfont,https://fonts.gstatic.com/s/cormorantsc/v19/0yb5GD4kxqXBmOVLG30OGwsurTAx.woff2,,,629,2025,recent_12m,False,False,5,set(),0,False,False,False,5,False,False,False
Nixie One,['regular'],['latin'],v17,2025-09-10,{'regular': 'https://fonts.gstatic.com/s/nixieone/v17/lW-8wjkKLXjg5y2o2uUoVeFzpS-yLw.woff2'},display,webfonts#webfont,https://fonts.gstatic.com/s/nixieone/v17/lW-8wjkKLXjg5y2o2uUYUety.woff2,,,630,2025,recent_12m,False,False,1,set(),0,False,False,False,1,False,False,False
Chivo Mono,"['regular', 'italic']","['latin', 'latin-ext', 'vietnamese']",v11,2025-09-10,"{'regular': 'https://fonts.gstatic.com/s/chivomono/v11/mFT0WbgRxKvF_Z5eQMO9sx0J1EJ7i90.woff2', 'italic': 'https://fonts.gstatic.com/s/chivomono/v11/mFT2WbgRxKvF_Z5eQMO9gxoD1WB-m91P3Q.woff2'}",monospace,webfonts#webfont,https://fonts.gstatic.com/s/chivomono/v11/mFThWbgRxKvF_Z5eQMO9qRMrJJrnKNtC3D7hr5fUIJk.woff2,"[{'tag': 'wght', 'start': 100, 'end': 900}]",,631,2025,recent_12m,True,True,9,{'wght'},1,False,False,False,3,False,False,False
Rancho,['regular'],['latin'],v22,2025-06-02,{'regular': 'https://fonts.gstatic.com/s/rancho/v22/46kulbzmXjLaqZRlaGXgd0RY1g.woff2'},handwriting,webfonts#webfont,https://fonts.gstatic.com/s/rancho/v22/46kulbzmXjLaqZRVbG_h.woff2,,,632,2025,older,False,False,1,set(),0,False,False,False,1,False,False,False
Grand Hotel,['regular'],"['latin', 'latin-ext']",v21,2025-09-08,{'regular': 'https://fonts.gstatic.com/s/grandhotel/v21/7Au7p_IgjDKdCRWuR1azpmQIEl0O0kEx.woff2'},handwriting,webfonts#webfont,https://fonts.gstatic.com/s/grandhotel/v21/7Au7p_IgjDKdCRWuR1azplQMGFw.woff2,,,633,2025,recent_12m,False,False,1,set(),0,False,False,False,2,False,False,False
BIZ UDPMincho,"['regular', '700']","['cyrillic', 'greek-ext', 'japanese', 'latin', 'latin-ext']",v11,2025-05-30,"{'regular': 'https://fonts.gstatic.com/s/bizudpmincho/v11/ypvfbXOBrmYppy7oWWTg1_58nh1YtUb0gZk.woff2', '700': 'https://fonts.gstatic.com/s/bizudpmincho/v11/ypvCbXOBrmYppy7oWWTg1_58pqR3kUvfnZAy57k.woff2'}",serif,webfonts#webfont,https://fonts.gstatic.com/s/bizudpmincho/v11/ypvfbXOBrmYppy7oWWTg1_58rhlStA.woff2,,,634,2025,older,False,False,2,set(),0,False,False,False,5,False,False,False
Annie Use Your Telescope,['regular'],"['latin', 'latin-ext']",v20,2025-09-10,{'regular': 'https://fonts.gstatic.com/s/annieuseyourtelescope/v20/daaLSS4tI2qYYl3Jq9s_Hu74xwktnlKxH6osGVGjkTfB3UUVZA.woff2'},handwriting,webfonts#webfont,https://fonts.gstatic.com/s/annieuseyourtelescope/v20/daaLSS4tI2qYYl3Jq9s_Hu74xwktnlKxH6osGVGTlT3A.woff2,,,635,2025,recent_12m,False,False,1,set(),0,False,False,False,2,False,False,False
Graduate,['regular'],['latin'],v19,2025-09-16,{'regular': 'https://fonts.gstatic.com/s/graduate/v19/C8cg4cs3o2n15t_2YxgU6X2NZAn2.woff2'},serif,webfonts#webfont,https://fonts.gstatic.com/s/graduate/v19/C8cg4cs3o2n15t_2YygQ43w.woff2,,,636,2025,recent_12m,False,False,1,set(),0,False,False,False,1,False,False,False
Major Mono Display,['regular'],"['latin', 'latin-ext', 'vietnamese']",v18,2025-09-02,{'regular': 'https://fonts.gstatic.com/s/majormonodisplay/v18/RWmVoLyb5fEqtsfBX9PDZIGr2tFubRhLD32QIndPww.woff2'},monospace,webfonts#webfont,https://fonts.gstatic.com/s/majormonodisplay/v18/RWmVoLyb5fEqtsfBX9PDZIGr2tFubRh7C3eR.woff2,,,637,2025,recent_12m,False,False,1,set(),0,False,False,False,3,False,False,False
Red Hat Mono,"['regular', 'italic']","['latin', 'latin-ext']",v16,2025-09-10,"{'regular': 'https://fonts.gstatic.com/s/redhatmono/v16/jVyN7nDnA2uf2zVvFAhhzEskWuZT_gzweA.woff2', 'italic': 'https://fonts.gstatic.com/s/redhatmono/v16/jVyT7nDnA2uf2zVvFAhhzEsUXexS3AngeAXx.woff2'}",monospace,webfonts#webfont,https://fonts.gstatic.com/s/redhatmono/v16/jVyY7nDnA2uf2zVvFAhhzEs-VMSjJpBTfgjwQV3Iy7DHuA.woff2,"[{'tag': 'wght', 'start': 300, 'end': 700}]",,638,2025,recent_12m,True,True,5,{'wght'},1,False,False,False,2,False,False,False
Silkscreen,"['regular', '700']","['latin', 'latin-ext']",v6,2025-09-08,"{'regular': 'https://fonts.gstatic.com/s/silkscreen/v6/m8JXjfVPf62XiF7kO-i9ULFvamODxdI.woff2', '700': 'https://fonts.gstatic.com/s/silkscreen/v6/m8JUjfVPf62XiF7kO-i9aAhATm6o2dudFvc.woff2'}",display,webfonts#webfont,https://fonts.gstatic.com/s/silkscreen/v6/m8JXjfVPf62XiF7kO-i9YLVlaw.woff2,,,639,2025,recent_12m,False,False,2,set(),0,False,False,False,2,False,False,False
Allerta Stencil,['regular'],['latin'],v24,2025-09-11,{'regular': 'https://fonts.gstatic.com/s/allertastencil/v24/HTx0L209KT-LmIE9N7OR6eiycOeF_jz313DuvQ.woff2'},sans-serif,webfonts#webfont,https://fonts.gstatic.com/s/allertastencil/v24/HTx0L209KT-LmIE9N7OR6eiycOe1-jb2.woff2,,,640,2025,recent_12m,False,False,1,set(),0,False,False,False,1,False,False,False
Nanum Brush Script,['regular'],"['korean', 'latin']",v26,2025-09-08,{'regular': 'https://fonts.gstatic.com/s/nanumbrushscript/v26/wXK2E2wfpokopxzthSqPbcR5_gVaxazyi6Br1lO97Q.woff2'},handwriting,webfonts#webfont,https://fonts.gstatic.com/s/nanumbrushscript/v26/wXK2E2wfpokopxzthSqPbcR5_gVaxazCj6pq.woff2,,,641,2025,recent_12m,False,False,1,set(),0,False,False,False,2,True,False,False
Noto Sans Meetei Mayek,['regular'],"['latin', 'latin-ext', 'meetei-mayek']",v20,2025-09-08,{'regular': 'https://fonts.gstatic.com/s/notosansmeeteimayek/v20/HTx9L3QyKieByqY9eZPFweO0be7M21uSphSdnKwpbrJN35k.woff2'},sans-serif,webfonts#webfont,https://fonts.gstatic.com/s/notosansmeeteimayek/v20/HTxAL3QyKieByqY9eZPFweO0be7M21uSphSdhqILnmrRfJ8t_1TJ_sTX7vk.woff2,"[{'tag': 'wght', 'start': 100, 'end': 900}]",,642,2025,recent_12m,False,True,9,{'wght'},1,False,False,False,3,False,False,False
Lacquer,['regular'],['latin'],v16,2025-09-11,{'regular': 'https://fonts.gstatic.com/s/lacquer/v16/EYqzma1QwqpG4_BBB7qAXhttQ5I.woff2'},display,webfonts#webfont,https://fonts.gstatic.com/s/lacquer/v16/EYqzma1QwqpG4_BBN76KXw.woff2,,,643,2025,recent_12m,False,False,1,set(),0,False,False,False,1,False,False,False
Hepta Slab,['regular'],"['latin', 'latin-ext', 'vietnamese']",v25,2025-09-05,{'regular': 'https://fonts.gstatic.com/s/heptaslab/v25/ea8cadoyU_jkHdalebHv02tvhVKUE3E.woff2'},serif,webfonts#webfont,https://fonts.gstatic.com/s/heptaslab/v25/ea8JadoyU_jkHdalebHvyWVNdYoIsHe5HvkV5wfaaZE.woff2,"[{'tag': 'wght', 'start': 1, 'end': 900}]",,644,2025,recent_12m,False,True,9,{'wght'},1,False,False,False,3,False,False,False
Radio Canada Big,"['regular', 'italic']","['latin', 'latin-ext']",v3,2025-09-16,"{'regular': 'https://fonts.gstatic.com/s/radiocanadabig/v3/LYjZdHrinEImAoQewU0hyTsPFra4eJGY8z6Np1k.woff2', 'italic': 'https://fonts.gstatic.com/s/radiocanadabig/v3/LYjfdHrinEImAoQewU0hyTsPFra4SJaS8hyIt1mcXg.woff2'}",sans-serif,webfonts#webfont,https://fonts.gstatic.com/s/radiocanadabig/v3/LYjUdHrinEImAoQewU0hyTsPFra4Yp-6A-YRBF-RX6nNRb3o0JY.woff2,"[{'tag': 'wght', 'start': 400, 'end': 700}]",,645,2025,recent_12m,True,True,4,{'wght'},1,False,False,False,2,False,False,False
Kristi,['regular'],['latin'],v23,2025-09-10,{'regular': 'https://fonts.gstatic.com/s/kristi/v23/uK_y4ricdeU6zwdRDx0TMv6EXw.woff2'},handwriting,webfonts#webfont,https://fonts.gstatic.com/s/kristi/v23/uK_y4ricdeU6zwdhCxcS.woff2,,,646,2025,recent_12m,False,False,1,set(),0,False,False,False,1,False,False,False
Knewave,['regular'],"['latin', 'latin-ext']",v15,2025-09-16,{'regular': 'https://fonts.gstatic.com/s/knewave/v15/sykz-yx0lLcxQaSItS-9-trEvlQ.woff2'},display,webfonts#webfont,https://fonts.gstatic.com/s/knewave/v15/sykz-yx0lLcxQaSIhSu3-w.woff2,,,647,2025,recent_12m,False,False,1,set(),0,False,False,False,2,False,False,False
Uncial Antiqua,['regular'],"['latin', 'latin-ext']",v22,2025-09-16,{'regular': 'https://fonts.gstatic.com/s/uncialantiqua/v22/N0bM2S5WOex4OUbESzoESK-i-PfUS5VBBSSF.woff2'},display,webfonts#webfont,https://fonts.gstatic.com/s/uncialantiqua/v22/N0bM2S5WOex4OUbESzoESK-i-MfQQZQ.woff2,,,648,2025,recent_12m,False,False,1,set(),0,False,False,False,2,False,False,False
DynaPuff,['regular'],"['cyrillic-ext', 'latin', 'latin-ext']",v9,2025-09-05,{'regular': 'https://fonts.gstatic.com/s/dynapuff/v9/z7NXdRvsZDIVHbYPMgxH_pjcTeWU.woff2'},display,webfonts#webfont,https://fonts.gstatic.com/s/dynapuff/v9/z7N5dRvsZDIVHbYPMhZJ3HQ83UaSu4uhr7-ZFeoYkgAr1x8RSxYu2YnhSA.woff2,"[{'tag': 'wdth', 'start': 75, 'end': 100}, {'tag': 'wght', 'start': 400, 'end': 700}]",,649,2025,recent_12m,False,True,4,"{'wdth', 'wght'}",2,True,False,False,3,False,False,False
Style Script,['regular'],"['latin', 'latin-ext', 'vietnamese']",v13,2025-09-10,{'regular': 'https://fonts.gstatic.com/s/stylescript/v13/vm8xdRX3SV7Z0aPa88xzW5npfVT76NZnMw.woff2'},handwriting,webfonts#webfont,https://fonts.gstatic.com/s/stylescript/v13/vm8xdRX3SV7Z0aPa88xzW5nZeV76.woff2,,,650,2025,recent_12m,False,False,1,set(),0,False,False,False,3,False,False,False
Mali,"['200', '200italic', '300', '300italic', 'regular', 'italic', '500', '500italic', '600', '600italic', '700', '700italic']","['latin', 'latin-ext', 'thai', 'vietnamese']",v13,2025-09-08,"{'200': 'https://fonts.gstatic.com/s/mali/v13/N0bV2SRONuN4QOLlKlFaJdbWgdY.woff2', '200italic': 'https://fonts.gstatic.com/s/mali/v13/N0bX2SRONuN4SCj8wlVQJPTTkdbJYA.woff2', '300': 'https://fonts.gstatic.com/s/mali/v13/N0bV2SRONuN4QIbmKlFaJdbWgdY.woff2', '300italic': 'https://fonts.gstatic.com/s/mali/v13/N0bX2SRONuN4SCj8plZQJPTTkdbJYA.woff2', 'regular': 'https://fonts.gstatic.com/s/mali/v13/N0ba2SRONuN4eC_ODlxxOd8.woff2', 'italic': 'https://fonts.gstatic.com/s/mali/v13/N0bU2SRONuN4SCjED350Kd_PmA.woff2', '500': 'https://fonts.gstatic.com/s/mali/v13/N0bV2SRONuN4QN7nKlFaJdbWgdY.woff2', '500italic': 'https://fonts.gstatic.com/s/mali/v13/N0bX2SRONuN4SCj8_ldQJPTTkdbJYA.woff2', '600': 'https://fonts.gstatic.com/s/mali/v13/N0bV2SRONuN4QPLgKlFaJdbWgdY.woff2', '600italic': 'https://fonts.gstatic.com/s/mali/v13/N0bX2SRONuN4SCj80lBQJPTTkdbJYA.woff2', '700': 'https://fonts.gstatic.com/s/mali/v13/N0bV2SRONuN4QJbhKlFaJdbWgdY.woff2', '700italic': 'https://fonts.gstatic.com/s/mali/v13/N0bX2SRONuN4SCj8tlFQJPTTkdbJYA.woff2'}",handwriting,webfonts#webfont,https://fonts.gstatic.com/s/mali/v13/N0ba2SRONuN4SCvEDw.woff2,,,651,2025,recent_12m,True,False,6,set(),0,False,False,False,4,False,False,False
Cantata One,['regular'],"['latin', 'latin-ext']",v16,2025-09-10,{'regular': 'https://fonts.gstatic.com/s/cantataone/v16/PlI5Fl60Nb5obNzNe2jslVxBt8CwfGaD.woff2'},serif,webfonts#webfont,https://fonts.gstatic.com/s/cantataone/v16/PlI5Fl60Nb5obNzNe2jslWxFvcE.woff2,,,652,2025,recent_12m,False,False,1,set(),0,False,False,False,2,False,False,False
Klee One,"['regular', '600']","['cyrillic', 'greek-ext', 'japanese', 'latin', 'latin-ext']",v13,2025-09-08,"{'regular': 'https://fonts.gstatic.com/s/kleeone/v13/LDIxapCLNRc6A8oT4q4FOeekWPrP.woff2', '600': 'https://fonts.gstatic.com/s/kleeone/v13/LDI2apCLNRc6A8oT4pbYF8Opc-bGkqIw.woff2'}",handwriting,webfonts#webfont,https://fonts.gstatic.com/s/kleeone/v13/LDIxapCLNRc6A8oT4p4BM-Y.woff2,,,653,2025,recent_12m,False,False,2,set(),0,False,False,False,5,False,False,False
Noto Sans Gurmukhi,['regular'],"['gurmukhi', 'latin', 'latin-ext']",v29,2025-09-05,{'regular': 'https://fonts.gstatic.com/s/notosansgurmukhi/v29/w8gHH3EvQP81sInb43inmyN9zZ7hb7AJYwdEAj--IQ.woff2'},sans-serif,webfonts#webfont,https://fonts.gstatic.com/s/notosansgurmukhi/v29/w8g9H3EvQP81sInb43inmyN9zZ7hb7ATbSWo4q8dJ74a3cVrYFQ_bogT0-gPeG1Oekbwbfo.woff2,"[{'tag': 'wdth', 'start': 62.5, 'end': 100}, {'tag': 'wght', 'start': 100, 'end': 900}]",,654,2025,recent_12m,False,True,9,"{'wdth', 'wght'}",2,True,False,False,3,False,False,False
Almendra,"['regular', 'italic', '700', '700italic']","['latin', 'latin-ext']",v28,2025-09-05,"{'regular': 'https://fonts.gstatic.com/s/almendra/v28/H4ckBXKAlMnTn0CskyY_wr-wg763.woff2', 'italic': 'https://fonts.gstatic.com/s/almendra/v28/H4ciBXKAlMnTn0CskxY4yL6Shq63czE.woff2', '700': 'https://fonts.gstatic.com/s/almendra/v28/H4cjBXKAlMnTn0Cskx6G7Zu9qKK-aihq.woff2', '700italic': 'https://fonts.gstatic.com/s/almendra/v28/H4chBXKAlMnTn0CskxY48Ae9oqOcbzhqDtg.woff2'}",serif,webfonts#webfont,https://fonts.gstatic.com/s/almendra/v28/H4ckBXKAlMnTn0CskxY7yL4.woff2,,,655,2025,recent_12m,True,False,2,set(),0,False,False,False,2,False,False,False
Young Serif,['regular'],"['latin', 'latin-ext']",v2,2025-05-30,{'regular': 'https://fonts.gstatic.com/s/youngserif/v2/3qTpojO2nS2VtkB3KtkQZ2t_1EcYaQ7F.woff2'},serif,webfonts#webfont,https://fonts.gstatic.com/s/youngserif/v2/3qTpojO2nS2VtkB3KtkQZ1t73kY.woff2,,,656,2025,older,False,False,1,set(),0,False,False,False,2,False,False,False
Markazi Text,['regular'],"['arabic', 'latin', 'latin-ext', 'vietnamese']",v28,2025-09-05,{'regular': 'https://fonts.gstatic.com/s/markazitext/v28/syk0-ydym6AtQaiEtX7yhqblo3-UJ1H6Uw.woff2'},serif,webfonts#webfont,https://fonts.gstatic.com/s/markazitext/v28/sykh-ydym6AtQaiEtX7yhqb_rV1k_81ZVYYZtfSQf4IvBA.woff2,"[{'tag': 'wght', 'start': 400, 'end': 700}]",,657,2025,recent_12m,False,True,4,{'wght'},1,False,False,False,4,False,False,False
Noto Sans Kannada,['regular'],"['kannada', 'latin', 'latin-ext']",v32,2026-03-03,{'regular': 'https://fonts.gstatic.com/s/notosanskannada/v32/8vIS7xs32H97qzQKnzfeXycxXZyUmz6hR47NCV5Z.woff2'},sans-serif,webfonts#webfont,https://fonts.gstatic.com/s/notosanskannada/v32/8vIs7xs32H97qzQKnzfeXycxXZyUmySvZWItmf1fe6TVmgop9ndpS-BqHEyGrDvN_SMGLw.woff2,"[{'tag': 'wdth', 'start': 62.5, 'end': 100}, {'tag': 'wght', 'start': 100, 'end': 900}]",,658,2026,recent_12m,False,True,9,"{'wdth', 'wght'}",2,True,False,False,3,False,False,False
Over the Rainbow,['regular'],"['latin', 'latin-ext']",v23,2025-09-02,{'regular': 'https://fonts.gstatic.com/s/overtherainbow/v23/11haGoXG1k_HKhMLUWz7Mc7vvW5upvam9NA2XG0.woff2'},handwriting,webfonts#webfont,https://fonts.gstatic.com/s/overtherainbow/v23/11haGoXG1k_HKhMLUWz7Mc7vvW5ulvKs9Q.woff2,,,659,2025,recent_12m,False,False,1,set(),0,False,False,False,2,False,False,False
Fondamento,"['regular', 'italic']","['latin', 'latin-ext']",v22,2025-09-05,"{'regular': 'https://fonts.gstatic.com/s/fondamento/v22/4UaHrEJGsxNmFTPDnkaJx6jj5pN1MwI.woff2', 'italic': 'https://fonts.gstatic.com/s/fondamento/v22/4UaFrEJGsxNmFTPDnkaJ96_p57FwIwJePw.woff2'}",handwriting,webfonts#webfont,https://fonts.gstatic.com/s/fondamento/v22/4UaHrEJGsxNmFTPDnkaJ96zp5w.woff2,,,660,2025,recent_12m,True,False,1,set(),0,False,False,False,2,False,False,False
Dawning of a New Day,['regular'],['latin'],v22,2025-09-16,{'regular': 'https://fonts.gstatic.com/s/dawningofanewday/v22/t5t_IQMbOp2SEwuncwLRjMfIg1yYit_nAz8ehWJGNoBE.woff2'},handwriting,webfonts#webfont,https://fonts.gstatic.com/s/dawningofanewday/v22/t5t_IQMbOp2SEwuncwLRjMfIg1yYit_nAw8aj2M.woff2,,,661,2025,recent_12m,False,False,1,set(),0,False,False,False,1,False,False,False
Lexend Peta,['regular'],"['latin', 'latin-ext', 'vietnamese']",v30,2025-09-11,{'regular': 'https://fonts.gstatic.com/s/lexendpeta/v30/BXRvvFPGjeLPh0kCfI4OkE_wc8Tf1IW3.woff2'},sans-serif,webfonts#webfont,https://fonts.gstatic.com/s/lexendpeta/v30/BXR4vFPGjeLPh0kCfI4OkFX-UTQHSCaxvBgR6SBCWlwv.woff2,"[{'tag': 'wght', 'start': 100, 'end': 900}]",,662,2025,recent_12m,False,True,9,{'wght'},1,False,False,False,3,False,False,False
Sarina,['regular'],"['latin', 'latin-ext']",v25,2025-09-16,{'regular': 'https://fonts.gstatic.com/s/sarina/v25/-F6wfjF3ITQwasLhK0DUriBQxw.woff2'},display,webfonts#webfont,https://fonts.gstatic.com/s/sarina/v25/-F6wfjF3ITQwasLRL0rV.woff2,,,663,2025,recent_12m,False,False,1,set(),0,False,False,False,2,False,False,False
Hina Mincho,['regular'],"['cyrillic', 'japanese', 'latin', 'latin-ext', 'vietnamese']",v16,2025-09-11,{'regular': 'https://fonts.gstatic.com/s/hinamincho/v16/2sDaZGBRhpXa2Jjz5w5LAGW5KbkVZTHR.woff2'},serif,webfonts#webfont,https://fonts.gstatic.com/s/hinamincho/v16/2sDaZGBRhpXa2Jjz5w5LAFW9I7g.woff2,,,664,2025,recent_12m,False,False,1,set(),0,False,False,False,5,False,False,False
Enriqueta,"['regular', '500', '600', '700']","['latin', 'latin-ext']",v19,2025-09-16,"{'regular': 'https://fonts.gstatic.com/s/enriqueta/v19/goksH6L7AUFrRvV44HVTTkCjkP1Yog.woff2', '500': 'https://fonts.gstatic.com/s/enriqueta/v19/gokpH6L7AUFrRvV44HVrv2mHndZEq6TTFw.woff2', '600': 'https://fonts.gstatic.com/s/enriqueta/v19/gokpH6L7AUFrRvV44HVrk26HndZEq6TTFw.woff2', '700': 'https://fonts.gstatic.com/s/enriqueta/v19/gokpH6L7AUFrRvV44HVr92-HndZEq6TTFw.woff2'}",serif,webfonts#webfont,https://fonts.gstatic.com/s/enriqueta/v19/goksH6L7AUFrRvV44HVjSkqi.woff2,,,665,2025,recent_12m,False,False,4,set(),0,False,False,False,2,False,False,False
Petit Formal Script,['regular'],"['latin', 'latin-ext']",v19,2025-09-10,{'regular': 'https://fonts.gstatic.com/s/petitformalscript/v19/B50TF6xQr2TXJBnGOFME6u5OR83oRP5qoHzqP4gZSiE.woff2'},handwriting,webfonts#webfont,https://fonts.gstatic.com/s/petitformalscript/v19/B50TF6xQr2TXJBnGOFME6u5OR83oRP5qkHjgPg.woff2,,,666,2025,recent_12m,False,False,1,set(),0,False,False,False,2,False,False,False
Bubblegum Sans,['regular'],"['latin', 'latin-ext']",v22,2025-09-02,{'regular': 'https://fonts.gstatic.com/s/bubblegumsans/v22/AYCSpXb_Z9EORv1M5QTjEzMEtdaCzoPPb7R4.woff2'},display,webfonts#webfont,https://fonts.gstatic.com/s/bubblegumsans/v22/AYCSpXb_Z9EORv1M5QTjEzMEteaGxII.woff2,,,667,2025,recent_12m,False,False,1,set(),0,False,False,False,2,False,False,False
Waiting for the Sunrise,['regular'],"['latin', 'latin-ext']",v23,2025-09-16,{'regular': 'https://fonts.gstatic.com/s/waitingforthesunrise/v23/WBL1rFvOYl9CEv2i1mO6KUW8RKWJ2zoXoz5JsYZV9h_ZYk5J.woff2'},handwriting,webfonts#webfont,https://fonts.gstatic.com/s/waitingforthesunrise/v23/WBL1rFvOYl9CEv2i1mO6KUW8RKWJ2zoXoz5JsbZR_B4.woff2,,,668,2025,recent_12m,False,False,1,set(),0,False,False,False,2,False,False,False
Alatsi,['regular'],"['cyrillic-ext', 'latin', 'latin-ext', 'vietnamese']",v14,2025-09-10,{'regular': 'https://fonts.gstatic.com/s/alatsi/v14/TK3iWkUJAxQ2nLNGGzUHte5fKg.woff2'},sans-serif,webfonts#webfont,https://fonts.gstatic.com/s/alatsi/v14/TK3iWkUJAxQ2nLN2Hz8G.woff2,,,669,2025,recent_12m,False,False,1,set(),0,False,False,False,4,False,False,False
Noto Emoji,['regular'],['emoji'],v62,2025-11-26,{'regular': 'https://fonts.gstatic.com/s/notoemoji/v62/bMrymSyK7YY-MEu6aWjPFMG4X3MKy2M.woff2'},sans-serif,webfonts#webfont,https://fonts.gstatic.com/s/notoemoji/v62/bMrnmSyK7YY-MEu6aWjPDs-ar6uWaGWuob-r0gwuQeA.woff2,"[{'tag': 'wght', 'start': 300, 'end': 700}]",,670,2025,recent_12m,False,True,5,{'wght'},1,False,False,False,1,False,False,False
Noto Serif Devanagari,['regular'],"['devanagari', 'latin', 'latin-ext']",v34,2025-09-11,{'regular': 'https://fonts.gstatic.com/s/notoserifdevanagari/v34/x3d-cl3IZKmUqiMk48ZHXJ5jwU-DZGRSaQ4diUWqKMxsKw.woff2'},serif,webfonts#webfont,https://fonts.gstatic.com/s/notoserifdevanagari/v34/x3dYcl3IZKmUqiMk48ZHXJ5jwU-DZGRSaQ4Hh2dGyFzPLcQPVbnRNeFsw0xRWb6uxTA-oz-GO0Y.woff2,"[{'tag': 'wdth', 'start': 62.5, 'end': 100}, {'tag': 'wght', 'start': 100, 'end': 900}]",,671,2025,recent_12m,False,True,9,"{'wdth', 'wght'}",2,True,False,False,3,False,False,False
Encode Sans Expanded,"['100', '200', '300', 'regular', '500', '600', '700', '800', '900']","['latin', 'latin-ext', 'vietnamese']",v15,2026-06-30,"{'100': 'https://fonts.gstatic.com/s/encodesansexpanded/v15/c4mx1mF4GcnstG_Jh1QH6ac4hNLeNyeYUpJGKQZicoAbJlw.woff2', '200': 'https://fonts.gstatic.com/s/encodesansexpanded/v15/c4mw1mF4GcnstG_Jh1QH6ac4hNLeNyeYUpLqCCNNXIwSP0XD.woff2', '300': 'https://fonts.gstatic.com/s/encodesansexpanded/v15/c4mw1mF4GcnstG_Jh1QH6ac4hNLeNyeYUpKOCyNNXIwSP0XD.woff2', 'regular': 'https://fonts.gstatic.com/s/encodesansexpanded/v15/c4m_1mF4GcnstG_Jh1QH6ac4hNLeNyeYUqonIwdAd5Ab.woff2', '500': 'https://fonts.gstatic.com/s/encodesansexpanded/v15/c4mw1mF4GcnstG_Jh1QH6ac4hNLeNyeYUpLWCiNNXIwSP0XD.woff2', '600': 'https://fonts.gstatic.com/s/encodesansexpanded/v15/c4mw1mF4GcnstG_Jh1QH6ac4hNLeNyeYUpL6DSNNXIwSP0XD.woff2', '700': 'https://fonts.gstatic.com/s/encodesansexpanded/v15/c4mw1mF4GcnstG_Jh1QH6ac4hNLeNyeYUpKeDCNNXIwSP0XD.woff2', '800': 'https://fonts.gstatic.com/s/encodesansexpanded/v15/c4mw1mF4GcnstG_Jh1QH6ac4hNLeNyeYUpKCDyNNXIwSP0XD.woff2', '900': 'https://fonts.gstatic.com/s/encodesansexpanded/v15/c4mw1mF4GcnstG_Jh1QH6ac4hNLeNyeYUpKmDiNNXIwSP0XD.woff2'}",sans-serif,webfonts#webfont,https://fonts.gstatic.com/s/encodesansexpanded/v15/c4m_1mF4GcnstG_Jh1QH6ac4hNLeNyeYUpojKQY.woff2,,,672,2026,recent_12m,False,False,9,set(),0,False,False,False,3,False,False,False
Calligraffitti,['regular'],['latin'],v20,2025-09-08,{'regular': 'https://fonts.gstatic.com/s/calligraffitti/v20/46k2lbT3XjDVqJw3DCmCFjE0vnFcM5ZBpYN-.woff2'},handwriting,webfonts#webfont,https://fonts.gstatic.com/s/calligraffitti/v20/46k2lbT3XjDVqJw3DCmCFjE0vkFYOZc.woff2,,,673,2025,recent_12m,False,False,1,set(),0,False,False,False,1,False,False,False
Chonburi,['regular'],"['latin', 'latin-ext', 'thai', 'vietnamese']",v14,2025-09-05,{'regular': 'https://fonts.gstatic.com/s/chonburi/v14/8AtqGs-wOpGRTBq66IWfFr3biAfZ.woff2'},display,webfonts#webfont,https://fonts.gstatic.com/s/chonburi/v14/8AtqGs-wOpGRTBq66LWbHLw.woff2,,,674,2025,recent_12m,False,False,1,set(),0,False,False,False,4,False,False,False
Spline Sans Mono,"['regular', 'italic']","['latin', 'latin-ext']",v13,2025-09-10,"{'regular': 'https://fonts.gstatic.com/s/splinesansmono/v13/R70BjzAei_CDNLfgZxrW6wrZOF2Wb5CTmW2a6l0.woff2', 'italic': 'https://fonts.gstatic.com/s/splinesansmono/v13/R70HjzAei_CDNLfgZxrW6wrZOF2WX5eZmE-f-l1AuQ.woff2'}",monospace,webfonts#webfont,https://fonts.gstatic.com/s/splinesansmono/v13/R70MjzAei_CDNLfgZxrW6wrZOF2WdZ6xabUGSVtNuGBiMotUwYY.woff2,"[{'tag': 'wght', 'start': 300, 'end': 700}]",,675,2025,recent_12m,True,True,5,{'wght'},1,False,False,False,2,False,False,False
Coming Soon,['regular'],['latin'],v20,2025-09-08,{'regular': 'https://fonts.gstatic.com/s/comingsoon/v20/qWcuB6mzpYL7AJ2VfdQR1u-XUjjzsykh.woff2'},handwriting,webfonts#webfont,https://fonts.gstatic.com/s/comingsoon/v20/qWcuB6mzpYL7AJ2VfdQR1t-TWDk.woff2,,,676,2025,recent_12m,False,False,1,set(),0,False,False,False,1,False,False,False
IM Fell English SC,['regular'],['latin'],v16,2025-05-30,{'regular': 'https://fonts.gstatic.com/s/imfellenglishsc/v16/a8IENpD3CDX-4zrWfr1VY879qFF05pZLPogOg0shzA.woff2'},serif,webfonts#webfont,https://fonts.gstatic.com/s/imfellenglishsc/v16/a8IENpD3CDX-4zrWfr1VY879qFF05pZ7OoIP.woff2,,,677,2025,older,False,False,1,set(),0,False,False,False,1,False,False,False
Schoolbell,['regular'],['latin'],v18,2025-05-30,{'regular': 'https://fonts.gstatic.com/s/schoolbell/v18/92zQtBZWOrcgoe-fgnJIVxcQ6mRqfiQ.woff2'},handwriting,webfonts#webfont,https://fonts.gstatic.com/s/schoolbell/v18/92zQtBZWOrcgoe-fgnJIZxMa6w.woff2,,,678,2025,older,False,False,1,set(),0,False,False,False,1,False,False,False
Alegreya SC,"['regular', 'italic', '500', '500italic', '700', '700italic', '800', '800italic', '900', '900italic']","['cyrillic', 'cyrillic-ext', 'greek', 'greek-ext', 'latin', 'latin-ext', 'vietnamese']",v28,2026-06-30,"{'regular': 'https://fonts.gstatic.com/s/alegreyasc/v28/taiOGmRtCJ62-O0HhNEa-a6t05E5abe_.woff2', 'italic': 'https://fonts.gstatic.com/s/alegreyasc/v28/taiMGmRtCJ62-O0HhNEa-Z6q2ZAbbKe_DGs.woff2', '500': 'https://fonts.gstatic.com/s/alegreyasc/v28/taiTGmRtCJ62-O0HhNEa-ZZc-rU0Qqu2FXKD.woff2', '500italic': 'https://fonts.gstatic.com/s/alegreyasc/v28/taiRGmRtCJ62-O0HhNEa-Z6q4WEySKqUEGKDBz4.woff2', '700': 'https://fonts.gstatic.com/s/alegreyasc/v28/taiTGmRtCJ62-O0HhNEa-ZYU_LU0Qqu2FXKD.woff2', '700italic': 'https://fonts.gstatic.com/s/alegreyasc/v28/taiRGmRtCJ62-O0HhNEa-Z6q4Sk0SKqUEGKDBz4.woff2', '800': 'https://fonts.gstatic.com/s/alegreyasc/v28/taiTGmRtCJ62-O0HhNEa-ZYI_7U0Qqu2FXKD.woff2', '800italic': 'https://fonts.gstatic.com/s/alegreyasc/v28/taiRGmRtCJ62-O0HhNEa-Z6q4TU3SKqUEGKDBz4.woff2', '900': 'https://fonts.gstatic.com/s/alegreyasc/v28/taiTGmRtCJ62-O0HhNEa-ZYs_rU0Qqu2FXKD.woff2', '900italic': 'https://fonts.gstatic.com/s/alegreyasc/v28/taiRGmRtCJ62-O0HhNEa-Z6q4RE2SKqUEGKDBz4.woff2'}",serif,webfonts#webfont,https://fonts.gstatic.com/s/alegreyasc/v28/taiOGmRtCJ62-O0HhNEa-Z6p2ZA.woff2,,,679,2026,recent_12m,True,False,5,set(),0,False,False,False,7,False,False,False
Rampart One,['regular'],"['cyrillic', 'japanese', 'latin', 'latin-ext']",v13,2025-09-05,{'regular': 'https://fonts.gstatic.com/s/rampartone/v13/K2F1fZFGl_JSR1tAWNG9R6qlLS76ZHOM.woff2'},display,webfonts#webfont,https://fonts.gstatic.com/s/rampartone/v13/K2F1fZFGl_JSR1tAWNG9R5qhJy8.woff2,,,680,2025,recent_12m,False,False,1,set(),0,False,False,False,4,False,False,False
Montagu Slab,['regular'],"['latin', 'latin-ext', 'vietnamese']",v17,2025-09-05,{'regular': 'https://fonts.gstatic.com/s/montaguslab/v17/6qLHKZIQtB_zv0xUaXRDWkYlE1nXaxIyYw.woff2'},serif,webfonts#webfont,https://fonts.gstatic.com/s/montaguslab/v17/6qLhKZIQtB_zv0xUaXRDWkY_HXsphdLRZF40vm_jzR2jhk_n3T6ACkDbEkP8HM8.woff2,"[{'tag': 'opsz', 'start': 16, 'end': 144}, {'tag': 'wght', 'start': 100, 'end': 700}]",,681,2025,recent_12m,False,True,7,"{'opsz', 'wght'}",2,False,False,True,3,False,False,False
Goudy Bookletter 1911,['regular'],['latin'],v21,2025-09-11,{'regular': 'https://fonts.gstatic.com/s/goudybookletter1911/v21/sykt-z54laciWfKv-kX8krex0jDiD2HbY6I5sBbXZ4IXAA.woff2'},serif,webfonts#webfont,https://fonts.gstatic.com/s/goudybookletter1911/v21/sykt-z54laciWfKv-kX8krex0jDiD2HbY6IJtBzW.woff2,,,682,2025,recent_12m,False,False,1,set(),0,False,False,False,1,False,False,False
Honk,['regular'],"['latin', 'latin-ext', 'math', 'symbols', 'vietnamese']",v6,2025-09-05,{'regular': 'https://fonts.gstatic.com/s/honk/v6/m8JdjftUea-X2zi8WoXSaLU.woff2'},display,webfonts#webfont,https://fonts.gstatic.com/s/honk/v6/m8J7jftUea-XwTaemClumrBQbmvynOmXBji9zFhHRr8WFgV7orFM.woff2,"[{'tag': 'MORF', 'start': 0, 'end': 45}, {'tag': 'SHLN', 'start': 0, 'end': 100}]",['COLRv1'],683,2025,recent_12m,False,True,1,"{'MORF', 'SHLN'}",2,False,False,False,5,False,False,False
IBM Plex Sans Hebrew,"['100', '200', '300', 'regular', '500', '600', '700']","['cyrillic-ext', 'hebrew', 'latin', 'latin-ext']",v12,2025-09-05,"{'100': 'https://fonts.gstatic.com/s/ibmplexsanshebrew/v12/BCa4qYENg9Kw1mpLpO0bGM5lfHAAZHhDXEXB-lgVqDaM7C4.woff2', '200': 'https://fonts.gstatic.com/s/ibmplexsanshebrew/v12/BCa5qYENg9Kw1mpLpO0bGM5lfHAAZHhDXEVt2306hjqF9Tc2.woff2', '300': 'https://fonts.gstatic.com/s/ibmplexsanshebrew/v12/BCa5qYENg9Kw1mpLpO0bGM5lfHAAZHhDXEUJ2H06hjqF9Tc2.woff2', 'regular': 'https://fonts.gstatic.com/s/ibmplexsanshebrew/v12/BCa2qYENg9Kw1mpLpO0bGM5lfHAAZHhDXH2g8Fk3rSaM.woff2', '500': 'https://fonts.gstatic.com/s/ibmplexsanshebrew/v12/BCa5qYENg9Kw1mpLpO0bGM5lfHAAZHhDXEVR2X06hjqF9Tc2.woff2', '600': 'https://fonts.gstatic.com/s/ibmplexsanshebrew/v12/BCa5qYENg9Kw1mpLpO0bGM5lfHAAZHhDXEV93n06hjqF9Tc2.woff2', '700': 'https://fonts.gstatic.com/s/ibmplexsanshebrew/v12/BCa5qYENg9Kw1mpLpO0bGM5lfHAAZHhDXEUZ3306hjqF9Tc2.woff2'}",sans-serif,webfonts#webfont,https://fonts.gstatic.com/s/ibmplexsanshebrew/v12/BCa2qYENg9Kw1mpLpO0bGM5lfHAAZHhDXE2k-lg.woff2,,,684,2025,recent_12m,False,False,7,set(),0,False,False,False,4,False,False,False
ZCOOL XiaoWei,['regular'],"['chinese-simplified', 'latin']",v15,2025-09-05,{'regular': 'https://fonts.gstatic.com/s/zcoolxiaowei/v15/i7dMIFFrTRywPpUVX9_RJyM1YFeQHwyVd3U.woff2'},sans-serif,webfonts#webfont,https://fonts.gstatic.com/s/zcoolxiaowei/v15/i7dMIFFrTRywPpUVX9_RJyM1UFOaHg.woff2,,,685,2025,recent_12m,False,False,1,set(),0,False,False,False,2,False,False,False
Caladea,"['regular', 'italic', '700', '700italic']","['latin', 'latin-ext']",v10,2026-06-30,"{'regular': 'https://fonts.gstatic.com/s/caladea/v10/kJEzBugZ7AAjhybUjRp3-9IztOc.woff2', 'italic': 'https://fonts.gstatic.com/s/caladea/v10/kJExBugZ7AAjhybUvR19-vA2pOdvDA.woff2', '700': 'https://fonts.gstatic.com/s/caladea/v10/kJE2BugZ7AAjhybUtaNY398YqO52FZ0.woff2', '700italic': 'https://fonts.gstatic.com/s/caladea/v10/kJE0BugZ7AAjhybUvR1FQ98SqcxzBZ2lDA.woff2'}",serif,webfonts#webfont,https://fonts.gstatic.com/s/caladea/v10/kJEzBugZ7AAjhybUvR59-g.woff2,,,686,2026,recent_12m,True,False,2,set(),0,False,False,False,2,False,False,False
Arizonia,['regular'],"['latin', 'latin-ext', 'vietnamese']",v23,2025-09-11,{'regular': 'https://fonts.gstatic.com/s/arizonia/v23/neIIzCemt4A5qa7mv6WDHK06UY30.woff2'},handwriting,webfonts#webfont,https://fonts.gstatic.com/s/arizonia/v23/neIIzCemt4A5qa7mv5WHFqw.woff2,,,687,2025,recent_12m,False,False,1,set(),0,False,False,False,3,False,False,False
Love Ya Like A Sister,['regular'],"['latin', 'latin-ext']",v23,2025-09-05,{'regular': 'https://fonts.gstatic.com/s/loveyalikeasister/v23/R70EjzUBlOqPeouhFDfR80-0FhOqJubN-Be793ZcsGGycA.woff2'},display,webfonts#webfont,https://fonts.gstatic.com/s/loveyalikeasister/v23/R70EjzUBlOqPeouhFDfR80-0FhOqJubN-BeL83xd.woff2,,,688,2025,recent_12m,False,False,1,set(),0,False,False,False,2,False,False,False
RocknRoll One,['regular'],"['japanese', 'latin', 'latin-ext']",v16,2025-09-10,{'regular': 'https://fonts.gstatic.com/s/rocknrollone/v16/kmK7ZqspGAfCeUiW6FFlmEC9guBhs7tfUxc.woff2'},sans-serif,webfonts#webfont,https://fonts.gstatic.com/s/rocknrollone/v16/kmK7ZqspGAfCeUiW6FFlmEC9suRrsg.woff2,,,689,2025,recent_12m,False,False,1,set(),0,False,False,False,3,False,False,False
Noto Sans Georgian,['regular'],"['cyrillic-ext', 'georgian', 'greek-ext', 'latin', 'latin-ext', 'math', 'symbols']",v48,2025-09-05,{'regular': 'https://fonts.gstatic.com/s/notosansgeorgian/v48/PlIgFke5O6RzLfvNNVSitxkr76PRHBCibP5GGPq86g.woff2'},sans-serif,webfonts#webfont,https://fonts.gstatic.com/s/notosansgeorgian/v48/PlIaFke5O6RzLfvNNVSitxkr76PRHBC4Ytyq-Gof7PUs4S7zWn-8YDB09HFNdpvnzGj_dZQ.woff2,"[{'tag': 'wdth', 'start': 62.5, 'end': 100}, {'tag': 'wght', 'start': 100, 'end': 900}]",,690,2025,recent_12m,False,True,9,"{'wdth', 'wght'}",2,True,False,False,7,False,False,False
Fjord One,['regular'],['latin'],v22,2025-09-11,{'regular': 'https://fonts.gstatic.com/s/fjordone/v22/zOL-4pbEnKBY_9S1jNKr7O5As-FeiQ.woff2'},serif,webfonts#webfont,https://fonts.gstatic.com/s/fjordone/v22/zOL-4pbEnKBY_9S1jNKb6ORB.woff2,,,691,2025,recent_12m,False,False,1,set(),0,False,False,False,1,False,False,False
Antic Didone,['regular'],['latin'],v17,2025-09-05,{'regular': 'https://fonts.gstatic.com/s/anticdidone/v17/RWmPoKKX6u8sp8fIWdnDKqDirIsGBGBzCw.woff2'},serif,webfonts#webfont,https://fonts.gstatic.com/s/anticdidone/v17/RWmPoKKX6u8sp8fIWdnDKqDSqIEH.woff2,,,692,2025,recent_12m,False,False,1,set(),0,False,False,False,1,False,False,False
Lekton,"['regular', 'italic', '700']","['latin', 'latin-ext']",v21,2025-09-10,"{'regular': 'https://fonts.gstatic.com/s/lekton/v21/SZc43FDmLaWmWpBeWhfonUPL6Q.woff2', 'italic': 'https://fonts.gstatic.com/s/lekton/v21/SZc63FDmLaWmWpBuXR3pv0bb6StO.woff2', '700': 'https://fonts.gstatic.com/s/lekton/v21/SZc73FDmLaWmWpBm4zjMkGjX4DJXgQ.woff2'}",monospace,webfonts#webfont,https://fonts.gstatic.com/s/lekton/v21/SZc43FDmLaWmWpBuXh3p.woff2,,,693,2025,recent_12m,True,False,2,set(),0,False,False,False,2,False,False,False
Allerta,['regular'],['latin'],v19,2025-09-05,{'regular': 'https://fonts.gstatic.com/s/allerta/v19/TwMO-IAHRlkbx940UnQdSQqO5uY.woff2'},sans-serif,webfonts#webfont,https://fonts.gstatic.com/s/allerta/v19/TwMO-IAHRlkbx940YnAXSA.woff2,,,694,2025,recent_12m,False,False,1,set(),0,False,False,False,1,False,False,False
Sniglet,"['regular', '800']","['latin', 'latin-ext']",v18,2025-09-10,"{'regular': 'https://fonts.gstatic.com/s/sniglet/v18/cIf9MaFLtkE3UjaJxCyrYGkHgIs.woff2', '800': 'https://fonts.gstatic.com/s/sniglet/v18/cIf4MaFLtkE3UjaJ_ImHRGQsnIJkWL4.woff2'}",display,webfonts#webfont,https://fonts.gstatic.com/s/sniglet/v18/cIf9MaFLtkE3UjaJ9CihYQ.woff2,,,695,2025,recent_12m,False,False,2,set(),0,False,False,False,2,False,False,False
Anton SC,['regular'],"['latin', 'latin-ext', 'vietnamese']",v1,2025-05-30,{'regular': 'https://fonts.gstatic.com/s/antonsc/v1/4UaBrEBBsgltGn71sxLjzanB44N1.woff2'},sans-serif,webfonts#webfont,https://fonts.gstatic.com/s/antonsc/v1/4UaBrEBBsgltGn71syLnx6g.woff2,,,696,2025,older,False,False,1,set(),0,False,False,False,3,False,False,False
Afacad Flux,['regular'],"['latin', 'latin-ext', 'vietnamese']",v4,2025-09-08,{'regular': 'https://fonts.gstatic.com/s/afacadflux/v4/9oRKNYYQryMlneUPykRmTvv2M83LHq0O.woff2'},sans-serif,webfonts#webfont,https://fonts.gstatic.com/s/afacadflux/v4/9oRgNYYQryMlneUPykRmTuH4ET0fri4I5rJVT_CWHKDZnskVK5edsUwXVaVgQw.woff2,"[{'tag': 'slnt', 'start': -14, 'end': 14}, {'tag': 'wght', 'start': 100, 'end': 1000}]",,697,2025,recent_12m,False,True,10,"{'wght', 'slnt'}",2,False,True,False,3,False,False,False
BioRhyme,['regular'],"['latin', 'latin-ext']",v21,2025-09-16,{'regular': 'https://fonts.gstatic.com/s/biorhyme/v21/1cXwaULHBpDMsHYW_HxDpVWIgNit.woff2'},serif,webfonts#webfont,https://fonts.gstatic.com/s/biorhyme/v21/1cXeaULHBpDMsHYW_GZNh7loEHurwOIGadI205trrbeBgQs4OjIiqieuig.woff2,"[{'tag': 'wdth', 'start': 100, 'end': 125}, {'tag': 'wght', 'start': 200, 'end': 800}]",,698,2025,recent_12m,False,True,7,"{'wdth', 'wght'}",2,True,False,False,2,False,False,False
Mochiy Pop One,['regular'],"['japanese', 'latin']",v12,2025-09-08,{'regular': 'https://fonts.gstatic.com/s/mochiypopone/v12/QdVPSTA9Jh-gg-5XZP2UmU4O9kw1D3s6ZKAi.woff2'},sans-serif,webfonts#webfont,https://fonts.gstatic.com/s/mochiypopone/v12/QdVPSTA9Jh-gg-5XZP2UmU4O9nwxBXo.woff2,,,699,2025,recent_12m,False,False,1,set(),0,False,False,False,2,False,False,False
Noto Serif Georgian,['regular'],"['georgian', 'latin', 'latin-ext']",v29,2025-09-10,{'regular': 'https://fonts.gstatic.com/s/notoserifgeorgian/v29/VEMtRpd8s4nv8hG_qOzL7HOAw4nt0Sl_RRK4_Tsdkf4.woff2'},serif,webfonts#webfont,https://fonts.gstatic.com/s/notoserifgeorgian/v29/VEMXRpd8s4nv8hG_qOzL7HOAw4nt0Sl_XxyaEduNMvi7T6Y4etRnmGhyLop-R3aSTvovdj7x.woff2,"[{'tag': 'wdth', 'start': 62.5, 'end': 100}, {'tag': 'wght', 'start': 100, 'end': 900}]",,700,2025,recent_12m,False,True,9,"{'wdth', 'wght'}",2,True,False,False,3,False,False,False
Qwitcher Grypen,"['regular', '700']","['latin', 'latin-ext', 'vietnamese']",v8,2025-09-08,"{'regular': 'https://fonts.gstatic.com/s/qwitchergrypen/v8/pxicypclp9tDilN9RrC5BSI1dZmrTWNAom-wpw.woff2', '700': 'https://fonts.gstatic.com/s/qwitchergrypen/v8/pxiZypclp9tDilN9RrC5BSI1dZmT9Exkr0SsrvNXiA.woff2'}",handwriting,webfonts#webfont,https://fonts.gstatic.com/s/qwitchergrypen/v8/pxicypclp9tDilN9RrC5BSI1dZmbSWlB.woff2,,,701,2025,recent_12m,False,False,2,set(),0,False,False,False,3,False,False,False
Lexend Zetta,['regular'],"['latin', 'latin-ext', 'vietnamese']",v32,2025-09-11,{'regular': 'https://fonts.gstatic.com/s/lexendzetta/v32/ll87K2KYXje7CdOFnEWcU8sokyQejRR7AQ.woff2'},sans-serif,webfonts#webfont,https://fonts.gstatic.com/s/lexendzetta/v32/ll8uK2KYXje7CdOFnEWcU8synQbuVYjYB3BCy9bG4z9pbw.woff2,"[{'tag': 'wght', 'start': 100, 'end': 900}]",,702,2025,recent_12m,False,True,9,{'wght'},1,False,False,False,3,False,False,False
Cal Sans,['regular'],"['latin', 'latin-ext', 'vietnamese']",v2,2025-06-09,{'regular': 'https://fonts.gstatic.com/s/calsans/v2/fdN99sWUv3gWqXxqqSBevloE4LZx.woff2'},sans-serif,webfonts#webfont,https://fonts.gstatic.com/s/calsans/v2/fdN99sWUv3gWqXxqqRBatFs.woff2,,,703,2025,older,False,False,1,set(),0,False,False,False,3,False,False,False
Nova Square,['regular'],"['latin', 'latin-ext']",v27,2025-09-10,{'regular': 'https://fonts.gstatic.com/s/novasquare/v27/RrQUbo9-9DV7b06QHgSWsZhFRYMgGtWA.woff2'},display,webfonts#webfont,https://fonts.gstatic.com/s/novasquare/v27/RrQUbo9-9DV7b06QHgSWsahBT4I.woff2,,,704,2025,recent_12m,False,False,1,set(),0,False,False,False,2,False,False,False
Carrois Gothic,['regular'],['latin'],v17,2025-09-10,{'regular': 'https://fonts.gstatic.com/s/carroisgothic/v17/Z9XPDmFATg-N1PLtLOOxvIHl9ZmG3i7ajcJ-.woff2'},sans-serif,webfonts#webfont,https://fonts.gstatic.com/s/carroisgothic/v17/Z9XPDmFATg-N1PLtLOOxvIHl9amC1C8.woff2,,,705,2025,recent_12m,False,False,1,set(),0,False,False,False,1,False,False,False
Sedgwick Ave Display,['regular'],"['latin', 'latin-ext', 'vietnamese']",v23,2025-09-11,{'regular': 'https://fonts.gstatic.com/s/sedgwickavedisplay/v23/xfuu0XPgU3jZPUoUo3ScvmPi-NapQ8OxM2c2d-YnOzUD.woff2'},handwriting,webfonts#webfont,https://fonts.gstatic.com/s/sedgwickavedisplay/v23/xfuu0XPgU3jZPUoUo3ScvmPi-NapQ8OxM1cyfec.woff2,,,706,2025,recent_12m,False,False,1,set(),0,False,False,False,3,False,False,False
Yesteryear,['regular'],"['latin', 'latin-ext']",v21,2025-09-11,{'regular': 'https://fonts.gstatic.com/s/yesteryear/v21/dg4g_p78rroaKl8kRKo1r7kHTwonmyw.woff2'},handwriting,webfonts#webfont,https://fonts.gstatic.com/s/yesteryear/v21/dg4g_p78rroaKl8kRKo1n70NTg.woff2,,,707,2025,recent_12m,False,False,1,set(),0,False,False,False,2,False,False,False
Agbalumo,['regular'],"['cyrillic-ext', 'ethiopic', 'latin', 'latin-ext', 'vietnamese']",v6,2025-06-25,{'regular': 'https://fonts.gstatic.com/s/agbalumo/v6/55xvey5uMdT2N37KZcMAirl08KDJ.woff2'},display,webfonts#webfont,https://fonts.gstatic.com/s/agbalumo/v6/55xvey5uMdT2N37KZfMEgLg.woff2,,,708,2025,older,False,False,1,set(),0,False,False,False,5,False,False,False
Playpen Sans,['regular'],"['cyrillic', 'cyrillic-ext', 'emoji', 'greek', 'latin', 'latin-ext', 'math', 'vietnamese']",v22,2025-09-16,{'regular': 'https://fonts.gstatic.com/s/playpensans/v22/dg4i_pj1p6gXP0gzAZgm4c8NTigiiyyhRw.woff2'},handwriting,webfonts#webfont,https://fonts.gstatic.com/s/playpensans/v22/dg43_pj1p6gXP0gzAZgm4c8XQArSU7ACQSn4IvRhinU3FA.woff2,"[{'tag': 'wght', 'start': 100, 'end': 800}]",,709,2025,recent_12m,False,True,8,{'wght'},1,False,False,False,8,False,False,False
Noto Sans Oriya,['regular'],"['latin', 'latin-ext', 'oriya']",v35,2026-02-19,{'regular': 'https://fonts.gstatic.com/s/notosansoriya/v35/AYCTpXfzfccDCstK_hrjDyADv5en4a3DZq1hIg.woff2'},sans-serif,webfonts#webfont,https://fonts.gstatic.com/s/notosansoriya/v35/AYCppXfzfccDCstK_hrjDyADv5e9748vhj3CJBLHIARtgD6TJQS0dJT5Ivj0f5_d4rk.woff2,"[{'tag': 'wdth', 'start': 62.5, 'end': 100}, {'tag': 'wght', 'start': 100, 'end': 900}]",,710,2026,recent_12m,False,True,9,"{'wdth', 'wght'}",2,True,False,False,3,False,False,False
ZCOOL KuaiLe,['regular'],"['chinese-simplified', 'latin']",v22,2026-02-17,{'regular': 'https://fonts.gstatic.com/s/zcoolkuaile/v22/tssqApdaRQokwFjFJjvM6h2Wo4zzoXhC2g.woff2'},sans-serif,webfonts#webfont,https://fonts.gstatic.com/s/zcoolkuaile/v22/tssqApdaRQokwFjFJjvM6h2mp4by.woff2,,,711,2026,recent_12m,False,False,1,set(),0,False,False,False,2,False,False,False
Ephesis,['regular'],"['latin', 'latin-ext', 'vietnamese']",v11,2025-09-10,{'regular': 'https://fonts.gstatic.com/s/ephesis/v11/uU9PCBUS8IerL2VG7xbb3vyHmlI.woff2'},handwriting,webfonts#webfont,https://fonts.gstatic.com/s/ephesis/v11/uU9PCBUS8IerL2VG3xLR3w.woff2,,,712,2025,recent_12m,False,False,1,set(),0,False,False,False,3,False,False,False
Vujahday Script,['regular'],"['latin', 'latin-ext', 'vietnamese']",v10,2025-09-05,{'regular': 'https://fonts.gstatic.com/s/vujahdayscript/v10/RWmQoKGA8fEkrIPtSZ3_J7er2dUiCUtvAlaMKw.woff2'},handwriting,webfonts#webfont,https://fonts.gstatic.com/s/vujahdayscript/v10/RWmQoKGA8fEkrIPtSZ3_J7er2dUSDUFu.woff2,,,713,2025,recent_12m,False,False,1,set(),0,False,False,False,3,False,False,False
Yusei Magic,['regular'],"['japanese', 'latin', 'latin-ext']",v17,2026-06-29,{'regular': 'https://fonts.gstatic.com/s/yuseimagic/v17/yYLt0hbAyuCmoo5wlhPkpjHU-tdfcIT_.woff2'},sans-serif,webfonts#webfont,https://fonts.gstatic.com/s/yuseimagic/v17/yYLt0hbAyuCmoo5wlhPkpgHQ8NY.woff2,,,714,2026,recent_12m,False,False,1,set(),0,False,False,False,3,False,False,False
Overlock,"['regular', 'italic', '700', '700italic', '900', '900italic']","['latin', 'latin-ext']",v19,2025-09-05,"{'regular': 'https://fonts.gstatic.com/s/overlock/v19/Z9XVDmdMWRiN1_T9Z4Tb4u2El6GC.woff2', 'italic': 'https://fonts.gstatic.com/s/overlock/v19/Z9XTDmdMWRiN1_T9Z7Tc6OymkrGC7Cs.woff2', '700': 'https://fonts.gstatic.com/s/overlock/v19/Z9XSDmdMWRiN1_T9Z7xizcmJvL2L9TLT.woff2', '700italic': 'https://fonts.gstatic.com/s/overlock/v19/Z9XQDmdMWRiN1_T9Z7Tc0FWJtryp8CLTlNs.woff2', '900': 'https://fonts.gstatic.com/s/overlock/v19/Z9XSDmdMWRiN1_T9Z7xaz8mJvL2L9TLT.woff2', '900italic': 'https://fonts.gstatic.com/s/overlock/v19/Z9XQDmdMWRiN1_T9Z7Tc0G2Ltryp8CLTlNs.woff2'}",display,webfonts#webfont,https://fonts.gstatic.com/s/overlock/v19/Z9XVDmdMWRiN1_T9Z7Tf6Ow.woff2,,,715,2025,recent_12m,True,False,3,set(),0,False,False,False,2,False,False,False
Bellota Text,"['300', '300italic', 'regular', 'italic', '700', '700italic']","['cyrillic', 'latin', 'latin-ext', 'vietnamese']",v20,2025-09-05,"{'300': 'https://fonts.gstatic.com/s/bellotatext/v20/0FlMVP2VnlWS4f3-UE9hHXM5VfsqeAXwQy6yxg.woff2', '300italic': 'https://fonts.gstatic.com/s/bellotatext/v20/0FlOVP2VnlWS4f3-UE9hHXMx--Gmfw_xYSuixmYK.woff2', 'regular': 'https://fonts.gstatic.com/s/bellotatext/v20/0FlTVP2VnlWS4f3-UE9hHXMB_NMOdS7sSg.woff2', 'italic': 'https://fonts.gstatic.com/s/bellotatext/v20/0FlNVP2VnlWS4f3-UE9hHXMx-9kPVyv8Sjer.woff2', '700': 'https://fonts.gstatic.com/s/bellotatext/v20/0FlMVP2VnlWS4f3-UE9hHXM5RfwqeAXwQy6yxg.woff2', '700italic': 'https://fonts.gstatic.com/s/bellotatext/v20/0FlOVP2VnlWS4f3-UE9hHXMx--G2eA_xYSuixmYK.woff2'}",display,webfonts#webfont,https://fonts.gstatic.com/s/bellotatext/v20/0FlTVP2VnlWS4f3-UE9hHXMx-NkP.woff2,,,716,2025,recent_12m,True,False,3,set(),0,False,False,False,4,False,False,False
Baloo Thambi 2,['regular'],"['latin', 'latin-ext', 'tamil', 'vietnamese']",v22,2025-09-16,{'regular': 'https://fonts.gstatic.com/s/baloothambi2/v22/cY9cfjeOW0NHpmOQXranrbDyu4hCBJOxZQPp.woff2'},display,webfonts#webfont,https://fonts.gstatic.com/s/baloothambi2/v22/cY9RfjeOW0NHpmOQXranrbDyu5JMJmNp-aDvUBbKzcIDaA5H.woff2,"[{'tag': 'wght', 'start': 400, 'end': 800}]",,717,2025,recent_12m,False,True,5,{'wght'},1,False,False,False,4,False,False,False
Sigmar One,['regular'],"['latin', 'latin-ext', 'vietnamese']",v20,2025-09-05,{'regular': 'https://fonts.gstatic.com/s/sigmarone/v20/co3DmWZ8kjZuErj9Ta3dk6bjp3Di8U0.woff2'},display,webfonts#webfont,https://fonts.gstatic.com/s/sigmarone/v20/co3DmWZ8kjZuErj9Ta3do6Lppg.woff2,,,718,2025,recent_12m,False,False,1,set(),0,False,False,False,3,False,False,False
Monsieur La Doulaise,['regular'],"['latin', 'latin-ext']",v20,2025-09-08,{'regular': 'https://fonts.gstatic.com/s/monsieurladoulaise/v20/_Xmz-GY4rjmCbQfc-aPRaa4pqV340p7EZl5bwkEU4HTy.woff2'},handwriting,webfonts#webfont,https://fonts.gstatic.com/s/monsieurladoulaise/v20/_Xmz-GY4rjmCbQfc-aPRaa4pqV340p7EZm5fyEA.woff2,,,719,2025,recent_12m,False,False,1,set(),0,False,False,False,2,False,False,False
Yuji Syuku,['regular'],"['cyrillic', 'japanese', 'latin', 'latin-ext']",v8,2025-09-16,{'regular': 'https://fonts.gstatic.com/s/yujisyuku/v8/BngNUXdTV3vO6Lw5ApOPqPLgwqiA-Rk.woff2'},serif,webfonts#webfont,https://fonts.gstatic.com/s/yujisyuku/v8/BngNUXdTV3vO6Lw5ApOPmPbqww.woff2,,,720,2025,recent_12m,False,False,1,set(),0,False,False,False,4,False,False,False
Tiro Devanagari Hindi,"['regular', 'italic']","['devanagari', 'latin', 'latin-ext']",v7,2026-06-29,"{'regular': 'https://fonts.gstatic.com/s/tirodevanagarihindi/v7/55xyezN7P8T4e0_CfIJrwdodg9HoYw0i-M9fTekOfG0Y3A.woff2', 'italic': 'https://fonts.gstatic.com/s/tirodevanagarihindi/v7/55x8ezN7P8T4e0_CfIJrwdodg9HoYw0i-M9vSuMPXmgI3F_o.woff2'}",serif,webfonts#webfont,https://fonts.gstatic.com/s/tirodevanagarihindi/v7/55xyezN7P8T4e0_CfIJrwdodg9HoYw0i-M9vSeMP.woff2,,,721,2026,recent_12m,True,False,1,set(),0,False,False,False,3,False,False,False
Marvel,"['regular', 'italic', '700', '700italic']",['latin'],v17,2025-06-02,"{'regular': 'https://fonts.gstatic.com/s/marvel/v17/nwpVtKeoNgBV0qaIlF7ED366zg.woff2', 'italic': 'https://fonts.gstatic.com/s/marvel/v17/nwpXtKeoNgBV0qa4k1TFLXuqzhA7.woff2', '700': 'https://fonts.gstatic.com/s/marvel/v17/nwpWtKeoNgBV0qawLXHgAlWmxwkiYQ.woff2', '700italic': 'https://fonts.gstatic.com/s/marvel/v17/nwpQtKeoNgBV0qa4k2x8Al-n5QwyYdrc.woff2'}",sans-serif,webfonts#webfont,https://fonts.gstatic.com/s/marvel/v17/nwpVtKeoNgBV0qa4kFTF.woff2,,,722,2025,older,True,False,2,set(),0,False,False,False,1,False,False,False
Oxygen Mono,['regular'],"['latin', 'latin-ext']",v15,2025-09-02,{'regular': 'https://fonts.gstatic.com/s/oxygenmono/v15/h0GsssGg9FxgDgCjLeAd7ijaze-PPlUu.woff2'},monospace,webfonts#webfont,https://fonts.gstatic.com/s/oxygenmono/v15/h0GsssGg9FxgDgCjLeAd7hjex-4.woff2,,,723,2025,recent_12m,False,False,1,set(),0,False,False,False,2,False,False,False
Amiko,"['regular', '600', '700']","['devanagari', 'latin', 'latin-ext']",v15,2025-09-16,"{'regular': 'https://fonts.gstatic.com/s/amiko/v15/WwkQxPq1DFK04tqgc17MMZgJ.woff2', '600': 'https://fonts.gstatic.com/s/amiko/v15/WwkdxPq1DFK04uJ9XXrBGoQAUco5.woff2', '700': 'https://fonts.gstatic.com/s/amiko/v15/WwkdxPq1DFK04uIZXHrBGoQAUco5.woff2'}",sans-serif,webfonts#webfont,https://fonts.gstatic.com/s/amiko/v15/WwkQxPq1DFK04uqkeV8.woff2,,,724,2025,recent_12m,False,False,3,set(),0,False,False,False,3,False,False,False
Bokor,['regular'],"['khmer', 'latin']",v32,2025-09-16,{'regular': 'https://fonts.gstatic.com/s/bokor/v32/m8JcjfpeeaqTiR2TdInbcaxE.woff2'},display,webfonts#webfont,https://fonts.gstatic.com/s/bokor/v32/m8JcjfpeeaqTiS2Xfog.woff2,,,725,2025,recent_12m,False,False,1,set(),0,False,False,False,2,False,False,False
Reddit Sans Condensed,['regular'],"['latin', 'latin-ext', 'vietnamese']",v5,2025-09-16,{'regular': 'https://fonts.gstatic.com/s/redditsanscondensed/v5/m8JMjepOc6WYkkm2Dey9A5QGAQXmuL3va5IFaOhGW74OXw.woff2'},sans-serif,webfonts#webfont,https://fonts.gstatic.com/s/redditsanscondensed/v5/m8J_jepOc6WYkkm2Dey9A5QGAQXmuL3va5IfZsq2gyKtWVJro1kKYpQyug.woff2,"[{'tag': 'wght', 'start': 200, 'end': 900}]",,726,2025,recent_12m,False,True,8,{'wght'},1,False,False,False,3,False,False,False
Kantumruy Pro,"['regular', 'italic']","['khmer', 'latin', 'latin-ext']",v12,2025-09-05,"{'regular': 'https://fonts.gstatic.com/s/kantumruypro/v12/1q2AY5aECkp34vEBSPFOmJxwpEHLeo2gm2U.woff2', 'italic': 'https://fonts.gstatic.com/s/kantumruypro/v12/1q2eY5aECkp34vEBSPFOmJxwlEbBe6-li2VSyw.woff2'}",sans-serif,webfonts#webfont,https://fonts.gstatic.com/s/kantumruypro/v12/1q2TY5aECkp34vEBSPFOmJxwvk_pilU8OGNfyg1urHs1OX8.woff2,"[{'tag': 'wght', 'start': 100, 'end': 700}]",,727,2025,recent_12m,True,True,7,{'wght'},1,False,False,False,3,False,False,False
Scada,"['regular', 'italic', '700', '700italic']","['cyrillic', 'cyrillic-ext', 'latin', 'latin-ext']",v16,2025-09-08,"{'regular': 'https://fonts.gstatic.com/s/scada/v16/RLpxK5Pv5qumeWJtxzUobkvv.woff2', 'italic': 'https://fonts.gstatic.com/s/scada/v16/RLp_K5Pv5qumeVJqzTQKa1vvffg.woff2', '700': 'https://fonts.gstatic.com/s/scada/v16/RLp8K5Pv5qumeVrU6BElRVfmZOE5.woff2', '700italic': 'https://fonts.gstatic.com/s/scada/v16/RLp6K5Pv5qumeVJq9Y0lT1bEYfE5p6g.woff2'}",sans-serif,webfonts#webfont,https://fonts.gstatic.com/s/scada/v16/RLpxK5Pv5qumeVJpzTQ.woff2,,,728,2025,recent_12m,True,False,2,set(),0,False,False,False,4,False,False,False
Rosario,"['regular', 'italic']","['latin', 'latin-ext', 'vietnamese']",v35,2025-09-11,"{'regular': 'https://fonts.gstatic.com/s/rosario/v35/xfux0WDhWW_fOEoY6FH3zA7DpL4.woff2', 'italic': 'https://fonts.gstatic.com/s/rosario/v35/xfuz0WDhWW_fOEoY2Fb9zSzGtL7CMg.woff2'}",sans-serif,webfonts#webfont,https://fonts.gstatic.com/s/rosario/v35/xfuu0WDhWW_fOEoY8l_VPNZfB7jPM68YCVcyfec.woff2,"[{'tag': 'wght', 'start': 300, 'end': 700}]",,729,2025,recent_12m,True,True,5,{'wght'},1,False,False,False,3,False,False,False
Copse,['regular'],['latin'],v16,2025-09-08,{'regular': 'https://fonts.gstatic.com/s/copse/v16/11hPGpDKz1rGb0dmHkihUb-A.woff2'},serif,webfonts#webfont,https://fonts.gstatic.com/s/copse/v16/11hPGpDKz1rGb3diFEk.woff2,,,730,2025,recent_12m,False,False,1,set(),0,False,False,False,1,False,False,False
Halant,"['300', 'regular', '500', '600', '700']","['devanagari', 'latin', 'latin-ext']",v17,2025-09-10,"{'300': 'https://fonts.gstatic.com/s/halant/v17/u-490qaujRI2Pbsvc_pCngZqcwdRXg.woff2', 'regular': 'https://fonts.gstatic.com/s/halant/v17/u-4-0qaujRI2PbsX2tJmky12eg.woff2', '500': 'https://fonts.gstatic.com/s/halant/v17/u-490qaujRI2PbsvK_tCngZqcwdRXg.woff2', '600': 'https://fonts.gstatic.com/s/halant/v17/u-490qaujRI2PbsvB_xCngZqcwdRXg.woff2', '700': 'https://fonts.gstatic.com/s/halant/v17/u-490qaujRI2PbsvY_1CngZqcwdRXg.woff2'}",serif,webfonts#webfont,https://fonts.gstatic.com/s/halant/v17/u-4-0qaujRI2Pbsn3thn.woff2,,,731,2025,recent_12m,False,False,5,set(),0,False,False,False,3,False,False,False
Hanuman,['regular'],"['khmer', 'latin']",v24,2025-06-12,{'regular': 'https://fonts.gstatic.com/s/hanuman/v24/VuJxdNvD15HhpJJBeKPXOIFneRo.woff2'},serif,webfonts#webfont,https://fonts.gstatic.com/s/hanuman/v24/VuJudNvD15HhpJJBYq31yFn72hxIv0sd5yDtWdQ.woff2,"[{'tag': 'wght', 'start': 100, 'end': 900}]",,732,2025,older,False,True,9,{'wght'},1,False,False,False,2,False,False,False
Mouse Memoirs,['regular'],"['latin', 'latin-ext']",v19,2025-09-16,{'regular': 'https://fonts.gstatic.com/s/mousememoirs/v19/t5tmIRoSNJ-PH0WNNgDYxdSb7TzFrpOHYh4.woff2'},sans-serif,webfonts#webfont,https://fonts.gstatic.com/s/mousememoirs/v19/t5tmIRoSNJ-PH0WNNgDYxdSb3TjPrw.woff2,,,733,2025,recent_12m,False,False,1,set(),0,False,False,False,2,False,False,False
Average Sans,['regular'],"['latin', 'latin-ext']",v17,2025-09-10,{'regular': 'https://fonts.gstatic.com/s/averagesans/v17/1Ptpg8fLXP2dlAXR-HlJJNJPANqazVoK4A.woff2'},sans-serif,webfonts#webfont,https://fonts.gstatic.com/s/averagesans/v17/1Ptpg8fLXP2dlAXR-HlJJNJ_BNCb.woff2,,,734,2025,recent_12m,False,False,1,set(),0,False,False,False,2,False,False,False
Zen Dots,['regular'],"['latin', 'latin-ext']",v14,2025-09-05,{'regular': 'https://fonts.gstatic.com/s/zendots/v14/XRXX3ICfm00IGoesQeaBTM_FcCIG.woff2'},display,webfonts#webfont,https://fonts.gstatic.com/s/zendots/v14/XRXX3ICfm00IGoesQdaFRs4.woff2,,,735,2025,recent_12m,False,False,1,set(),0,False,False,False,2,False,False,False
Turret Road,"['200', '300', 'regular', '500', '700', '800']","['latin', 'latin-ext']",v11,2025-09-16,"{'200': 'https://fonts.gstatic.com/s/turretroad/v11/pxidypMgpcBFjE84Zv-fE0ONEdeOYk1Mq3ap.woff2', '300': 'https://fonts.gstatic.com/s/turretroad/v11/pxidypMgpcBFjE84Zv-fE0PpEteOYk1Mq3ap.woff2', 'regular': 'https://fonts.gstatic.com/s/turretroad/v11/pxiAypMgpcBFjE84Zv-fE3tAOvODSVFF.woff2', '500': 'https://fonts.gstatic.com/s/turretroad/v11/pxidypMgpcBFjE84Zv-fE0OxE9eOYk1Mq3ap.woff2', '700': 'https://fonts.gstatic.com/s/turretroad/v11/pxidypMgpcBFjE84Zv-fE0P5FdeOYk1Mq3ap.woff2', '800': 'https://fonts.gstatic.com/s/turretroad/v11/pxidypMgpcBFjE84Zv-fE0PlFteOYk1Mq3ap.woff2'}",display,webfonts#webfont,https://fonts.gstatic.com/s/turretroad/v11/pxiAypMgpcBFjE84Zv-fE0tEMPI.woff2,,,736,2025,recent_12m,False,False,6,set(),0,False,False,False,2,False,False,False
Inria Sans,"['300', '300italic', 'regular', 'italic', '700', '700italic']","['latin', 'latin-ext']",v15,2025-09-05,"{'300': 'https://fonts.gstatic.com/s/inriasans/v15/ptRPTiqXYfZMCOiVj9kQ3ELaDQ5FqeY3fX4.woff2', '300italic': 'https://fonts.gstatic.com/s/inriasans/v15/ptRRTiqXYfZMCOiVj9kQ1OzAgQlPqMQybX4pQA.woff2', 'regular': 'https://fonts.gstatic.com/s/inriasans/v15/ptRMTiqXYfZMCOiVj9kQ5OvyKQNute8.woff2', 'italic': 'https://fonts.gstatic.com/s/inriasans/v15/ptROTiqXYfZMCOiVj9kQ1Oz4KCFrpe8uZA.woff2', '700': 'https://fonts.gstatic.com/s/inriasans/v15/ptRPTiqXYfZMCOiVj9kQ3FLdDQ5FqeY3fX4.woff2', '700italic': 'https://fonts.gstatic.com/s/inriasans/v15/ptRRTiqXYfZMCOiVj9kQ1OzAkQ5PqMQybX4pQA.woff2'}",sans-serif,webfonts#webfont,https://fonts.gstatic.com/s/inriasans/v15/ptRMTiqXYfZMCOiVj9kQ1O_4KA.woff2,,,737,2025,recent_12m,True,False,3,set(),0,False,False,False,2,False,False,False
Poetsen One,['regular'],"['latin', 'latin-ext']",v3,2025-05-30,{'regular': 'https://fonts.gstatic.com/s/poetsenone/v3/ke8hOgIaMUB37xCgvCntWtIqq_KREbG9.woff2'},display,webfonts#webfont,https://fonts.gstatic.com/s/poetsenone/v3/ke8hOgIaMUB37xCgvCntWuIuofM.woff2,,,738,2025,older,False,False,1,set(),0,False,False,False,2,False,False,False
Recursive,['regular'],"['cyrillic-ext', 'latin', 'latin-ext', 'vietnamese']",v44,2025-09-05,{'regular': 'https://fonts.gstatic.com/s/recursive/v44/8vIK7wMr0mhh-RQChyHeEWxbO_zo-w.woff2'},sans-serif,webfonts#webfont,https://fonts.gstatic.com/s/recursive/v44/8vJN7wMr0mhh-RQChyHEH06TlXhq_gukbYrFMk1QuAIcyEwG_X-dpEfaE5YaERmK-CImKsvxvU-MXGX2fSqasNfUvz2xbXfn1uEQadCCk319tQ0.woff2,"[{'tag': 'CASL', 'start': 0, 'end': 1}, {'tag': 'CRSV', 'start': 0, 'end': 1}, {'tag': 'MONO', 'start': 0, 'end': 1}, {'tag': 'slnt', 'start': -15, 'end': 0}, {'tag': 'wght', 'start': 300, 'end': 1000}]",,739,2025,recent_12m,False,True,8,"{'MONO', 'CRSV', 'CASL', 'wght', 'slnt'}",5,False,True,False,4,False,False,False
Marmelad,['regular'],"['cyrillic', 'cyrillic-ext', 'latin', 'latin-ext', 'vietnamese']",v19,2025-09-11,{'regular': 'https://fonts.gstatic.com/s/marmelad/v19/Qw3eZQdSHj_jK2e-8tFOG-YMC0R8.woff2'},sans-serif,webfonts#webfont,https://fonts.gstatic.com/s/marmelad/v19/Qw3eZQdSHj_jK2e-8uFKEec.woff2,,,740,2025,recent_12m,False,False,1,set(),0,False,False,False,5,False,False,False
Megrim,['regular'],"['latin', 'latin-ext']",v18,2025-09-10,{'regular': 'https://fonts.gstatic.com/s/megrim/v18/46kulbz5WjvLqJZlaGXgd0RY1g.woff2'},display,webfonts#webfont,https://fonts.gstatic.com/s/megrim/v18/46kulbz5WjvLqJZVbG_h.woff2,,,741,2025,recent_12m,False,False,1,set(),0,False,False,False,2,False,False,False
Anybody,"['regular', 'italic']","['latin', 'latin-ext', 'vietnamese']",v13,2025-09-16,"{'regular': 'https://fonts.gstatic.com/s/anybody/v13/VuJxdNvK2Ib2ppdWeKPXOIFneRo.woff2', 'italic': 'https://fonts.gstatic.com/s/anybody/v13/VuJzdNvK2Ib2ppdWSKTdOaNiaRpFvg.woff2'}",display,webfonts#webfont,https://fonts.gstatic.com/s/anybody/v13/VuJbdNvK2Ib2ppdWYq311GH32hxIv0sd5grncSUi2F_Wim4J12D_r8_C.woff2,"[{'tag': 'wdth', 'start': 50, 'end': 150}, {'tag': 'wght', 'start': 100, 'end': 900}]",,742,2025,recent_12m,True,True,9,"{'wdth', 'wght'}",2,True,False,False,3,False,False,False
Noto Sans Warang Citi,['regular'],"['latin', 'latin-ext', 'warang-citi']",v19,2026-01-20,{'regular': 'https://fonts.gstatic.com/s/notosanswarangciti/v19/EYqtmb9SzL1YtsZSScyKDXIeOv3w-zgsNvKRoOVCCXzdgA.woff2'},sans-serif,webfonts#webfont,https://fonts.gstatic.com/s/notosanswarangciti/v19/EYqtmb9SzL1YtsZSScyKDXIeOv3w-zgsNvKhpO9D.woff2,,,743,2026,recent_12m,False,False,1,set(),0,False,False,False,3,False,False,False
Hedvig Letters Serif,['regular'],"['latin', 'latin-ext', 'math', 'symbols']",v4,2025-09-11,{'regular': 'https://fonts.gstatic.com/s/hedviglettersserif/v4/OD5cuN2I2mekHmyoU1Kj2AXOd5_7v7gIDk_yiBYVfsc4.woff2'},serif,webfonts#webfont,https://fonts.gstatic.com/s/hedviglettersserif/v4/OD5puN2I2mekHmyoU1Kj2AXOd5_7v7gIDlX8quj7viQ_N1HixEApfr3d.woff2,"[{'tag': 'opsz', 'start': 12, 'end': 24}]",,744,2025,recent_12m,False,True,1,{'opsz'},1,False,False,True,4,False,False,False
Koulen,['regular'],"['khmer', 'latin']",v30,2025-09-16,{'regular': 'https://fonts.gstatic.com/s/koulen/v30/AMOQz46as3KIBPeWh3A9kuYMUg.woff2'},display,webfonts#webfont,https://fonts.gstatic.com/s/koulen/v30/AMOQz46as3KIBPemg3o8.woff2,,,745,2025,recent_12m,False,False,1,set(),0,False,False,False,2,False,False,False
Scheherazade New,"['regular', '500', '600', '700']","['arabic', 'latin', 'latin-ext']",v21,2026-05-13,"{'regular': 'https://fonts.gstatic.com/s/scheherazadenew/v21/4UaZrFhTvxVnHDvUkUiHg8jprP4DCwZsOl4p5Is.woff2', '500': 'https://fonts.gstatic.com/s/scheherazadenew/v21/4UaerFhTvxVnHDvUkUiHg8jprP4DM_dFHlMC-IKnoSE.woff2', '600': 'https://fonts.gstatic.com/s/scheherazadenew/v21/4UaerFhTvxVnHDvUkUiHg8jprP4DM9tCHlMC-IKnoSE.woff2', '700': 'https://fonts.gstatic.com/s/scheherazadenew/v21/4UaerFhTvxVnHDvUkUiHg8jprP4DM79DHlMC-IKnoSE.woff2'}",serif,webfonts#webfont,https://fonts.gstatic.com/s/scheherazadenew/v21/4UaZrFhTvxVnHDvUkUiHg8jprP4DOwJmOw.woff2,,,746,2026,recent_12m,False,False,4,set(),0,False,False,False,3,False,False,False
Baloo Tamma 2,['regular'],"['kannada', 'latin', 'latin-ext', 'vietnamese']",v20,2025-09-11,{'regular': 'https://fonts.gstatic.com/s/balootamma2/v20/vEFX2_hCAgcR46PaajtrYlBbT0021tqeR7c.woff2'},display,webfonts#webfont,https://fonts.gstatic.com/s/balootamma2/v20/vEFE2_hCAgcR46PaajtrYlBbVUMUJgIC5LHTrMscPq-1Kl8.woff2,"[{'tag': 'wght', 'start': 400, 'end': 800}]",,747,2025,recent_12m,False,True,5,{'wght'},1,False,False,False,4,False,False,False
Maitree,"['200', '300', 'regular', '500', '600', '700']","['latin', 'latin-ext', 'thai', 'vietnamese']",v11,2025-09-11,"{'200': 'https://fonts.gstatic.com/s/maitree/v11/MjQDmil5tffhpBrklhGNWJSovLdh6OE.woff2', '300': 'https://fonts.gstatic.com/s/maitree/v11/MjQDmil5tffhpBrklnWOWJSovLdh6OE.woff2', 'regular': 'https://fonts.gstatic.com/s/maitree/v11/MjQGmil5tffhpBrkrtymfJmDoL4.woff2', '500': 'https://fonts.gstatic.com/s/maitree/v11/MjQDmil5tffhpBrkli2PWJSovLdh6OE.woff2', '600': 'https://fonts.gstatic.com/s/maitree/v11/MjQDmil5tffhpBrklgGIWJSovLdh6OE.woff2', '700': 'https://fonts.gstatic.com/s/maitree/v11/MjQDmil5tffhpBrklmWJWJSovLdh6OE.woff2'}",serif,webfonts#webfont,https://fonts.gstatic.com/s/maitree/v11/MjQGmil5tffhpBrkntisfQ.woff2,,,748,2025,recent_12m,False,False,6,set(),0,False,False,False,4,False,False,False
Flow Circular,['regular'],"['cyrillic', 'cyrillic-ext', 'latin', 'latin-ext', 'vietnamese']",v15,2025-09-17,{'regular': 'https://fonts.gstatic.com/s/flowcircular/v15/lJwB-pc4j2F-H8YKuyvfxdZ45iLpWdr2rIg.woff2'},display,webfonts#webfont,https://fonts.gstatic.com/s/flowcircular/v15/lJwB-pc4j2F-H8YKuyvfxdZ41ibjWA.woff2,,,749,2025,recent_12m,False,False,1,set(),0,False,False,False,5,False,False,False
Nokora,['regular'],"['khmer', 'latin']",v34,2025-09-16,{'regular': 'https://fonts.gstatic.com/s/nokora/v34/hYkIPuwgTubzaWxQPjoPovZg8Q.woff2'},sans-serif,webfonts#webfont,https://fonts.gstatic.com/s/nokora/v34/hYkVPuwgTubzaWxKMBj_emrD9wtMuj1fQbOjdQ.woff2,"[{'tag': 'wght', 'start': 100, 'end': 900}]",,750,2025,recent_12m,False,True,9,{'wght'},1,False,False,False,2,False,False,False
Irish Grover,['regular'],['latin'],v23,2025-05-30,{'regular': 'https://fonts.gstatic.com/s/irishgrover/v23/buExpoi6YtLz2QW7LA4flVgf_f5Oaiw4cw.woff2'},display,webfonts#webfont,https://fonts.gstatic.com/s/irishgrover/v23/buExpoi6YtLz2QW7LA4flVgv-fRP.woff2,,,751,2025,older,False,False,1,set(),0,False,False,False,1,False,False,False
Bayon,['regular'],"['khmer', 'latin']",v36,2025-09-11,{'regular': 'https://fonts.gstatic.com/s/bayon/v36/9XUrlJNmn0LPFl-sOhYEd2NJ.woff2'},sans-serif,webfonts#webfont,https://fonts.gstatic.com/s/bayon/v36/9XUrlJNmn0LPFm-oMBc.woff2,,,752,2025,recent_12m,False,False,1,set(),0,False,False,False,2,False,False,False
Original Surfer,['regular'],"['latin', 'latin-ext']",v25,2025-09-05,{'regular': 'https://fonts.gstatic.com/s/originalsurfer/v25/RWmQoKGZ9vIirYntXJ3_MbekzNMiCUtvAlaMKw.woff2'},display,webfonts#webfont,https://fonts.gstatic.com/s/originalsurfer/v25/RWmQoKGZ9vIirYntXJ3_MbekzNMSDUFu.woff2,,,753,2025,recent_12m,False,False,1,set(),0,False,False,False,2,False,False,False
Trocchi,['regular'],"['latin', 'latin-ext']",v19,2025-09-10,{'regular': 'https://fonts.gstatic.com/s/trocchi/v19/qWcqB6WkuIDxDZLcDr5UvMeTYD0.woff2'},serif,webfonts#webfont,https://fonts.gstatic.com/s/trocchi/v19/qWcqB6WkuIDxDZLcPrpevQ.woff2,,,754,2025,recent_12m,False,False,1,set(),0,False,False,False,2,False,False,False
Sometype Mono,"['regular', 'italic']","['latin', 'latin-ext']",v4,2025-09-16,"{'regular': 'https://fonts.gstatic.com/s/sometypemono/v4/70lVu745KGk_R3uxyq0WrROhGparQEdC7m8.woff2', 'italic': 'https://fonts.gstatic.com/s/sometypemono/v4/70lLu745KGk_R3uxyq0WrROhKpGhQWVH_m9opA.woff2'}",monospace,webfonts#webfont,https://fonts.gstatic.com/s/sometypemono/v4/70lGu745KGk_R3uxyq0WrROhAJiJsJ_eTWllpTAMGH9biwE.woff2,"[{'tag': 'wght', 'start': 400, 'end': 700}]",,755,2025,recent_12m,True,True,4,{'wght'},1,False,False,False,2,False,False,False
Mogra,['regular'],"['gujarati', 'latin', 'latin-ext']",v22,2025-09-11,{'regular': 'https://fonts.gstatic.com/s/mogra/v22/f0X40eSs8c95TBo9DvLmxtnG.woff2'},display,webfonts#webfont,https://fonts.gstatic.com/s/mogra/v22/f0X40eSs8c95TCo5BPM.woff2,,,756,2025,recent_12m,False,False,1,set(),0,False,False,False,3,False,False,False
Cambay,"['regular', 'italic', '700', '700italic']","['devanagari', 'latin', 'latin-ext']",v14,2025-09-11,"{'regular': 'https://fonts.gstatic.com/s/cambay/v14/SLXJc1rY6H0_ZDsGa7SIz9JsaA.woff2', 'italic': 'https://fonts.gstatic.com/s/cambay/v14/SLXLc1rY6H0_ZDs2bL6J7dd8aGZk.woff2', '700': 'https://fonts.gstatic.com/s/cambay/v14/SLXKc1rY6H0_ZDs-0puswvlwYX99kA.woff2', '700italic': 'https://fonts.gstatic.com/s/cambay/v14/SLXMc1rY6H0_ZDs2bIYwwvNxQ3ptkDMN.woff2'}",sans-serif,webfonts#webfont,https://fonts.gstatic.com/s/cambay/v14/SLXJc1rY6H0_ZDs2b76J.woff2,,,757,2025,recent_12m,True,False,2,set(),0,False,False,False,3,False,False,False
Red Rose,['regular'],"['latin', 'latin-ext', 'vietnamese']",v25,2025-09-16,{'regular': 'https://fonts.gstatic.com/s/redrose/v25/QdVVSTYiLBjouPgEUbLhkwVoknQx.woff2'},display,webfonts#webfont,https://fonts.gstatic.com/s/redrose/v25/QdVISTYiLBjouPgEUajvsfWwDtc3MH8yrfszcz6t.woff2,"[{'tag': 'wght', 'start': 300, 'end': 700}]",,758,2025,recent_12m,False,True,5,{'wght'},1,False,False,False,3,False,False,False
Asar,['regular'],"['devanagari', 'latin', 'latin-ext']",v24,2025-09-05,{'regular': 'https://fonts.gstatic.com/s/asar/v24/sZlLdRyI6TBIXkMQDLlTW6E.woff2'},serif,webfonts#webfont,https://fonts.gstatic.com/s/asar/v24/sZlLdRyI6TBIbkcaDQ.woff2,,,759,2025,recent_12m,False,False,1,set(),0,False,False,False,3,False,False,False
Tilt Neon,['regular'],"['latin', 'latin-ext', 'vietnamese']",v12,2025-09-05,{'regular': 'https://fonts.gstatic.com/s/tiltneon/v12/E21l_d7gguXdwD9LEFYsVgVUAuu3cw.woff2'},display,webfonts#webfont,https://fonts.gstatic.com/s/tiltneon/v12/E21L_d7gguXdwD9LEFY2WCeElCNtd-eBqpHp1TzrkJSmwpj5ndxquUK8UOc.woff2,"[{'tag': 'XROT', 'start': -45, 'end': 45}, {'tag': 'YROT', 'start': -45, 'end': 45}]",,760,2025,recent_12m,False,True,1,"{'YROT', 'XROT'}",2,False,False,False,3,False,False,False
Corinthia,"['regular', '700']","['latin', 'latin-ext', 'vietnamese']",v13,2025-09-05,"{'regular': 'https://fonts.gstatic.com/s/corinthia/v13/wEO_EBrAnchaJyPMHE0FVPAL3EsHiA.woff2', '700': 'https://fonts.gstatic.com/s/corinthia/v13/wEO6EBrAnchaJyPMHE097d8v0WAbgbLXQA.woff2'}",handwriting,webfonts#webfont,https://fonts.gstatic.com/s/corinthia/v13/wEO_EBrAnchaJyPMHE01UPoK.woff2,,,761,2025,recent_12m,False,False,2,set(),0,False,False,False,3,False,False,False
Bungee Inline,['regular'],"['latin', 'latin-ext', 'vietnamese']",v19,2025-09-10,{'regular': 'https://fonts.gstatic.com/s/bungeeinline/v19/Gg8zN58UcgnlCweMrih332VuDGd1-FEglsc.woff2'},display,webfonts#webfont,https://fonts.gstatic.com/s/bungeeinline/v19/Gg8zN58UcgnlCweMrih332VuPGN_-Q.woff2,,,762,2025,recent_12m,False,False,1,set(),0,False,False,False,3,False,False,False
Hurricane,['regular'],"['latin', 'latin-ext', 'vietnamese']",v9,2025-09-10,{'regular': 'https://fonts.gstatic.com/s/hurricane/v9/pe0sMIuULZxTolZ5YldyB_2-C99ycg.woff2'},handwriting,webfonts#webfont,https://fonts.gstatic.com/s/hurricane/v9/pe0sMIuULZxTolZ5YldCA_e_.woff2,,,763,2025,recent_12m,False,False,1,set(),0,False,False,False,3,False,False,False
Delius Unicase,"['regular', '700']",['latin'],v30,2025-09-10,"{'regular': 'https://fonts.gstatic.com/s/deliusunicase/v30/845BNMEwEIOVT8BmgfSzIr_6mmLCd-73LXWs.woff2', '700': 'https://fonts.gstatic.com/s/deliusunicase/v30/845CNMEwEIOVT8BmgfSzIr_6mlp7WMr6BmmlS5aw.woff2'}",handwriting,webfonts#webfont,https://fonts.gstatic.com/s/deliusunicase/v30/845BNMEwEIOVT8BmgfSzIr_6mlLGfe8.woff2,,,764,2025,recent_12m,False,False,2,set(),0,False,False,False,1,False,False,False
Amarante,['regular'],"['latin', 'latin-ext']",v30,2025-09-11,{'regular': 'https://fonts.gstatic.com/s/amarante/v30/xMQXuF1KTa6EvGx9bq-yC3rAmD-b.woff2'},display,webfonts#webfont,https://fonts.gstatic.com/s/amarante/v30/xMQXuF1KTa6EvGx9bp-2AXs.woff2,,,765,2025,recent_12m,False,False,1,set(),0,False,False,False,2,False,False,False
Mountains of Christmas,"['regular', '700']",['latin'],v24,2025-09-08,"{'regular': 'https://fonts.gstatic.com/s/mountainsofchristmas/v24/3y9w6a4zcCnn5X0FDyrKi2ZRUBIy8uxoUo7ePNOmMPNpJpc.woff2', '700': 'https://fonts.gstatic.com/s/mountainsofchristmas/v24/3y9z6a4zcCnn5X0FDyrKi2ZRUBIy8uxoUo7eBGqJFP5COp6IaEA.woff2'}",display,webfonts#webfont,https://fonts.gstatic.com/s/mountainsofchristmas/v24/3y9w6a4zcCnn5X0FDyrKi2ZRUBIy8uxoUo7eDNesMQ.woff2,,,766,2025,recent_12m,False,False,2,set(),0,False,False,False,1,False,False,False
Vesper Libre,"['regular', '500', '700', '900']","['devanagari', 'latin', 'latin-ext']",v21,2025-09-05,"{'regular': 'https://fonts.gstatic.com/s/vesperlibre/v21/bx6CNxyWnf-uxPdXDHUD_Rd4Ck-N2qIWVQ.woff2', '500': 'https://fonts.gstatic.com/s/vesperlibre/v21/bx6dNxyWnf-uxPdXDHUD_RdA-2ap14kKXKvPlw.woff2', '700': 'https://fonts.gstatic.com/s/vesperlibre/v21/bx6dNxyWnf-uxPdXDHUD_RdAs2Cp14kKXKvPlw.woff2', '900': 'https://fonts.gstatic.com/s/vesperlibre/v21/bx6dNxyWnf-uxPdXDHUD_RdAi2Kp14kKXKvPlw.woff2'}",serif,webfonts#webfont,https://fonts.gstatic.com/s/vesperlibre/v21/bx6CNxyWnf-uxPdXDHUD_RdIDkWM.woff2,,,767,2025,recent_12m,False,False,4,set(),0,False,False,False,3,False,False,False
Mansalva,['regular'],"['greek', 'latin', 'latin-ext', 'vietnamese']",v16,2025-09-16,{'regular': 'https://fonts.gstatic.com/s/mansalva/v16/aWB4m0aacbtDfvq5NJlgI47vdyBg.woff2'},handwriting,webfonts#webfont,https://fonts.gstatic.com/s/mansalva/v16/aWB4m0aacbtDfvq5NKlkKY8.woff2,,,768,2025,recent_12m,False,False,1,set(),0,False,False,False,4,False,False,False
Baloo Bhai 2,['regular'],"['gujarati', 'latin', 'latin-ext', 'vietnamese']",v30,2025-09-10,{'regular': 'https://fonts.gstatic.com/s/baloobhai2/v30/sZlDdRSL-z1VEWZ4YNA7Y5I3dNTmiH1gFQ.woff2'},display,webfonts#webfont,https://fonts.gstatic.com/s/baloobhai2/v30/sZlWdRSL-z1VEWZ4YNA7Y5ItevYWUOHDE8FvNighAXaIog.woff2,"[{'tag': 'wght', 'start': 400, 'end': 800}]",,769,2025,recent_12m,False,True,5,{'wght'},1,False,False,False,4,False,False,False
Zen Antique,['regular'],"['cyrillic', 'greek', 'japanese', 'latin', 'latin-ext']",v14,2025-09-08,{'regular': 'https://fonts.gstatic.com/s/zenantique/v14/AYCPpXPnd91Ma_Zf-Ri2JXJv7PKP5Z_G.woff2'},serif,webfonts#webfont,https://fonts.gstatic.com/s/zenantique/v14/AYCPpXPnd91Ma_Zf-Ri2JUJr5vM.woff2,,,770,2025,recent_12m,False,False,1,set(),0,False,False,False,5,False,False,False
Holtwood One SC,['regular'],"['latin', 'latin-ext']",v23,2025-09-08,{'regular': 'https://fonts.gstatic.com/s/holtwoodonesc/v23/yYLx0hLR0P-3vMFSk1TCq3Txg5B3dLb6LZttyg.woff2'},serif,webfonts#webfont,https://fonts.gstatic.com/s/holtwoodonesc/v23/yYLx0hLR0P-3vMFSk1TCq3Txg5BHcLz7.woff2,,,771,2025,recent_12m,False,False,1,set(),0,False,False,False,2,False,False,False
Meow Script,['regular'],"['latin', 'latin-ext', 'vietnamese']",v6,2025-09-11,{'regular': 'https://fonts.gstatic.com/s/meowscript/v6/0FlQVPqanlaJrtr8AnJ0ESck0_0CfDf1.woff2'},handwriting,webfonts#webfont,https://fonts.gstatic.com/s/meowscript/v6/0FlQVPqanlaJrtr8AnJ0ERcg2fw.woff2,,,772,2025,recent_12m,False,False,1,set(),0,False,False,False,3,False,False,False
Meddon,['regular'],"['latin', 'latin-ext']",v27,2025-09-05,{'regular': 'https://fonts.gstatic.com/s/meddon/v27/kmK8ZqA2EgDNeHTZgRdB3y_Aow.woff2'},handwriting,webfonts#webfont,https://fonts.gstatic.com/s/meddon/v27/kmK8ZqA2EgDNeHTphR1A.woff2,,,773,2025,recent_12m,False,False,1,set(),0,False,False,False,2,False,False,False
Manjari,"['100', 'regular', '700']","['latin', 'latin-ext', 'malayalam']",v14,2025-09-11,"{'100': 'https://fonts.gstatic.com/s/manjari/v14/k3kSo8UPMOBO2w1UdbroLmvFIaOV8A.woff2', 'regular': 'https://fonts.gstatic.com/s/manjari/v14/k3kQo8UPMOBO2w1UTdviL0nAMaM.woff2', '700': 'https://fonts.gstatic.com/s/manjari/v14/k3kVo8UPMOBO2w1UdWLNC0TrLaqM6Q4.woff2'}",sans-serif,webfonts#webfont,https://fonts.gstatic.com/s/manjari/v14/k3kQo8UPMOBO2w1Ufd_oLg.woff2,,,774,2025,recent_12m,False,False,3,set(),0,False,False,False,3,False,False,False
Rakkas,['regular'],"['arabic', 'latin', 'latin-ext']",v22,2025-09-10,{'regular': 'https://fonts.gstatic.com/s/rakkas/v22/Qw3cZQlNHiblL3j_k9tPOeMcCw.woff2'},display,webfonts#webfont,https://fonts.gstatic.com/s/rakkas/v22/Qw3cZQlNHiblL3jPl9FO.woff2,,,775,2025,recent_12m,False,False,1,set(),0,False,False,False,3,False,False,False
Rasa,"['regular', 'italic']","['gujarati', 'latin', 'latin-ext', 'vietnamese']",v27,2025-09-05,"{'regular': 'https://fonts.gstatic.com/s/rasa/v27/xn7vYHIn1mWmTqdelgiQV9w.woff2', 'italic': 'https://fonts.gstatic.com/s/rasa/v27/xn7hYHIn1mWmfqBUlyqVR9zEfQ.woff2'}",serif,webfonts#webfont,https://fonts.gstatic.com/s/rasa/v27/xn76YHIn1mWmVKl8ZtAM9NrJfN5GJV40d8o.woff2,"[{'tag': 'wght', 'start': 300, 'end': 700}]",,776,2025,recent_12m,True,True,5,{'wght'},1,False,False,False,4,False,False,False
Rambla,"['regular', 'italic', '700', '700italic']","['latin', 'latin-ext']",v14,2025-09-10,"{'regular': 'https://fonts.gstatic.com/s/rambla/v14/snfrs0ip98hx6mr0JrIONthkwQ.woff2', 'italic': 'https://fonts.gstatic.com/s/rambla/v14/snfps0ip98hx6mrEIbgPFN10wYKa.woff2', '700': 'https://fonts.gstatic.com/s/rambla/v14/snfos0ip98hx6mrMn50qO_N4yJuDYQ.woff2', '700italic': 'https://fonts.gstatic.com/s/rambla/v14/snfus0ip98hx6mrEIYC2O_l56p6TYS-Y.woff2'}",sans-serif,webfonts#webfont,https://fonts.gstatic.com/s/rambla/v14/snfrs0ip98hx6mrEIrgP.woff2,,,777,2025,recent_12m,True,False,2,set(),0,False,False,False,2,False,False,False
Kadwa,"['regular', '700']","['devanagari', 'latin']",v15,2026-06-30,"{'regular': 'https://fonts.gstatic.com/s/kadwa/v15/rnCm-x5V0g7iphTCRcc2s2XH.woff2', '700': 'https://fonts.gstatic.com/s/kadwa/v15/rnCr-x5V0g7ipix7auM7mHnOSOuk.woff2'}",serif,webfonts#webfont,https://fonts.gstatic.com/s/kadwa/v15/rnCm-x5V0g7ipiTGT8Y.woff2,,,778,2026,recent_12m,False,False,2,set(),0,False,False,False,2,False,False,False
Hahmlet,['regular'],"['korean', 'latin', 'latin-ext', 'vietnamese']",v21,2025-09-08,{'regular': 'https://fonts.gstatic.com/s/hahmlet/v21/BngIUXpCQ3nKpIo0V_3QjP_L3qE.woff2'},serif,webfonts#webfont,https://fonts.gstatic.com/s/hahmlet/v21/BngXUXpCQ3nKpIo0TfPyfCdXfaeU4RhKOOjpZMI.woff2,"[{'tag': 'wght', 'start': 100, 'end': 900}]",,779,2025,recent_12m,False,True,9,{'wght'},1,False,False,False,4,True,False,False
Jaldi,"['regular', '700']","['devanagari', 'latin', 'latin-ext']",v14,2025-09-16,"{'regular': 'https://fonts.gstatic.com/s/jaldi/v14/or3sQ67z0_CI30NRZpD_B6g8.woff2', '700': 'https://fonts.gstatic.com/s/jaldi/v14/or3hQ67z0_CI33voSbTyLLQ1niPn.woff2'}",sans-serif,webfonts#webfont,https://fonts.gstatic.com/s/jaldi/v14/or3sQ67z0_CI33NVbJE.woff2,,,780,2025,recent_12m,False,False,2,set(),0,False,False,False,3,False,False,False
Fuzzy Bubbles,"['regular', '700']","['latin', 'latin-ext', 'vietnamese']",v9,2025-09-16,"{'regular': 'https://fonts.gstatic.com/s/fuzzybubbles/v9/6qLGKZMbrgv9pwtjPEVNV0F2Nnb5Zxsreko.woff2', '700': 'https://fonts.gstatic.com/s/fuzzybubbles/v9/6qLbKZMbrgv9pwtjPEVNV0F2Ds_WQxYAZkM1pn4.woff2'}",handwriting,webfonts#webfont,https://fonts.gstatic.com/s/fuzzybubbles/v9/6qLGKZMbrgv9pwtjPEVNV0F2BnLzZg.woff2,,,781,2025,recent_12m,False,False,2,set(),0,False,False,False,3,False,False,False
Libertinus Math,['regular'],['latin'],v2,2026-05-05,{'regular': 'https://fonts.gstatic.com/s/libertinusmath/v2/Gw6iwc3770TVMoHVurPejWtfenRLuvKJt3R-2Q.woff2'},display,webfonts#webfont,https://fonts.gstatic.com/s/libertinusmath/v2/Gw6iwc3770TVMoHVurPejWtfenR7vviI.woff2,,,782,2026,recent_12m,False,False,1,set(),0,False,False,False,1,False,False,False
Jockey One,['regular'],"['latin', 'latin-ext']",v23,2025-09-16,{'regular': 'https://fonts.gstatic.com/s/jockeyone/v23/HTxpL2g2KjCFj4x8WI6ArIP7HYOk4xc.woff2'},sans-serif,webfonts#webfont,https://fonts.gstatic.com/s/jockeyone/v23/HTxpL2g2KjCFj4x8WI6AnIfxHA.woff2,,,783,2025,recent_12m,False,False,1,set(),0,False,False,False,2,False,False,False
Zalando Sans Expanded,"['regular', 'italic']","['latin', 'latin-ext', 'vietnamese']",v3,2026-04-02,"{'regular': 'https://fonts.gstatic.com/s/zalandosansexpanded/v3/JTUJjJci8Cy470GaeFwsix1hi3aTmrgRwU-DrkY6QX5Mog.woff2', 'italic': 'https://fonts.gstatic.com/s/zalandosansexpanded/v3/JTUHjJci8Cy470GaeFwsix1hi3aTmrgRwU-zqUw7Y3tcoqK5.woff2'}",sans-serif,webfonts#webfont,https://fonts.gstatic.com/s/zalandosansexpanded/v3/JTU6jJci8Cy470GaeFwsix1hi3aTmrgRwU-ZoGTKmeLvpK-4OHGIp4xrcg.woff2,"[{'tag': 'wght', 'start': 200, 'end': 900}]",,784,2026,recent_12m,True,True,8,{'wght'},1,False,False,False,3,False,False,False
Kodchasan,"['200', '200italic', '300', '300italic', 'regular', 'italic', '500', '500italic', '600', '600italic', '700', '700italic']","['latin', 'latin-ext', 'thai', 'vietnamese']",v20,2025-09-08,"{'200': 'https://fonts.gstatic.com/s/kodchasan/v20/1cX0aUPOAJv9sG4I-DJeR1CghOqo3eMeoA.woff2', '200italic': 'https://fonts.gstatic.com/s/kodchasan/v20/1cXqaUPOAJv9sG4I-DJWjUlIgOCp_-YOoIgN.woff2', '300': 'https://fonts.gstatic.com/s/kodchasan/v20/1cX0aUPOAJv9sG4I-DJeI1OghOqo3eMeoA.woff2', '300italic': 'https://fonts.gstatic.com/s/kodchasan/v20/1cXqaUPOAJv9sG4I-DJWjUksg-Cp_-YOoIgN.woff2', 'regular': 'https://fonts.gstatic.com/s/kodchasan/v20/1cXxaUPOAJv9sG4I-DJminuEicG01A.woff2', 'italic': 'https://fonts.gstatic.com/s/kodchasan/v20/1cX3aUPOAJv9sG4I-DJWjXGFq8Sk1PoH.woff2', '500': 'https://fonts.gstatic.com/s/kodchasan/v20/1cX0aUPOAJv9sG4I-DJee1KghOqo3eMeoA.woff2', '500italic': 'https://fonts.gstatic.com/s/kodchasan/v20/1cXqaUPOAJv9sG4I-DJWjUl0guCp_-YOoIgN.woff2', '600': 'https://fonts.gstatic.com/s/kodchasan/v20/1cX0aUPOAJv9sG4I-DJeV1WghOqo3eMeoA.woff2', '600italic': 'https://fonts.gstatic.com/s/kodchasan/v20/1cXqaUPOAJv9sG4I-DJWjUlYheCp_-YOoIgN.woff2', '700': 'https://fonts.gstatic.com/s/kodchasan/v20/1cX0aUPOAJv9sG4I-DJeM1SghOqo3eMeoA.woff2', '700italic': 'https://fonts.gstatic.com/s/kodchasan/v20/1cXqaUPOAJv9sG4I-DJWjUk8hOCp_-YOoIgN.woff2'}",sans-serif,webfonts#webfont,https://fonts.gstatic.com/s/kodchasan/v20/1cXxaUPOAJv9sG4I-DJWjnGF.woff2,,,785,2025,recent_12m,True,False,6,set(),0,False,False,False,4,False,False,False
Baloo Chettan 2,['regular'],"['latin', 'latin-ext', 'malayalam', 'vietnamese']",v23,2025-09-16,{'regular': 'https://fonts.gstatic.com/s/baloochettan2/v23/vm8udRbmXEva26PK-NtuX4ynWEzf5f17OpYDlg.woff2'},display,webfonts#webfont,https://fonts.gstatic.com/s/baloochettan2/v23/vm8hdRbmXEva26PK-NtuX4ynWEzF69-L4gqgkIL5CeKTC1sUHg.woff2,"[{'tag': 'wght', 'start': 400, 'end': 800}]",,786,2025,recent_12m,False,True,5,{'wght'},1,False,False,False,4,False,False,False
Encode Sans Semi Condensed,"['100', '200', '300', 'regular', '500', '600', '700', '800', '900']","['latin', 'latin-ext', 'vietnamese']",v13,2026-06-30,"{'100': 'https://fonts.gstatic.com/s/encodesanssemicondensed/v13/3qT6oiKqnDuUtQUEHMoXcmspmy55SFWrXFRp9FTOG1T19MRtQ9jpVUA.woff2', '200': 'https://fonts.gstatic.com/s/encodesanssemicondensed/v13/3qT7oiKqnDuUtQUEHMoXcmspmy55SFWrXFRp9FTOG1RZ1eFCbdTgTFmr.woff2', '300': 'https://fonts.gstatic.com/s/encodesanssemicondensed/v13/3qT7oiKqnDuUtQUEHMoXcmspmy55SFWrXFRp9FTOG1Q91uFCbdTgTFmr.woff2', 'regular': 'https://fonts.gstatic.com/s/encodesanssemicondensed/v13/3qT4oiKqnDuUtQUEHMoXcmspmy55SFWrXFRp9FTOG2yU_sVPRsjp.woff2', '500': 'https://fonts.gstatic.com/s/encodesanssemicondensed/v13/3qT7oiKqnDuUtQUEHMoXcmspmy55SFWrXFRp9FTOG1Rl1-FCbdTgTFmr.woff2', '600': 'https://fonts.gstatic.com/s/encodesanssemicondensed/v13/3qT7oiKqnDuUtQUEHMoXcmspmy55SFWrXFRp9FTOG1RJ0OFCbdTgTFmr.woff2', '700': 'https://fonts.gstatic.com/s/encodesanssemicondensed/v13/3qT7oiKqnDuUtQUEHMoXcmspmy55SFWrXFRp9FTOG1Qt0eFCbdTgTFmr.woff2', '800': 'https://fonts.gstatic.com/s/encodesanssemicondensed/v13/3qT7oiKqnDuUtQUEHMoXcmspmy55SFWrXFRp9FTOG1Qx0uFCbdTgTFmr.woff2', '900': 'https://fonts.gstatic.com/s/encodesanssemicondensed/v13/3qT7oiKqnDuUtQUEHMoXcmspmy55SFWrXFRp9FTOG1QV0-FCbdTgTFmr.woff2'}",sans-serif,webfonts#webfont,https://fonts.gstatic.com/s/encodesanssemicondensed/v13/3qT4oiKqnDuUtQUEHMoXcmspmy55SFWrXFRp9FTOG1yQ9MQ.woff2,,,787,2026,recent_12m,False,False,9,set(),0,False,False,False,3,False,False,False
Oleo Script Swash Caps,"['regular', '700']","['latin', 'latin-ext']",v14,2025-09-08,"{'regular': 'https://fonts.gstatic.com/s/oleoscriptswashcaps/v14/Noaj6Vb-w5SFbTTAsZP_7JkCS08K-jCzDn_HMX-uSY0Hg90.woff2', '700': 'https://fonts.gstatic.com/s/oleoscriptswashcaps/v14/Noag6Vb-w5SFbTTAsZP_7JkCS08K-jCzDn_HCcaBbYAsn9T5dt0.woff2'}",display,webfonts#webfont,https://fonts.gstatic.com/s/oleoscriptswashcaps/v14/Noaj6Vb-w5SFbTTAsZP_7JkCS08K-jCzDn_HAXukSA.woff2,,,788,2025,recent_12m,False,False,2,set(),0,False,False,False,2,False,False,False
Bungee Shade,['regular'],"['latin', 'latin-ext', 'vietnamese']",v17,2025-09-16,{'regular': 'https://fonts.gstatic.com/s/bungeeshade/v17/DtVkJxarWL0t2KdzK3oI_jks6yLSrwFUlw.woff2'},display,webfonts#webfont,https://fonts.gstatic.com/s/bungeeshade/v17/DtVkJxarWL0t2KdzK3oI_jkc7yjT.woff2,,,789,2025,recent_12m,False,False,1,set(),0,False,False,False,3,False,False,False
Rouge Script,['regular'],['latin'],v20,2025-09-16,{'regular': 'https://fonts.gstatic.com/s/rougescript/v20/LYjFdGbiklMoCIQOw1Ep3S4PUfXbUJWq9g.woff2'},handwriting,webfonts#webfont,https://fonts.gstatic.com/s/rougescript/v20/LYjFdGbiklMoCIQOw1Ep3S4_Vf_a.woff2,,,790,2025,recent_12m,False,False,1,set(),0,False,False,False,1,False,False,False
MedievalSharp,['regular'],"['latin', 'latin-ext']",v28,2025-09-10,{'regular': 'https://fonts.gstatic.com/s/medievalsharp/v28/EvOJzAlL3oU5AQl2mP5KdgptAqp6MwvXLDk.woff2'},display,webfonts#webfont,https://fonts.gstatic.com/s/medievalsharp/v28/EvOJzAlL3oU5AQl2mP5KdgptMq5wMg.woff2,,,791,2025,recent_12m,False,False,1,set(),0,False,False,False,2,False,False,False
Rochester,['regular'],['latin'],v24,2025-09-08,{'regular': 'https://fonts.gstatic.com/s/rochester/v24/6ae-4KCqVa4Zy6Fif-Uy2lvWNTMwoQ.woff2'},handwriting,webfonts#webfont,https://fonts.gstatic.com/s/rochester/v24/6ae-4KCqVa4Zy6Fif-UC3lHX.woff2,,,792,2025,recent_12m,False,False,1,set(),0,False,False,False,1,False,False,False
Birthstone,['regular'],"['latin', 'latin-ext', 'vietnamese']",v16,2025-09-05,{'regular': 'https://fonts.gstatic.com/s/birthstone/v16/8AtsGs2xO4yLRhy87sv_HLz5jRfZHzM.woff2'},handwriting,webfonts#webfont,https://fonts.gstatic.com/s/birthstone/v16/8AtsGs2xO4yLRhy87sv_LLjzjA.woff2,,,793,2025,recent_12m,False,False,1,set(),0,False,False,False,3,False,False,False
Nova Mono,['regular'],"['greek', 'latin', 'latin-ext']",v23,2025-09-10,{'regular': 'https://fonts.gstatic.com/s/novamono/v23/Cn-0JtiGWQ5Ajb--MRKfZWxYrdM9Sg.woff2'},monospace,webfonts#webfont,https://fonts.gstatic.com/s/novamono/v23/Cn-0JtiGWQ5Ajb--MRKvYWZZ.woff2,,,794,2025,recent_12m,False,False,1,set(),0,False,False,False,3,False,False,False
Gabriela,['regular'],"['cyrillic', 'cyrillic-ext', 'latin', 'latin-ext']",v23,2025-09-11,{'regular': 'https://fonts.gstatic.com/s/gabriela/v23/qkBWXvsO6sreR8E-b_m7zrpHmRzC.woff2'},serif,webfonts#webfont,https://fonts.gstatic.com/s/gabriela/v23/qkBWXvsO6sreR8E-b8m_xLs.woff2,,,795,2025,recent_12m,False,False,1,set(),0,False,False,False,4,False,False,False
Aguafina Script,['regular'],"['latin', 'latin-ext']",v24,2025-09-02,{'regular': 'https://fonts.gstatic.com/s/aguafinascript/v24/If2QXTv_ZzSxGIO30LemWEOmt1bHr84pgicOrg.woff2'},handwriting,webfonts#webfont,https://fonts.gstatic.com/s/aguafinascript/v24/If2QXTv_ZzSxGIO30LemWEOmt1b3q8Qo.woff2,,,796,2025,recent_12m,False,False,1,set(),0,False,False,False,2,False,False,False
IM Fell DW Pica,"['regular', 'italic']",['latin'],v16,2025-05-30,"{'regular': 'https://fonts.gstatic.com/s/imfelldwpica/v16/2sDGZGRQotv9nbn2qSl0TxXVYNw9YQPUvi88MQ.woff2', 'italic': 'https://fonts.gstatic.com/s/imfelldwpica/v16/2sDEZGRQotv9nbn2qSl0TxXVYNwNZgnVnCosMXm0.woff2'}",serif,webfonts#webfont,https://fonts.gstatic.com/s/imfelldwpica/v16/2sDGZGRQotv9nbn2qSl0TxXVYNwNZQnV.woff2,,,797,2025,older,True,False,1,set(),0,False,False,False,1,False,False,False
Noto Serif Khojki,['regular'],"['khojki', 'latin', 'latin-ext']",v13,2025-09-08,{'regular': 'https://fonts.gstatic.com/s/notoserifkhojki/v13/I_u0MoOduATTei9aP90ctmPGxP2rBL7CwJfIeG71.woff2'},serif,webfonts#webfont,https://fonts.gstatic.com/s/notoserifkhojki/v13/I_uHMoOduATTei9aP90ctmPGxP2rBKTM4mcQ5M3z9QMY0ghfyJcR.woff2,"[{'tag': 'wght', 'start': 400, 'end': 700}]",,798,2025,recent_12m,False,True,4,{'wght'},1,False,False,False,3,False,False,False
Metamorphous,['regular'],"['latin', 'latin-ext']",v22,2025-09-08,{'regular': 'https://fonts.gstatic.com/s/metamorphous/v22/Wnz8HA03aAXcC39ZEX5y1330OSCthTsmaQ.woff2'},display,webfonts#webfont,https://fonts.gstatic.com/s/metamorphous/v22/Wnz8HA03aAXcC39ZEX5y133EPSqs.woff2,,,799,2025,recent_12m,False,False,1,set(),0,False,False,False,2,False,False,False
Libertinus Serif,"['regular', 'italic', '600', '600italic', '700', '700italic']","['cyrillic', 'cyrillic-ext', 'greek', 'greek-ext', 'hebrew', 'latin', 'latin-ext', 'vietnamese']",v1,2025-07-30,"{'regular': 'https://fonts.gstatic.com/s/libertinusserif/v1/RLpkK4bw7KinajYBg0RTTwCLF5Ben6wFUHPIFaU.woff2', 'italic': 'https://fonts.gstatic.com/s/libertinusserif/v1/RLpiK4bw7KinajYBg0RTTwCLF5Ber6sPUVHNBaVImA.woff2', '600': 'https://fonts.gstatic.com/s/libertinusserif/v1/RLpjK4bw7KinajYBg0RTTwCLF5Bep3ErdH7jCaxRgew.woff2', '600italic': 'https://fonts.gstatic.com/s/libertinusserif/v1/RLphK4bw7KinajYBg0RTTwCLF5Ber6s3jH_pCI5UkexwPg.woff2', '700': 'https://fonts.gstatic.com/s/libertinusserif/v1/RLpjK4bw7KinajYBg0RTTwCLF5BepxUqdH7jCaxRgew.woff2', '700italic': 'https://fonts.gstatic.com/s/libertinusserif/v1/RLphK4bw7KinajYBg0RTTwCLF5Ber6s36H7pCI5UkexwPg.woff2'}",serif,webfonts#webfont,https://fonts.gstatic.com/s/libertinusserif/v1/RLpkK4bw7KinajYBg0RTTwCLF5Ber6gPUQ.woff2,,,800,2025,recent_12m,True,False,3,set(),0,False,False,False,8,False,False,False
Farro,"['300', 'regular', '500', '700']","['latin', 'latin-ext']",v15,2025-09-16,"{'300': 'https://fonts.gstatic.com/s/farro/v15/i7dJIFl3byGNHa3hNJ67WkJUQUq7.woff2', 'regular': 'https://fonts.gstatic.com/s/farro/v15/i7dEIFl3byGNHZVIHLq2cV5d.woff2', '500': 'https://fonts.gstatic.com/s/farro/v15/i7dJIFl3byGNHa25NZ67WkJUQUq7.woff2', '700': 'https://fonts.gstatic.com/s/farro/v15/i7dJIFl3byGNHa3xM567WkJUQUq7.woff2'}",sans-serif,webfonts#webfont,https://fonts.gstatic.com/s/farro/v15/i7dEIFl3byGNHaVMFrs.woff2,,,801,2025,recent_12m,False,False,4,set(),0,False,False,False,2,False,False,False
Square Peg,['regular'],"['latin', 'latin-ext', 'vietnamese']",v7,2025-09-05,{'regular': 'https://fonts.gstatic.com/s/squarepeg/v7/y83eW48Nzw6ZlUHc-phrBDTrHHfrFPE.woff2'},handwriting,webfonts#webfont,https://fonts.gstatic.com/s/squarepeg/v7/y83eW48Nzw6ZlUHc-phrNDDhHQ.woff2,,,802,2025,recent_12m,False,False,1,set(),0,False,False,False,3,False,False,False
Inclusive Sans,"['regular', 'italic']","['latin', 'latin-ext', 'vietnamese']",v5,2026-06-29,"{'regular': 'https://fonts.gstatic.com/s/inclusivesans/v5/0nkxC9biPuwflXcJ46P4PGWE097wowa2LB4i.woff2', 'italic': 'https://fonts.gstatic.com/s/inclusivesans/v5/0nkzC9biPuwflXcJ46P4PGWE0-73qQeUKQ4iT6o.woff2'}",sans-serif,webfonts#webfont,https://fonts.gstatic.com/s/inclusivesans/v5/0nk8C9biPuwflXcJ46P4PGWE08T-gfZusL0kQqtfcBt972Zs.woff2,"[{'tag': 'wght', 'start': 300, 'end': 700}]",,803,2026,recent_12m,True,True,5,{'wght'},1,False,False,False,3,False,False,False
Baloo Bhaijaan 2,['regular'],"['arabic', 'latin', 'latin-ext', 'vietnamese']",v21,2025-09-16,{'regular': 'https://fonts.gstatic.com/s/baloobhaijaan2/v21/zYX9KUwuEqdVGqM8tPDdAA_Y-_bMMINmdd_qFmo.woff2'},display,webfonts#webfont,https://fonts.gstatic.com/s/baloobhaijaan2/v21/zYXwKUwuEqdVGqM8tPDdAA_Y-_bMKo1EhQd2tWxo8TyRSpP5JYs.woff2,"[{'tag': 'wght', 'start': 400, 'end': 800}]",,804,2025,recent_12m,False,True,5,{'wght'},1,False,False,False,4,False,False,False
Ruslan Display,['regular'],"['cyrillic', 'latin', 'latin-ext', 'math', 'symbols']",v27,2025-06-02,{'regular': 'https://fonts.gstatic.com/s/ruslandisplay/v27/Gw6jwczl81XcIZuckK_e3UpfdzxuldyFvm1n.woff2'},display,webfonts#webfont,https://fonts.gstatic.com/s/ruslandisplay/v27/Gw6jwczl81XcIZuckK_e3Upfdwxqn90.woff2,,,805,2025,older,False,False,1,set(),0,False,False,False,5,False,False,False
Fauna One,['regular'],"['latin', 'latin-ext']",v16,2025-09-08,{'regular': 'https://fonts.gstatic.com/s/faunaone/v16/wlpzgwTPBVpjpCuwkuEx3ExLYClOCg.woff2'},serif,webfonts#webfont,https://fonts.gstatic.com/s/faunaone/v16/wlpzgwTPBVpjpCuwkuEB2EZK.woff2,,,806,2025,recent_12m,False,False,1,set(),0,False,False,False,2,False,False,False
TikTok Sans,['regular'],"['cyrillic', 'cyrillic-ext', 'greek', 'latin', 'latin-ext', 'vietnamese']",v8,2026-06-17,{'regular': 'https://fonts.gstatic.com/s/tiktoksans/v8/70lXu7g-Lm8OXGnh_Ow1sV3LEJeJRVdC.woff2'},sans-serif,webfonts#webfont,https://fonts.gstatic.com/s/tiktoksans/v8/70kbu7g-Lm8OXGnh_Ow1sUfFMmlnhbRF425wxXH-UGeud7XItbaHtxhggMrrmAvSNAHtMV6x5PpBL2J5Rgbj-Bo7COHFpVDp.woff2,"[{'tag': 'opsz', 'start': 12, 'end': 36}, {'tag': 'slnt', 'start': -6, 'end': 0}, {'tag': 'wdth', 'start': 75, 'end': 150}, {'tag': 'wght', 'start': 300, 'end': 900}]",,807,2026,recent_12m,False,True,7,"{'opsz', 'wght', 'wdth', 'slnt'}",4,True,True,True,6,False,False,False
Noto Sans Thai Looped,['regular'],"['latin', 'latin-ext', 'thai']",v16,2025-09-05,{'regular': 'https://fonts.gstatic.com/s/notosansthailooped/v16/B50RF6pOpWTRcGrhOVJJ3-oPfY7WQuFu5R3gPqocWiHvWQ.woff2'},sans-serif,webfonts#webfont,https://fonts.gstatic.com/s/notosansthailooped/v16/B503F6pOpWTRcGrhOVJJ3-oPfY7WQuFu5R36MIjwurFMX_p0KVmQL3HnxYJ8hCVQ-_gtHiJjSI8.woff2,"[{'tag': 'wdth', 'start': 62.5, 'end': 100}, {'tag': 'wght', 'start': 100, 'end': 900}]",,808,2025,recent_12m,False,True,9,"{'wdth', 'wght'}",2,True,False,False,3,False,False,False
Croissant One,['regular'],"['latin', 'latin-ext']",v28,2025-09-16,{'regular': 'https://fonts.gstatic.com/s/croissantone/v28/3y9n6bU9bTPg4m8NDy3Kq24UM39qn5cdJ-4.woff2'},display,webfonts#webfont,https://fonts.gstatic.com/s/croissantone/v28/3y9n6bU9bTPg4m8NDy3Kq24UA3tgng.woff2,,,809,2025,recent_12m,False,False,1,set(),0,False,False,False,2,False,False,False
Magra,"['regular', '700']","['latin', 'latin-ext']",v15,2025-09-08,"{'regular': 'https://fonts.gstatic.com/s/magra/v15/uK_94ruaZus72k50IDMfO-ed.woff2', '700': 'https://fonts.gstatic.com/s/magra/v15/uK_w4ruaZus72nbNDxcSEPuUX1ow.woff2'}",sans-serif,webfonts#webfont,https://fonts.gstatic.com/s/magra/v15/uK_94ruaZus72n5wKjI.woff2,,,810,2025,recent_12m,False,False,2,set(),0,False,False,False,2,False,False,False
Battambang,"['100', '300', 'regular', '700', '900']","['khmer', 'latin']",v26,2025-09-05,"{'100': 'https://fonts.gstatic.com/s/battambang/v26/uk-kEGe7raEw-HjkzZabNhGp4g50_o9T7Q.woff2', '300': 'https://fonts.gstatic.com/s/battambang/v26/uk-lEGe7raEw-HjkzZabNtmLxyFa8oZK9I0.woff2', 'regular': 'https://fonts.gstatic.com/s/battambang/v26/uk-mEGe7raEw-HjkzZabDnCj4yxx7o8.woff2', '700': 'https://fonts.gstatic.com/s/battambang/v26/uk-lEGe7raEw-HjkzZabNsmMxyFa8oZK9I0.woff2', '900': 'https://fonts.gstatic.com/s/battambang/v26/uk-lEGe7raEw-HjkzZabNvGOxyFa8oZK9I0.woff2'}",display,webfonts#webfont,https://fonts.gstatic.com/s/battambang/v26/uk-mEGe7raEw-HjkzZabPnSp4g.woff2,,,811,2025,recent_12m,False,False,5,set(),0,False,False,False,2,False,False,False
Contrail One,['regular'],['latin'],v21,2025-09-08,{'regular': 'https://fonts.gstatic.com/s/contrailone/v21/eLGbP-j_JA-kG0_Zo51noafdYEvt_c092w.woff2'},display,webfonts#webfont,https://fonts.gstatic.com/s/contrailone/v21/eLGbP-j_JA-kG0_Zo51noaftZEHs.woff2,,,812,2025,recent_12m,False,False,1,set(),0,False,False,False,1,False,False,False
ZCOOL QingKe HuangYou,['regular'],"['chinese-simplified', 'latin']",v16,2025-09-10,{'regular': 'https://fonts.gstatic.com/s/zcoolqingkehuangyou/v16/2Eb5L_R5IXJEWhD3AOhSvFC554MOOahI4mRIjv28c8bHWA.woff2'},sans-serif,webfonts#webfont,https://fonts.gstatic.com/s/zcoolqingkehuangyou/v16/2Eb5L_R5IXJEWhD3AOhSvFC554MOOahI4mR4ive9.woff2,,,813,2025,recent_12m,False,False,1,set(),0,False,False,False,2,False,False,False
Give You Glory,['regular'],"['latin', 'latin-ext']",v17,2025-09-05,{'regular': 'https://fonts.gstatic.com/s/giveyouglory/v17/8QIQdiHOgt3vv4LR7ahjw9-XYc12B4ZD6rwa.woff2'},handwriting,webfonts#webfont,https://fonts.gstatic.com/s/giveyouglory/v17/8QIQdiHOgt3vv4LR7ahjw9-XYf1yDYc.woff2,,,814,2025,recent_12m,False,False,1,set(),0,False,False,False,2,False,False,False
Monomaniac One,['regular'],"['japanese', 'latin', 'latin-ext']",v15,2025-09-16,{'regular': 'https://fonts.gstatic.com/s/monomaniacone/v15/4iC06K17YctZjx50EU-QlwPmcqRiqYkB5kwI.woff2'},sans-serif,webfonts#webfont,https://fonts.gstatic.com/s/monomaniacone/v15/4iC06K17YctZjx50EU-QlwPmcpRmo4g.woff2,,,815,2025,recent_12m,False,False,1,set(),0,False,False,False,3,False,False,False
Inknut Antiqua,"['300', 'regular', '500', '600', '700', '800', '900']","['devanagari', 'latin', 'latin-ext']",v16,2025-09-05,"{'300': 'https://fonts.gstatic.com/s/inknutantiqua/v16/Y4GRYax7VC4ot_qNB4nYpBdaKU2vwrj8bBoIYJNf.woff2', 'regular': 'https://fonts.gstatic.com/s/inknutantiqua/v16/Y4GSYax7VC4ot_qNB4nYpBdaKXUG6pzxRwYB.woff2', '500': 'https://fonts.gstatic.com/s/inknutantiqua/v16/Y4GRYax7VC4ot_qNB4nYpBdaKU33w7j8bBoIYJNf.woff2', '600': 'https://fonts.gstatic.com/s/inknutantiqua/v16/Y4GRYax7VC4ot_qNB4nYpBdaKU3bxLj8bBoIYJNf.woff2', '700': 'https://fonts.gstatic.com/s/inknutantiqua/v16/Y4GRYax7VC4ot_qNB4nYpBdaKU2_xbj8bBoIYJNf.woff2', '800': 'https://fonts.gstatic.com/s/inknutantiqua/v16/Y4GRYax7VC4ot_qNB4nYpBdaKU2jxrj8bBoIYJNf.woff2', '900': 'https://fonts.gstatic.com/s/inknutantiqua/v16/Y4GRYax7VC4ot_qNB4nYpBdaKU2Hx7j8bBoIYJNf.woff2'}",serif,webfonts#webfont,https://fonts.gstatic.com/s/inknutantiqua/v16/Y4GSYax7VC4ot_qNB4nYpBdaKUUC4J0.woff2,,,816,2025,recent_12m,False,False,7,set(),0,False,False,False,3,False,False,False
Noto Sans Armenian,['regular'],"['armenian', 'latin', 'latin-ext']",v47,2025-09-10,{'regular': 'https://fonts.gstatic.com/s/notosansarmenian/v47/ZgNOjOZKPa7CHqq0h37c7ReDUubm2SEHG1iXap5UrA.woff2'},sans-serif,webfonts#webfont,https://fonts.gstatic.com/s/notosansarmenian/v47/ZgN0jOZKPa7CHqq0h37c7ReDUubm2SEdFXp7ig73qtTY5idb74R9UdM3y2nZLorxb50jaS8.woff2,"[{'tag': 'wdth', 'start': 62.5, 'end': 100}, {'tag': 'wght', 'start': 100, 'end': 900}]",,817,2025,recent_12m,False,True,9,"{'wdth', 'wght'}",2,True,False,False,3,False,False,False
Mallanna,['regular'],"['latin', 'telugu']",v15,2025-09-10,{'regular': 'https://fonts.gstatic.com/s/mallanna/v15/hv-Vlzx-KEQb84YaDGw2EzRwVvJ-.woff2'},sans-serif,webfonts#webfont,https://fonts.gstatic.com/s/mallanna/v15/hv-Vlzx-KEQb84YaDFwyGTU.woff2,,,818,2025,recent_12m,False,False,1,set(),0,False,False,False,2,False,False,False
Asul,"['regular', '700']",['latin'],v22,2025-06-25,"{'regular': 'https://fonts.gstatic.com/s/asul/v22/VuJ-dNjKxYr46fYFXK78JIg.woff2', '700': 'https://fonts.gstatic.com/s/asul/v22/VuJxdNjKxYr40U8qeKPXOIFneRo.woff2'}",serif,webfonts#webfont,https://fonts.gstatic.com/s/asul/v22/VuJ-dNjKxYr42fIPXQ.woff2,,,819,2025,older,False,False,2,set(),0,False,False,False,1,False,False,False
Average,['regular'],"['latin', 'latin-ext']",v19,2025-09-05,{'regular': 'https://fonts.gstatic.com/s/average/v19/fC1hPYBHe23MxA7rIedwVWytTyk.woff2'},serif,webfonts#webfont,https://fonts.gstatic.com/s/average/v19/fC1hPYBHe23MxA7rEeN6VA.woff2,,,820,2025,recent_12m,False,False,1,set(),0,False,False,False,2,False,False,False
Platypi,"['regular', 'italic']","['latin', 'latin-ext', 'vietnamese']",v6,2025-09-05,"{'regular': 'https://fonts.gstatic.com/s/platypi/v6/bMr3mSGU7pMlaX6-JgeMMMyTQ3o.woff2', 'italic': 'https://fonts.gstatic.com/s/platypi/v6/bMr1mSGU7pMlaX6-FgCGMe6WU3oT0g.woff2'}",serif,webfonts#webfont,https://fonts.gstatic.com/s/platypi/v6/bMromSGU7pMlaX6-PAmuwBQP4Hwe02Jz4q9isRk.woff2,"[{'tag': 'wght', 'start': 300, 'end': 800}]",,821,2025,recent_12m,True,True,6,{'wght'},1,False,False,False,3,False,False,False
Happy Monkey,['regular'],"['latin', 'latin-ext']",v15,2025-09-08,{'regular': 'https://fonts.gstatic.com/s/happymonkey/v15/K2F2fZZcl-9SXwl5F_C4R_OAAgD2bWqVjw.woff2'},display,webfonts#webfont,https://fonts.gstatic.com/s/happymonkey/v15/K2F2fZZcl-9SXwl5F_C4R_OwBgr3.woff2,,,822,2025,recent_12m,False,False,1,set(),0,False,False,False,2,False,False,False
B612 Mono,"['regular', 'italic', '700', '700italic']",['latin'],v16,2025-09-16,"{'regular': 'https://fonts.gstatic.com/s/b612mono/v16/kmK_Zq85QVWbN1eW6lJl0gTcquRTtg.woff2', 'italic': 'https://fonts.gstatic.com/s/b612mono/v16/kmK5Zq85QVWbN1eW6lJV1Q7diOFDtqtf.woff2', '700': 'https://fonts.gstatic.com/s/b612mono/v16/kmK6Zq85QVWbN1eW6lJdayv4p89Pv7JGSg.woff2', '700italic': 'https://fonts.gstatic.com/s/b612mono/v16/kmKkZq85QVWbN1eW6lJV1TZkp8VOnbdWSg4x.woff2'}",monospace,webfonts#webfont,https://fonts.gstatic.com/s/b612mono/v16/kmK_Zq85QVWbN1eW6lJV1g7d.woff2,,,823,2025,recent_12m,True,False,2,set(),0,False,False,False,1,False,False,False
Qwigley,['regular'],"['latin', 'latin-ext', 'vietnamese']",v20,2025-09-11,{'regular': 'https://fonts.gstatic.com/s/qwigley/v20/1cXzaU3UGJb5tGoCuVlsi1mBmcE.woff2'},handwriting,webfonts#webfont,https://fonts.gstatic.com/s/qwigley/v20/1cXzaU3UGJb5tGoCiV1mig.woff2,,,824,2025,recent_12m,False,False,1,set(),0,False,False,False,3,False,False,False
Macondo,['regular'],['latin'],v27,2025-09-11,{'regular': 'https://fonts.gstatic.com/s/macondo/v27/RrQQboN9-iB1IXmOS2DO0LBBd4Y.woff2'},display,webfonts#webfont,https://fonts.gstatic.com/s/macondo/v27/RrQQboN9-iB1IXmOe2TE0Q.woff2,,,825,2025,recent_12m,False,False,1,set(),0,False,False,False,1,False,False,False
Akatab,"['regular', '500', '600', '700', '800', '900']","['latin', 'latin-ext', 'tifinagh']",v9,2025-09-10,"{'regular': 'https://fonts.gstatic.com/s/akatab/v9/VuJwdNrK3Z7gqJEPXYz5NIh-YA.woff2', '500': 'https://fonts.gstatic.com/s/akatab/v9/VuJzdNrK3Z7gqJE3rKXdOaNiaRpFvg.woff2', '600': 'https://fonts.gstatic.com/s/akatab/v9/VuJzdNrK3Z7gqJE3gKLdOaNiaRpFvg.woff2', '700': 'https://fonts.gstatic.com/s/akatab/v9/VuJzdNrK3Z7gqJE35KPdOaNiaRpFvg.woff2', '800': 'https://fonts.gstatic.com/s/akatab/v9/VuJzdNrK3Z7gqJE3-KDdOaNiaRpFvg.woff2', '900': 'https://fonts.gstatic.com/s/akatab/v9/VuJzdNrK3Z7gqJE33KHdOaNiaRpFvg.woff2'}",sans-serif,webfonts#webfont,https://fonts.gstatic.com/s/akatab/v9/VuJwdNrK3Z7gqJE_WYb4.woff2,,,826,2025,recent_12m,False,False,6,set(),0,False,False,False,3,False,False,False
Prosto One,['regular'],"['cyrillic', 'latin', 'latin-ext']",v21,2025-09-10,{'regular': 'https://fonts.gstatic.com/s/prostoone/v21/OpNJno4VhNfK-RgpwWWxpi9fWhXD00c.woff2'},display,webfonts#webfont,https://fonts.gstatic.com/s/prostoone/v21/OpNJno4VhNfK-RgpwWWxlitVWw.woff2,,,827,2025,recent_12m,False,False,1,set(),0,False,False,False,3,False,False,False
Fontdiner Swanky,['regular'],['latin'],v24,2025-06-02,{'regular': 'https://fonts.gstatic.com/s/fontdinerswanky/v24/ijwOs4XgRNsiaI5-hcVb4hQgMvCD4uQfKiGvxts.woff2'},display,webfonts#webfont,https://fonts.gstatic.com/s/fontdinerswanky/v24/ijwOs4XgRNsiaI5-hcVb4hQgMvCD0uAVKw.woff2,,,828,2025,older,False,False,1,set(),0,False,False,False,1,False,False,False
Hi Melody,['regular'],"['korean', 'latin']",v19,2025-09-05,{'regular': 'https://fonts.gstatic.com/s/himelody/v19/46ktlbP8Vnz0pJcqCTbEem9E31BBGA.woff2'},handwriting,webfonts#webfont,https://fonts.gstatic.com/s/himelody/v19/46ktlbP8Vnz0pJcqCTb0fmVF.woff2,,,829,2025,recent_12m,False,False,1,set(),0,False,False,False,2,True,False,False
SUSE,"['regular', 'italic']","['latin', 'latin-ext', 'vietnamese']",v4,2025-09-18,"{'regular': 'https://fonts.gstatic.com/s/suse/v4/MwQ5bhb078Wt6V1LPJp6qGI.woff2', 'italic': 'https://fonts.gstatic.com/s/suse/v4/MwQ3bhb078Wt2VpBPbh_uGInjA.woff2'}",sans-serif,webfonts#webfont,https://fonts.gstatic.com/s/suse/v4/MwQsbhb078Wt81NpzELmC2QqjbGG7mq8bHM.woff2,"[{'tag': 'wght', 'start': 100, 'end': 900}]",,830,2025,recent_12m,True,True,9,{'wght'},1,False,False,False,3,False,False,False
B612,"['regular', 'italic', '700', '700italic']",['latin'],v13,2025-09-16,"{'regular': 'https://fonts.gstatic.com/s/b612/v13/3JnySDDxiSz32jy4GDigUXw.woff2', 'italic': 'https://fonts.gstatic.com/s/b612/v13/3Jn8SDDxiSz36juyGRqlQXwdVw.woff2', '700': 'https://fonts.gstatic.com/s/b612/v13/3Jn9SDDxiSz34oWXPDWLTXUETuE.woff2', '700italic': 'https://fonts.gstatic.com/s/b612/v13/3Jn_SDDxiSz36juKoDWBTFcBXuFb0Q.woff2'}",sans-serif,webfonts#webfont,https://fonts.gstatic.com/s/b612/v13/3JnySDDxiSz36jiyGQ.woff2,,,831,2025,recent_12m,True,False,2,set(),0,False,False,False,1,False,False,False
Boldonse,['regular'],"['latin', 'latin-ext']",v1,2025-05-30,{'regular': 'https://fonts.gstatic.com/s/boldonse/v1/ZgNQjPxGPbbJUZemjC35hmHmNpCO.woff2'},display,webfonts#webfont,https://fonts.gstatic.com/s/boldonse/v1/ZgNQjPxGPbbJUZemjB39jGA.woff2,,,832,2025,older,False,False,1,set(),0,False,False,False,2,False,False,False
Vibur,['regular'],['latin'],v24,2025-09-10,{'regular': 'https://fonts.gstatic.com/s/vibur/v24/DPEiYwmEzw0QRjTsLjoJd-Xa.woff2'},handwriting,webfonts#webfont,https://fonts.gstatic.com/s/vibur/v24/DPEiYwmEzw0QRgToJDs.woff2,,,833,2025,recent_12m,False,False,1,set(),0,False,False,False,1,False,False,False
Henny Penny,['regular'],['latin'],v18,2025-09-11,{'regular': 'https://fonts.gstatic.com/s/hennypenny/v18/wXKvE3UZookzsxz_kjGSfMQvt3M7tMDT.woff2'},display,webfonts#webfont,https://fonts.gstatic.com/s/hennypenny/v18/wXKvE3UZookzsxz_kjGSfPQrvXI.woff2,,,834,2025,recent_12m,False,False,1,set(),0,False,False,False,1,False,False,False
Quando,['regular'],"['latin', 'latin-ext']",v18,2025-09-11,{'regular': 'https://fonts.gstatic.com/s/quando/v18/xMQVuFNaVa6YuW0pDqWzKX_QmA.woff2'},serif,webfonts#webfont,https://fonts.gstatic.com/s/quando/v18/xMQVuFNaVa6YuW0ZCq-y.woff2,,,835,2025,recent_12m,False,False,1,set(),0,False,False,False,2,False,False,False
Libre Barcode 39 Extended Text,['regular'],['latin'],v30,2025-09-17,{'regular': 'https://fonts.gstatic.com/s/librebarcode39extendedtext/v30/eLG1P_rwIgOiDA7yrs9LoKaYRVLQ1YldrrOnnL7xPO4jNP68ebIiPopNNA.woff2'},display,webfonts#webfont,https://fonts.gstatic.com/s/librebarcode39extendedtext/v30/eLG1P_rwIgOiDA7yrs9LoKaYRVLQ1YldrrOnnL7xPO4jNP6Mfbgj.woff2,,,836,2025,recent_12m,False,False,1,set(),0,False,False,False,1,False,False,False
Gowun Dodum,['regular'],"['korean', 'latin', 'latin-ext', 'vietnamese']",v12,2025-09-11,{'regular': 'https://fonts.gstatic.com/s/gowundodum/v12/3Jn5SD_00GqwlBnWc1TUJF0AfORL0fNy.woff2'},sans-serif,webfonts#webfont,https://fonts.gstatic.com/s/gowundodum/v12/3Jn5SD_00GqwlBnWc1TUJG0EduU.woff2,,,837,2025,recent_12m,False,False,1,set(),0,False,False,False,4,True,False,False
Della Respira,['regular'],['latin'],v24,2025-09-16,{'regular': 'https://fonts.gstatic.com/s/dellarespira/v24/RLp5K5v44KaueWI6iEJQBiGPRfwSu6EuTHo.woff2'},serif,webfonts#webfont,https://fonts.gstatic.com/s/dellarespira/v24/RLp5K5v44KaueWI6iEJQBiGPdfgYug.woff2,,,838,2025,recent_12m,False,False,1,set(),0,False,False,False,1,False,False,False
Lily Script One,['regular'],"['latin', 'latin-ext']",v16,2025-09-08,{'regular': 'https://fonts.gstatic.com/s/lilyscriptone/v16/LhW9MV7ZMfIPdMxeBjBvFN8SXLS4h8SjQNsRMg.woff2'},display,webfonts#webfont,https://fonts.gstatic.com/s/lilyscriptone/v16/LhW9MV7ZMfIPdMxeBjBvFN8SXLSIg86i.woff2,,,839,2025,recent_12m,False,False,1,set(),0,False,False,False,2,False,False,False
Mr De Haviland,['regular'],"['latin', 'latin-ext']",v15,2025-09-16,{'regular': 'https://fonts.gstatic.com/s/mrdehaviland/v15/OpNVnooIhJj96FdB73296ksbOj3H4ULVNTlB.woff2'},handwriting,webfonts#webfont,https://fonts.gstatic.com/s/mrdehaviland/v15/OpNVnooIhJj96FdB73296ksbOg3D60M.woff2,,,840,2025,recent_12m,False,False,1,set(),0,False,False,False,2,False,False,False
Kurale,['regular'],"['cyrillic', 'cyrillic-ext', 'devanagari', 'latin', 'latin-ext']",v16,2026-03-11,{'regular': 'https://fonts.gstatic.com/s/kurale/v16/4iCs6KV9e9dXjho6fQT3v02QFg.woff2'},serif,webfonts#webfont,https://fonts.gstatic.com/s/kurale/v16/4iCs6KV9e9dXjhoKeQ72.woff2,,,841,2026,recent_12m,False,False,1,set(),0,False,False,False,5,False,False,False
Arima,['regular'],"['greek', 'greek-ext', 'latin', 'latin-ext', 'malayalam', 'tamil', 'vietnamese']",v7,2025-09-10,{'regular': 'https://fonts.gstatic.com/s/arima/v7/neIFzCqmt4Aup-CK9IGON7Ez.woff2'},display,webfonts#webfont,https://fonts.gstatic.com/s/arima/v7/neIWzCqmt4Aup_qE1nFWqxI1RZX1YTAOpAuP.woff2,"[{'tag': 'wght', 'start': 100, 'end': 700}]",,842,2025,recent_12m,False,True,7,{'wght'},1,False,False,False,7,False,False,False
Bungee Spice,['regular'],"['latin', 'latin-ext', 'vietnamese']",v15,2025-06-02,{'regular': 'https://fonts.gstatic.com/s/bungeespice/v15/nwpTtK2nIhxE0q-IwgSpZBqCyiI-aMPF7Q.woff2'},display,webfonts#webfont,https://fonts.gstatic.com/s/bungeespice/v15/nwpTtK2nIhxE0q-IwgSpZBqyzig_.woff2,,"['COLRv1', 'SVG']",843,2025,older,False,False,1,set(),0,False,False,False,3,False,False,False
Numans,['regular'],['latin'],v16,2025-09-10,{'regular': 'https://fonts.gstatic.com/s/numans/v16/SlGRmQmGupYAfH8IZBggiHVqaQ.woff2'},sans-serif,webfonts#webfont,https://fonts.gstatic.com/s/numans/v16/SlGRmQmGupYAfH84YBIh.woff2,,,844,2025,recent_12m,False,False,1,set(),0,False,False,False,1,False,False,False
Voltaire,['regular'],"['latin', 'latin-ext', 'vietnamese']",v23,2025-09-10,{'regular': 'https://fonts.gstatic.com/s/voltaire/v23/1Pttg8PcRfSblAvGvQotYKVnBOif.woff2'},sans-serif,webfonts#webfont,https://fonts.gstatic.com/s/voltaire/v23/1Pttg8PcRfSblAvGvTopaqQ.woff2,,,845,2025,recent_12m,False,False,1,set(),0,False,False,False,3,False,False,False
Zain,"['200', '300', '300italic', 'regular', 'italic', '700', '800', '900']","['arabic', 'latin']",v4,2025-10-29,"{'200': 'https://fonts.gstatic.com/s/zain/v4/sykz-y9lm7soOBrstS-9-trEvlQ.woff2', '300': 'https://fonts.gstatic.com/s/zain/v4/sykz-y9lm7soOH7vtS-9-trEvlQ.woff2', '300italic': 'https://fonts.gstatic.com/s/zain/v4/sykx-y9lm7soMND1OSi3-_jBrlSILg.woff2', 'regular': 'https://fonts.gstatic.com/s/zain/v4/syk8-y9lm7soANfHkSKW5tM.woff2', 'italic': 'https://fonts.gstatic.com/s/zain/v4/syky-y9lm7soMNDNkACT9tPdpw.woff2', '700': 'https://fonts.gstatic.com/s/zain/v4/sykz-y9lm7soOG7otS-9-trEvlQ.woff2', '800': 'https://fonts.gstatic.com/s/zain/v4/sykz-y9lm7soOHLrtS-9-trEvlQ.woff2', '900': 'https://fonts.gstatic.com/s/zain/v4/sykz-y9lm7soOFbqtS-9-trEvlQ.woff2'}",sans-serif,webfonts#webfont,https://fonts.gstatic.com/s/zain/v4/syk8-y9lm7soMNPNkA.woff2,,,846,2025,recent_12m,True,False,6,set(),0,False,False,False,2,False,False,False
Miriam Libre,['regular'],"['hebrew', 'latin', 'latin-ext']",v19,2025-09-05,{'regular': 'https://fonts.gstatic.com/s/miriamlibre/v19/DdTh798HsHwubBAqfkcBTL_vZZn_Teun9g.woff2'},sans-serif,webfonts#webfont,https://fonts.gstatic.com/s/miriamlibre/v19/DdT0798HsHwubBAqfkcBTL_1a7sPlXcE8PJjH9P3o9rMLg.woff2,"[{'tag': 'wght', 'start': 400, 'end': 700}]",,847,2025,recent_12m,False,True,4,{'wght'},1,False,False,False,3,False,False,False
KoHo,"['200', '200italic', '300', '300italic', 'regular', 'italic', '500', '500italic', '600', '600italic', '700', '700italic']","['latin', 'latin-ext', 'thai', 'vietnamese']",v18,2025-09-11,"{'200': 'https://fonts.gstatic.com/s/koho/v18/K2FxfZ5fmddNPuE1WJv5JoKhHys.woff2', '200italic': 'https://fonts.gstatic.com/s/koho/v18/K2FzfZ5fmddNNisssJ_zJ6CkDyvqZA.woff2', '300': 'https://fonts.gstatic.com/s/koho/v18/K2FxfZ5fmddNPoU2WJv5JoKhHys.woff2', '300italic': 'https://fonts.gstatic.com/s/koho/v18/K2FzfZ5fmddNNiss1JzzJ6CkDyvqZA.woff2', 'regular': 'https://fonts.gstatic.com/s/koho/v18/K2F-fZ5fmddNBiwefJbSOos.woff2', 'italic': 'https://fonts.gstatic.com/s/koho/v18/K2FwfZ5fmddNNisUfbTXKou4Bg.woff2', '500': 'https://fonts.gstatic.com/s/koho/v18/K2FxfZ5fmddNPt03WJv5JoKhHys.woff2', '500italic': 'https://fonts.gstatic.com/s/koho/v18/K2FzfZ5fmddNNissjJ3zJ6CkDyvqZA.woff2', '600': 'https://fonts.gstatic.com/s/koho/v18/K2FxfZ5fmddNPvEwWJv5JoKhHys.woff2', '600italic': 'https://fonts.gstatic.com/s/koho/v18/K2FzfZ5fmddNNissoJrzJ6CkDyvqZA.woff2', '700': 'https://fonts.gstatic.com/s/koho/v18/K2FxfZ5fmddNPpUxWJv5JoKhHys.woff2', '700italic': 'https://fonts.gstatic.com/s/koho/v18/K2FzfZ5fmddNNissxJvzJ6CkDyvqZA.woff2'}",sans-serif,webfonts#webfont,https://fonts.gstatic.com/s/koho/v18/K2F-fZ5fmddNNigUfQ.woff2,,,848,2025,recent_12m,True,False,6,set(),0,False,False,False,4,False,False,False
Mukta Mahee,"['200', '300', 'regular', '500', '600', '700', '800']","['gurmukhi', 'latin', 'latin-ext']",v19,2025-09-05,"{'200': 'https://fonts.gstatic.com/s/muktamahee/v19/XRXN3IOIi0hcP8iVU67hA9MFcBoCJndqZCsW.woff2', '300': 'https://fonts.gstatic.com/s/muktamahee/v19/XRXN3IOIi0hcP8iVU67hA9NhcxoCJndqZCsW.woff2', 'regular': 'https://fonts.gstatic.com/s/muktamahee/v19/XRXQ3IOIi0hcP8iVU67hA-vIWz4PDWtj.woff2', '500': 'https://fonts.gstatic.com/s/muktamahee/v19/XRXN3IOIi0hcP8iVU67hA9M5choCJndqZCsW.woff2', '600': 'https://fonts.gstatic.com/s/muktamahee/v19/XRXN3IOIi0hcP8iVU67hA9MVdRoCJndqZCsW.woff2', '700': 'https://fonts.gstatic.com/s/muktamahee/v19/XRXN3IOIi0hcP8iVU67hA9NxdBoCJndqZCsW.woff2', '800': 'https://fonts.gstatic.com/s/muktamahee/v19/XRXN3IOIi0hcP8iVU67hA9NtdxoCJndqZCsW.woff2'}",sans-serif,webfonts#webfont,https://fonts.gstatic.com/s/muktamahee/v19/XRXQ3IOIi0hcP8iVU67hA9vMUT8.woff2,,,849,2025,recent_12m,False,False,7,set(),0,False,False,False,3,False,False,False
Slackey,['regular'],['latin'],v29,2025-06-02,{'regular': 'https://fonts.gstatic.com/s/slackey/v29/N0bV2SdQO-5yM0-dKlFaJdbWgdY.woff2'},display,webfonts#webfont,https://fonts.gstatic.com/s/slackey/v29/N0bV2SdQO-5yM0-dGlVQJA.woff2,,,850,2025,older,False,False,1,set(),0,False,False,False,1,False,False,False
Bilbo Swash Caps,['regular'],"['latin', 'latin-ext']",v23,2025-09-02,{'regular': 'https://fonts.gstatic.com/s/bilboswashcaps/v23/zrf-0GXbz-H3Wb4XBsGrTgq2PVmdqAbopiRfKp8.woff2'},handwriting,webfonts#webfont,https://fonts.gstatic.com/s/bilboswashcaps/v23/zrf-0GXbz-H3Wb4XBsGrTgq2PVmdmALipw.woff2,,,851,2025,recent_12m,False,False,1,set(),0,False,False,False,2,False,False,False
Beth Ellen,['regular'],['latin'],v22,2025-09-10,{'regular': 'https://fonts.gstatic.com/s/bethellen/v22/WwkbxPW2BE-3rb_JNT-qEIUiVNo5xNY.woff2'},handwriting,webfonts#webfont,https://fonts.gstatic.com/s/bethellen/v22/WwkbxPW2BE-3rb_JNT-qIIEoVQ.woff2,,,852,2025,recent_12m,False,False,1,set(),0,False,False,False,1,False,False,False
Poly,"['regular', 'italic']","['latin', 'latin-ext']",v18,2025-09-08,"{'regular': 'https://fonts.gstatic.com/s/poly/v18/MQpb-W6wKNitRLWAq2Lpris.woff2', 'italic': 'https://fonts.gstatic.com/s/poly/v18/MQpV-W6wKNitdLKKqkDsviuGWA.woff2'}",serif,webfonts#webfont,https://fonts.gstatic.com/s/poly/v18/MQpb-W6wKNitdLGKqg.woff2,,,853,2025,recent_12m,True,False,1,set(),0,False,False,False,2,False,False,False
David Libre,"['regular', '500', '700']","['hebrew', 'latin', 'latin-ext', 'math', 'symbols', 'vietnamese']",v17,2025-09-10,"{'regular': 'https://fonts.gstatic.com/s/davidlibre/v17/snfus0W_99N64iuYSvp4W_l56p6TYS-Y.woff2', '500': 'https://fonts.gstatic.com/s/davidlibre/v17/snfzs0W_99N64iuYSvp4W8GIw7qeSjORSo9W.woff2', '700': 'https://fonts.gstatic.com/s/davidlibre/v17/snfzs0W_99N64iuYSvp4W8HAxbqeSjORSo9W.woff2'}",serif,webfonts#webfont,https://fonts.gstatic.com/s/davidlibre/v17/snfus0W_99N64iuYSvp4W8l94J8.woff2,,,854,2025,recent_12m,False,False,3,set(),0,False,False,False,6,False,False,False
Sue Ellen Francisco,['regular'],['latin'],v22,2025-09-08,{'regular': 'https://fonts.gstatic.com/s/sueellenfrancisco/v22/wXK3E20CsoJ9j1DDkjHcQ5ZL8xRaxru9ro9F2lqk9H4.woff2'},handwriting,webfonts#webfont,https://fonts.gstatic.com/s/sueellenfrancisco/v22/wXK3E20CsoJ9j1DDkjHcQ5ZL8xRaxru9notP2w.woff2,,,855,2025,recent_12m,False,False,1,set(),0,False,False,False,1,False,False,False
Alike,['regular'],"['latin', 'latin-ext', 'math', 'symbols']",v22,2025-09-05,{'regular': 'https://fonts.gstatic.com/s/alike/v22/HI_EiYEYI6BIoEjESZXAQ4-d.woff2'},serif,webfonts#webfont,https://fonts.gstatic.com/s/alike/v22/HI_EiYEYI6BIoHjAQ5Q.woff2,,,856,2025,recent_12m,False,False,1,set(),0,False,False,False,4,False,False,False
Gotu,['regular'],"['devanagari', 'latin', 'latin-ext', 'vietnamese']",v18,2025-09-11,{'regular': 'https://fonts.gstatic.com/s/gotu/v18/o-0FIpksx3QOlHgLioh6-hU.woff2'},sans-serif,webfonts#webfont,https://fonts.gstatic.com/s/gotu/v18/o-0FIpksx3QOpHwBiw.woff2,,,857,2025,recent_12m,False,False,1,set(),0,False,False,False,4,False,False,False
Walter Turncoat,['regular'],['latin'],v24,2025-06-02,{'regular': 'https://fonts.gstatic.com/s/walterturncoat/v24/snfys0Gs98ln43n0d-14ULoToe67ZR2dQ5ZPqQ.woff2'},handwriting,webfonts#webfont,https://fonts.gstatic.com/s/walterturncoat/v24/snfys0Gs98ln43n0d-14ULoToe6LYRec.woff2,,,858,2025,older,False,False,1,set(),0,False,False,False,1,False,False,False
Badeen Display,['regular'],"['arabic', 'latin', 'latin-ext']",v1,2025-05-30,{'regular': 'https://fonts.gstatic.com/s/badeendisplay/v1/pxidypY2sdZSjFU4cPmNBzckadeOYk1Mq3ap.woff2'},display,webfonts#webfont,https://fonts.gstatic.com/s/badeendisplay/v1/pxidypY2sdZSjFU4cPmNBzckaeeKaEw.woff2,,,859,2025,older,False,False,1,set(),0,False,False,False,3,False,False,False
Modak,['regular'],"['devanagari', 'latin', 'latin-ext']",v21,2025-09-11,{'regular': 'https://fonts.gstatic.com/s/modak/v21/EJRYQgs1XtIEsnMC8BVZ76KU.woff2'},display,webfonts#webfont,https://fonts.gstatic.com/s/modak/v21/EJRYQgs1XtIEskMG-hQ.woff2,,,860,2025,recent_12m,False,False,1,set(),0,False,False,False,3,False,False,False
Zalando Sans SemiExpanded,"['regular', 'italic']","['latin', 'latin-ext', 'vietnamese']",v3,2026-04-02,"{'regular': 'https://fonts.gstatic.com/s/zalandosanssemiexpanded/v3/6qLSKYcHuh3msE9OaXROVVclRRa-ClZSEipa2hrE1xOBdpd7fjg.woff2', 'italic': 'https://fonts.gstatic.com/s/zalandosanssemiexpanded/v3/6qLUKYcHuh3msE9OaXROVVclRRa-ClZSEipa2hrE5xSLd7V-bjiNCw.woff2'}",sans-serif,webfonts#webfont,https://fonts.gstatic.com/s/zalandosanssemiexpanded/v3/6qLhKYcHuh3msE9OaXROVVclRRa-ClZSEipa2hrEzR2jhk_n3T6ACkDbEkP8HM8.woff2,"[{'tag': 'wght', 'start': 200, 'end': 900}]",,861,2026,recent_12m,True,True,8,{'wght'},1,False,False,False,3,False,False,False
Gaegu,"['300', 'regular', '700']","['korean', 'latin']",v23,2025-09-10,"{'300': 'https://fonts.gstatic.com/s/gaegu/v23/TuGSUVB6Up9NU57nifw-4sdtBk0x.woff2', 'regular': 'https://fonts.gstatic.com/s/gaegu/v23/TuGfUVB6Up9NU6ZOodgzydtk.woff2', '700': 'https://fonts.gstatic.com/s/gaegu/v23/TuGSUVB6Up9NU573jvw-4sdtBk0x.woff2'}",handwriting,webfonts#webfont,https://fonts.gstatic.com/s/gaegu/v23/TuGfUVB6Up9NU5ZKq9k.woff2,,,862,2025,recent_12m,False,False,3,set(),0,False,False,False,2,True,False,False
Shantell Sans,"['regular', 'italic']","['cyrillic', 'cyrillic-ext', 'latin', 'latin-ext', 'vietnamese']",v13,2025-09-16,"{'regular': 'https://fonts.gstatic.com/s/shantellsans/v13/FeVWS0pCoLIo-lcdY7kjvNoQs2t0xsQuLFg.woff2', 'italic': 'https://fonts.gstatic.com/s/shantellsans/v13/FeVIS0pCoLIo-lcdY7kjvNoQg2x-x-YrPFiwaw.woff2'}",display,webfonts#webfont,https://fonts.gstatic.com/s/shantellsans/v13/FeUaS0pCoLIo-lcdY7kjvNoQqWVWB0qWpl29ajppTuUTu_kJKmHesPOL-maYi4xZeHCNQ09eBlmv2QcUzJ39-rAISYR8S1i3wv0.woff2,"[{'tag': 'BNCE', 'start': -100, 'end': 100}, {'tag': 'INFM', 'start': 0, 'end': 100}, {'tag': 'SPAC', 'start': 0, 'end': 100}, {'tag': 'wght', 'start': 300, 'end': 800}]",,863,2025,recent_12m,True,True,6,"{'wght', 'SPAC', 'INFM', 'BNCE'}",4,False,False,False,5,False,False,False
Prociono,['regular'],['latin'],v28,2025-09-08,{'regular': 'https://fonts.gstatic.com/s/prociono/v28/r05YGLlR-KxAf9GGO8usyDYtStiJ.woff2'},serif,webfonts#webfont,https://fonts.gstatic.com/s/prociono/v28/r05YGLlR-KxAf9GGO_uowjc.woff2,,,864,2025,recent_12m,False,False,1,set(),0,False,False,False,1,False,False,False
Coustard,"['regular', '900']","['latin', 'latin-ext']",v19,2026-04-02,"{'regular': 'https://fonts.gstatic.com/s/coustard/v19/3XFpErgg3YsZ5fqUU9UKvWXuROTd.woff2', '900': 'https://fonts.gstatic.com/s/coustard/v19/3XFuErgg3YsZ5fqUU-2LkEHjb_jU3eRL.woff2'}",serif,webfonts#webfont,https://fonts.gstatic.com/s/coustard/v19/3XFpErgg3YsZ5fqUU-UOt2Q.woff2,,,865,2026,recent_12m,False,False,2,set(),0,False,False,False,2,False,False,False
Noto Sans Symbols 2,['regular'],"['braille', 'latin', 'latin-ext', 'math', 'mayan-numerals', 'symbols']",v25,2025-09-05,{'regular': 'https://fonts.gstatic.com/s/notosanssymbols2/v25/I_uyMoGduATTei9eI8daxVHDyfisHr71ypbqfX71-AI.woff2'},sans-serif,webfonts#webfont,https://fonts.gstatic.com/s/notosanssymbols2/v25/I_uyMoGduATTei9eI8daxVHDyfisHr71-pLgfA.woff2,,,866,2025,recent_12m,False,False,1,set(),0,False,False,False,6,False,False,False
Finger Paint,['regular'],['latin'],v21,2025-09-10,{'regular': 'https://fonts.gstatic.com/s/fingerpaint/v21/0QInMXVJ-o-oRn_7dron8YWO9pbS8ANesw.woff2'},display,webfonts#webfont,https://fonts.gstatic.com/s/fingerpaint/v21/0QInMXVJ-o-oRn_7dron8YW-8pzT.woff2,,,867,2025,recent_12m,False,False,1,set(),0,False,False,False,1,False,False,False
Grape Nuts,['regular'],"['latin', 'latin-ext', 'vietnamese']",v7,2025-09-08,{'regular': 'https://fonts.gstatic.com/s/grapenuts/v7/syk2-yF4iLM2RfKj4F7k3tfvol2RN1E.woff2'},handwriting,webfonts#webfont,https://fonts.gstatic.com/s/grapenuts/v7/syk2-yF4iLM2RfKj4F7k7tPlow.woff2,,,868,2025,recent_12m,False,False,1,set(),0,False,False,False,3,False,False,False
Kufam,"['regular', 'italic']","['arabic', 'latin', 'latin-ext', 'vietnamese']",v26,2025-09-02,"{'regular': 'https://fonts.gstatic.com/s/kufam/v26/C8ct4cY7pG7w_p6HLDwZwmGE.woff2', 'italic': 'https://fonts.gstatic.com/s/kufam/v26/C8cj4cY7pG7w_q6AJj07x3GEfRA.woff2'}",sans-serif,webfonts#webfont,https://fonts.gstatic.com/s/kufam/v26/C8c-4cY7pG7w_oSJDszBXsKCcBH3lqkLqAqI.woff2,"[{'tag': 'wght', 'start': 400, 'end': 900}]",,869,2025,recent_12m,True,True,6,{'wght'},1,False,False,False,4,False,False,False
Spectral SC,"['200', '200italic', '300', '300italic', 'regular', 'italic', '500', '500italic', '600', '600italic', '700', '700italic', '800', '800italic']","['cyrillic', 'cyrillic-ext', 'latin', 'latin-ext', 'vietnamese']",v15,2025-09-02,"{'200': 'https://fonts.gstatic.com/s/spectralsc/v15/Ktk0ALCRZonmalTgyPmRfs1qwkTSPYeVXJZB.woff2', '200italic': 'https://fonts.gstatic.com/s/spectralsc/v15/Ktk2ALCRZonmalTgyPmRfsWg26zWN4a3WYZB_sU.woff2', '300': 'https://fonts.gstatic.com/s/spectralsc/v15/Ktk0ALCRZonmalTgyPmRfs0OwUTSPYeVXJZB.woff2', '300italic': 'https://fonts.gstatic.com/s/spectralsc/v15/Ktk2ALCRZonmalTgyPmRfsWg28jVN4a3WYZB_sU.woff2', 'regular': 'https://fonts.gstatic.com/s/spectralsc/v15/KtkpALCRZonmalTgyPmRfvWn6WDfFpuc.woff2', 'italic': 'https://fonts.gstatic.com/s/spectralsc/v15/KtkrALCRZonmalTgyPmRfsWg42H9E4ucRY8.woff2', '500': 'https://fonts.gstatic.com/s/spectralsc/v15/Ktk0ALCRZonmalTgyPmRfs1WwETSPYeVXJZB.woff2', '500italic': 'https://fonts.gstatic.com/s/spectralsc/v15/Ktk2ALCRZonmalTgyPmRfsWg25DUN4a3WYZB_sU.woff2', '600': 'https://fonts.gstatic.com/s/spectralsc/v15/Ktk0ALCRZonmalTgyPmRfs16x0TSPYeVXJZB.woff2', '600italic': 'https://fonts.gstatic.com/s/spectralsc/v15/Ktk2ALCRZonmalTgyPmRfsWg27zTN4a3WYZB_sU.woff2', '700': 'https://fonts.gstatic.com/s/spectralsc/v15/Ktk0ALCRZonmalTgyPmRfs0exkTSPYeVXJZB.woff2', '700italic': 'https://fonts.gstatic.com/s/spectralsc/v15/Ktk2ALCRZonmalTgyPmRfsWg29jSN4a3WYZB_sU.woff2', '800': 'https://fonts.gstatic.com/s/spectralsc/v15/Ktk0ALCRZonmalTgyPmRfs0CxUTSPYeVXJZB.woff2', '800italic': 'https://fonts.gstatic.com/s/spectralsc/v15/Ktk2ALCRZonmalTgyPmRfsWg28TRN4a3WYZB_sU.woff2'}",serif,webfonts#webfont,https://fonts.gstatic.com/s/spectralsc/v15/KtkpALCRZonmalTgyPmRfsWj42E.woff2,,,870,2025,recent_12m,True,False,7,set(),0,False,False,False,5,False,False,False
Molengo,['regular'],"['latin', 'latin-ext']",v17,2025-09-16,{'regular': 'https://fonts.gstatic.com/s/molengo/v17/I_uuMpWeuBzZNBtQbbFQkiCvs5Y.woff2'},sans-serif,webfonts#webfont,https://fonts.gstatic.com/s/molengo/v17/I_uuMpWeuBzZNBtQXbVakw.woff2,,,871,2025,recent_12m,False,False,1,set(),0,False,False,False,2,False,False,False
Montez,['regular'],"['latin', 'latin-ext']",v25,2025-09-08,{'regular': 'https://fonts.gstatic.com/s/montez/v25/845ZNMk5GoGIX8lm0bDeSd-R_g.woff2'},handwriting,webfonts#webfont,https://fonts.gstatic.com/s/montez/v25/845ZNMk5GoGIX8lW1brf.woff2,,,872,2025,recent_12m,False,False,1,set(),0,False,False,False,2,False,False,False
Kaisei Opti,"['regular', '500', '700']","['cyrillic', 'japanese', 'latin', 'latin-ext']",v11,2025-09-11,"{'regular': 'https://fonts.gstatic.com/s/kaiseiopti/v11/QldKNThJphYb8_g6c2nlIFlb7KlmxuHx.woff2', '500': 'https://fonts.gstatic.com/s/kaiseiopti/v11/QldXNThJphYb8_g6c2nlIGGqxY1r7f34DYwn.woff2', '700': 'https://fonts.gstatic.com/s/kaiseiopti/v11/QldXNThJphYb8_g6c2nlIGHiw41r7f34DYwn.woff2'}",serif,webfonts#webfont,https://fonts.gstatic.com/s/kaiseiopti/v11/QldKNThJphYb8_g6c2nlIGlf5qg.woff2,,,873,2025,recent_12m,False,False,3,set(),0,False,False,False,4,False,False,False
Crafty Girls,['regular'],['latin'],v16,2025-05-30,{'regular': 'https://fonts.gstatic.com/s/craftygirls/v16/va9B4kXI39VaDdlPJo8N_NvuRB37fF3Wlg.woff2'},handwriting,webfonts#webfont,https://fonts.gstatic.com/s/craftygirls/v16/va9B4kXI39VaDdlPJo8N_NveQBf6.woff2,,,874,2025,older,False,False,1,set(),0,False,False,False,1,False,False,False
Zen Kurenaido,['regular'],"['cyrillic', 'greek', 'japanese', 'latin', 'latin-ext']",v19,2025-09-10,{'regular': 'https://fonts.gstatic.com/s/zenkurenaido/v19/3XFsEr0515BK2u6UUptu_gWJZfn22PRLd0U.woff2'},sans-serif,webfonts#webfont,https://fonts.gstatic.com/s/zenkurenaido/v19/3XFsEr0515BK2u6UUptu_gWJVf382Q.woff2,,,875,2025,recent_12m,False,False,1,set(),0,False,False,False,5,False,False,False
Tienne,"['regular', '700', '900']",['latin'],v21,2025-09-05,"{'regular': 'https://fonts.gstatic.com/s/tienne/v21/AYCKpX7pe9YCRP0LlUPHSFNyxw.woff2', '700': 'https://fonts.gstatic.com/s/tienne/v21/AYCJpX7pe9YCRP0zLGzjRXhuzvef5Q.woff2', '900': 'https://fonts.gstatic.com/s/tienne/v21/AYCJpX7pe9YCRP0zFG7jRXhuzvef5Q.woff2'}",serif,webfonts#webfont,https://fonts.gstatic.com/s/tienne/v21/AYCKpX7pe9YCRP07kUnG.woff2,,,876,2025,recent_12m,False,False,3,set(),0,False,False,False,1,False,False,False
Expletus Sans,"['regular', 'italic']","['latin', 'latin-ext']",v31,2025-09-11,"{'regular': 'https://fonts.gstatic.com/s/expletussans/v31/RLp5K5v5_bqufTYdnhFzDj2dRfwSu6EuTHo.woff2', 'italic': 'https://fonts.gstatic.com/s/expletussans/v31/RLpnK5v5_bqufTYdnhFzDj2ddfsYuoMrXHrRDA.woff2'}",display,webfonts#webfont,https://fonts.gstatic.com/s/expletussans/v31/RLpqK5v5_bqufTYdnhFzDj2dX_IwS3my73zcDaSY2v1pHwU.woff2,"[{'tag': 'wght', 'start': 400, 'end': 700}]",,877,2025,recent_12m,True,True,4,{'wght'},1,False,False,False,2,False,False,False
MonteCarlo,['regular'],"['latin', 'latin-ext', 'vietnamese']",v13,2025-09-11,{'regular': 'https://fonts.gstatic.com/s/montecarlo/v13/buEzpo6-f9X01GadLA0G0C8V_NxLeiw.woff2'},handwriting,webfonts#webfont,https://fonts.gstatic.com/s/montecarlo/v13/buEzpo6-f9X01GadLA0G4Csf_Q.woff2,,,878,2025,recent_12m,False,False,1,set(),0,False,False,False,3,False,False,False
Mukta Vaani,"['200', '300', 'regular', '500', '600', '700', '800']","['gujarati', 'latin', 'latin-ext']",v15,2025-09-08,"{'200': 'https://fonts.gstatic.com/s/muktavaani/v15/3JnkSD_-ynaxmxnEfVHPIGXNV8BG-u97MW1a.woff2', '300': 'https://fonts.gstatic.com/s/muktavaani/v15/3JnkSD_-ynaxmxnEfVHPIGWpVMBG-u97MW1a.woff2', 'regular': 'https://fonts.gstatic.com/s/muktavaani/v15/3Jn5SD_-ynaxmxnEfVHPIF0AfORL0fNy.woff2', '500': 'https://fonts.gstatic.com/s/muktavaani/v15/3JnkSD_-ynaxmxnEfVHPIGXxVcBG-u97MW1a.woff2', '600': 'https://fonts.gstatic.com/s/muktavaani/v15/3JnkSD_-ynaxmxnEfVHPIGXdUsBG-u97MW1a.woff2', '700': 'https://fonts.gstatic.com/s/muktavaani/v15/3JnkSD_-ynaxmxnEfVHPIGW5U8BG-u97MW1a.woff2', '800': 'https://fonts.gstatic.com/s/muktavaani/v15/3JnkSD_-ynaxmxnEfVHPIGWlUMBG-u97MW1a.woff2'}",sans-serif,webfonts#webfont,https://fonts.gstatic.com/s/muktavaani/v15/3Jn5SD_-ynaxmxnEfVHPIG0EduU.woff2,,,879,2025,recent_12m,False,False,7,set(),0,False,False,False,3,False,False,False
Piazzolla,"['regular', 'italic']","['cyrillic', 'cyrillic-ext', 'greek', 'greek-ext', 'latin', 'latin-ext', 'vietnamese']",v42,2026-06-30,"{'regular': 'https://fonts.gstatic.com/s/piazzolla/v42/N0bX2SlTPu5rIkWIZjVQJPTTkdbJYA.woff2', 'italic': 'https://fonts.gstatic.com/s/piazzolla/v42/N0bR2SlTPu5rIkWIZjVgI_7Ss9PZYIlI.woff2'}",serif,webfonts#webfont,https://fonts.gstatic.com/s/piazzolla/v42/N0b52SlTPu5rIkWIZjVKKtYtfxYqZ4RJBFzFfYUjkSDdlqZgy7LYxkLz3gA.woff2,"[{'tag': 'opsz', 'start': 8, 'end': 30}, {'tag': 'wght', 'start': 100, 'end': 900}]",,880,2026,recent_12m,True,True,9,"{'opsz', 'wght'}",2,False,False,True,7,False,False,False
Jomhuria,['regular'],"['arabic', 'latin', 'latin-ext']",v23,2026-06-30,{'regular': 'https://fonts.gstatic.com/s/jomhuria/v23/Dxxp8j-TMXf-llKur2bwMOGbC3Dh.woff2'},display,webfonts#webfont,https://fonts.gstatic.com/s/jomhuria/v23/Dxxp8j-TMXf-llKur1b0OuA.woff2,,,881,2026,recent_12m,False,False,1,set(),0,False,False,False,3,False,False,False
Galada,['regular'],"['bengali', 'latin']",v21,2025-09-11,{'regular': 'https://fonts.gstatic.com/s/galada/v21/H4cmBXyGmcjXlUX-9yw-4Lqggw.woff2'},display,webfonts#webfont,https://fonts.gstatic.com/s/galada/v21/H4cmBXyGmcjXlUXO8yY_.woff2,,,882,2025,recent_12m,False,False,1,set(),0,False,False,False,2,False,False,False
Xanh Mono,"['regular', 'italic']","['latin', 'latin-ext', 'vietnamese']",v19,2025-09-08,"{'regular': 'https://fonts.gstatic.com/s/xanhmono/v19/R70YjykVmvKCep-vWhSYnQCQXzLhTg.woff2', 'italic': 'https://fonts.gstatic.com/s/xanhmono/v19/R70ejykVmvKCep-vWhSomgqRfTfxTo24.woff2'}",monospace,webfonts#webfont,https://fonts.gstatic.com/s/xanhmono/v19/R70YjykVmvKCep-vWhSomQqR.woff2,,,883,2025,recent_12m,True,False,1,set(),0,False,False,False,3,False,False,False
League Script,['regular'],['latin'],v30,2025-09-10,{'regular': 'https://fonts.gstatic.com/s/leaguescript/v30/CSR54zpSlumSWj9CGVsoBZdeaNZUuOwkC2s.woff2'},handwriting,webfonts#webfont,https://fonts.gstatic.com/s/leaguescript/v30/CSR54zpSlumSWj9CGVsoBZdeWNJeuQ.woff2,,,884,2025,recent_12m,False,False,1,set(),0,False,False,False,1,False,False,False
Allan,"['regular', '700']","['latin', 'latin-ext']",v26,2025-09-16,"{'regular': 'https://fonts.gstatic.com/s/allan/v26/ea8XadU7WuTxEtbzP9SF8nZE.woff2', '700': 'https://fonts.gstatic.com/s/allan/v26/ea8aadU7WuTxEu5KEPCI2WpNgEKU.woff2'}",display,webfonts#webfont,https://fonts.gstatic.com/s/allan/v26/ea8XadU7WuTxEub3NdU.woff2,,,885,2025,recent_12m,False,False,2,set(),0,False,False,False,2,False,False,False
Delicious Handrawn,['regular'],"['latin', 'latin-ext']",v10,2025-09-11,{'regular': 'https://fonts.gstatic.com/s/delicioushandrawn/v10/wlpsgx_NAUNkpmKQifcxkQchDFo3fJ112ZpDd6u3AQ.woff2'},handwriting,webfonts#webfont,https://fonts.gstatic.com/s/delicioushandrawn/v10/wlpsgx_NAUNkpmKQifcxkQchDFo3fJ1F3ZBC.woff2,,,886,2025,recent_12m,False,False,1,set(),0,False,False,False,2,False,False,False
Redressed,['regular'],"['latin', 'latin-ext']",v32,2025-09-08,{'regular': 'https://fonts.gstatic.com/s/redressed/v32/x3dickHUbrmJ7wMy9MsBefACvy_1BA.woff2'},handwriting,webfonts#webfont,https://fonts.gstatic.com/s/redressed/v32/x3dickHUbrmJ7wMy9MsxffoD.woff2,,,887,2025,recent_12m,False,False,1,set(),0,False,False,False,2,False,False,False
Voces,['regular'],"['latin', 'latin-ext']",v24,2025-09-16,{'regular': 'https://fonts.gstatic.com/s/voces/v24/-F6_fjJyLyU8d4PEBG7YpzlJ.woff2'},sans-serif,webfonts#webfont,https://fonts.gstatic.com/s/voces/v24/-F6_fjJyLyU8d7PADm8.woff2,,,888,2025,recent_12m,False,False,1,set(),0,False,False,False,2,False,False,False
Syne Mono,['regular'],"['latin', 'latin-ext']",v16,2025-09-16,{'regular': 'https://fonts.gstatic.com/s/synemono/v16/K2FzfZNHj_FHBmRbFvHzJ6CkDyvqZA.woff2'},monospace,webfonts#webfont,https://fonts.gstatic.com/s/synemono/v16/K2FzfZNHj_FHBmRbFvHDI6ql.woff2,,,889,2025,recent_12m,False,False,1,set(),0,False,False,False,2,False,False,False
Averia Sans Libre,"['300', '300italic', 'regular', 'italic', '700', '700italic']",['latin'],v20,2025-06-02,"{'300': 'https://fonts.gstatic.com/s/averiasanslibre/v20/ga6SaxZG_G5OvCf_rt7FH3B6BHLMEd3lMKcVJZP1LmD9.woff2', '300italic': 'https://fonts.gstatic.com/s/averiasanslibre/v20/ga6caxZG_G5OvCf_rt7FH3B6BHLMEdVLKisSL5LXK3D9qtg.woff2', 'regular': 'https://fonts.gstatic.com/s/averiasanslibre/v20/ga6XaxZG_G5OvCf_rt7FH3B6BHLMEeVMGIMYDo_8.woff2', 'italic': 'https://fonts.gstatic.com/s/averiasanslibre/v20/ga6RaxZG_G5OvCf_rt7FH3B6BHLMEdVLEoI6C5_8N3k.woff2', '700': 'https://fonts.gstatic.com/s/averiasanslibre/v20/ga6SaxZG_G5OvCf_rt7FH3B6BHLMEd31N6cVJZP1LmD9.woff2', '700italic': 'https://fonts.gstatic.com/s/averiasanslibre/v20/ga6caxZG_G5OvCf_rt7FH3B6BHLMEdVLKjsVL5LXK3D9qtg.woff2'}",display,webfonts#webfont,https://fonts.gstatic.com/s/averiasanslibre/v20/ga6XaxZG_G5OvCf_rt7FH3B6BHLMEdVIEoI.woff2,,,890,2025,older,True,False,3,set(),0,False,False,False,1,False,False,False
Vast Shadow,['regular'],['latin'],v21,2025-09-10,{'regular': 'https://fonts.gstatic.com/s/vastshadow/v21/pe0qMImKOZ1V62ZwbVY9dfe_Kdpickwp.woff2'},serif,webfonts#webfont,https://fonts.gstatic.com/s/vastshadow/v21/pe0qMImKOZ1V62ZwbVY9dce7I9s.woff2,,,891,2025,recent_12m,False,False,1,set(),0,False,False,False,1,False,False,False
Sansita Swashed,['regular'],"['latin', 'latin-ext', 'vietnamese']",v23,2025-09-05,{'regular': 'https://fonts.gstatic.com/s/sansitaswashed/v23/BXRzvFfZifTZgFlDDLgNkBydPKT30LeyoRkJIA.woff2'},display,webfonts#webfont,https://fonts.gstatic.com/s/sansitaswashed/v23/BXR8vFfZifTZgFlDDLgNkBydPKTt3pVCeYWqJnZSW7RpXTsfew.woff2,"[{'tag': 'wght', 'start': 300, 'end': 900}]",,892,2025,recent_12m,False,True,7,{'wght'},1,False,False,False,3,False,False,False
Unkempt,"['regular', '700']",['latin'],v22,2025-06-02,"{'regular': 'https://fonts.gstatic.com/s/unkempt/v22/2EbnL-Z2DFZue0DSSYMf8z2Yt_c.woff2', '700': 'https://fonts.gstatic.com/s/unkempt/v22/2EbiL-Z2DFZue0DScTow1zCzq_5uT84.woff2'}",display,webfonts#webfont,https://fonts.gstatic.com/s/unkempt/v22/2EbnL-Z2DFZue0DSeYcV8g.woff2,,,893,2025,older,False,False,2,set(),0,False,False,False,1,False,False,False
Sunflower,"['300', '500', '700']",['korean'],v18,2025-09-16,"{'300': 'https://fonts.gstatic.com/s/sunflower/v18/RWmPoKeF8fUjqIj7Vc-06MfirIsGBGBzCw.woff2', '500': 'https://fonts.gstatic.com/s/sunflower/v18/RWmPoKeF8fUjqIj7Vc-0sMbirIsGBGBzCw.woff2', '700': 'https://fonts.gstatic.com/s/sunflower/v18/RWmPoKeF8fUjqIj7Vc-0-MDirIsGBGBzCw.woff2'}",sans-serif,webfonts#webfont,https://fonts.gstatic.com/s/sunflower/v18/RWmPoKeF8fUjqIj7Vc-06MfSqIEH.woff2,,,894,2025,recent_12m,False,False,3,set(),0,False,False,False,1,True,False,False
Gurajada,['regular'],"['latin', 'telugu']",v24,2026-06-30,{'regular': 'https://fonts.gstatic.com/s/gurajada/v24/FwZY7-Qx308m-l-0Kd6F4sijpFu_.woff2'},sans-serif,webfonts#webfont,https://fonts.gstatic.com/s/gurajada/v24/FwZY7-Qx308m-l-0Ke6B6Mk.woff2,,,895,2026,recent_12m,False,False,1,set(),0,False,False,False,2,False,False,False
Rubik Doodle Shadow,['regular'],"['cyrillic', 'cyrillic-ext', 'hebrew', 'latin', 'latin-ext', 'math', 'symbols']",v1,2025-05-30,{'regular': 'https://fonts.gstatic.com/s/rubikdoodleshadow/v1/rP2bp3im_k8G_wTVdvvMdHqmXTR3lEaLyK6Z3KOY7Gw.woff2'},display,webfonts#webfont,https://fonts.gstatic.com/s/rubikdoodleshadow/v1/rP2bp3im_k8G_wTVdvvMdHqmXTR3lEaL-KqT3Q.woff2,,,896,2025,older,False,False,1,set(),0,False,False,False,7,False,False,False
Martian Mono,['regular'],"['cyrillic', 'cyrillic-ext', 'latin', 'latin-ext']",v6,2025-09-16,{'regular': 'https://fonts.gstatic.com/s/martianmono/v6/2V0aKIcADoYhV6w87xrTKjsiB6PJZ2Xx8w.woff2'},monospace,webfonts#webfont,https://fonts.gstatic.com/s/martianmono/v6/2V08KIcADoYhV6w87xrTKjs4CYElh_VS9YA4TlTnQzaVMIE6j15dYY1qu_6XBb8.woff2,"[{'tag': 'wdth', 'start': 75, 'end': 112.5}, {'tag': 'wght', 'start': 100, 'end': 800}]",,897,2025,recent_12m,False,True,8,"{'wdth', 'wght'}",2,True,False,False,4,False,False,False
Kranky,['regular'],['latin'],v29,2025-06-02,{'regular': 'https://fonts.gstatic.com/s/kranky/v29/hESw6XVgJzlPsFnMoxeEZo_H_w.woff2'},display,webfonts#webfont,https://fonts.gstatic.com/s/kranky/v29/hESw6XVgJzlPsFn8px2F.woff2,,,898,2025,older,False,False,1,set(),0,False,False,False,1,False,False,False
New Tegomin,['regular'],"['japanese', 'latin', 'latin-ext']",v13,2025-09-16,{'regular': 'https://fonts.gstatic.com/s/newtegomin/v13/SLXMc1fV7Gd9USdBAfPlqfNxQ3ptkDMN.woff2'},serif,webfonts#webfont,https://fonts.gstatic.com/s/newtegomin/v13/SLXMc1fV7Gd9USdBAfPlqcN1SXs.woff2,,,899,2025,recent_12m,False,False,1,set(),0,False,False,False,3,False,False,False
Rubik Glitch,['regular'],"['cyrillic', 'cyrillic-ext', 'hebrew', 'latin', 'latin-ext']",v2,2025-05-30,{'regular': 'https://fonts.gstatic.com/s/rubikglitch/v2/qkBSXv8b_srFRYQVYrDKh9ZvnS7HONiSFQ.woff2'},display,webfonts#webfont,https://fonts.gstatic.com/s/rubikglitch/v2/qkBSXv8b_srFRYQVYrDKh9ZfmSTG.woff2,,,900,2025,older,False,False,1,set(),0,False,False,False,5,False,False,False
Fanwood Text,"['regular', 'italic']","['latin', 'latin-ext']",v17,2025-09-10,"{'regular': 'https://fonts.gstatic.com/s/fanwoodtext/v17/3XFtErwl05Ad_vSCF6Fq7xXGQNbY1P1Sbg.woff2', 'italic': 'https://fonts.gstatic.com/s/fanwoodtext/v17/3XFzErwl05Ad_vSCF6Fq7xX2R9zZ9vhCblye.woff2'}",serif,webfonts#webfont,https://fonts.gstatic.com/s/fanwoodtext/v17/3XFtErwl05Ad_vSCF6Fq7xX2RNzZ.woff2,,,901,2025,recent_12m,True,False,1,set(),0,False,False,False,2,False,False,False
Coiny,['regular'],"['latin', 'latin-ext', 'tamil', 'vietnamese']",v17,2025-09-16,{'regular': 'https://fonts.gstatic.com/s/coiny/v17/gyByhwU1K989PXweElSvO5Tc.woff2'},display,webfonts#webfont,https://fonts.gstatic.com/s/coiny/v17/gyByhwU1K989PUwaGFU.woff2,,,902,2025,recent_12m,False,False,1,set(),0,False,False,False,4,False,False,False
Comic Relief,"['regular', '700']","['cyrillic', 'greek', 'latin', 'latin-ext']",v2,2025-04-23,"{'regular': 'https://fonts.gstatic.com/s/comicrelief/v2/BCauqZkHrvL55SZ8uaEhHMY2WRJhDgs-Kg.woff2', '700': 'https://fonts.gstatic.com/s/comicrelief/v2/BCaxqZkHrvL55SZ8uaEhHMYO4D1FAyAiI1y92w.woff2'}",display,webfonts#webfont,https://fonts.gstatic.com/s/comicrelief/v2/BCauqZkHrvL55SZ8uaEhHMYGXRhg.woff2,,,903,2025,older,False,False,2,set(),0,False,False,False,4,False,False,False
Tenali Ramakrishna,['regular'],"['latin', 'telugu']",v14,2025-09-02,{'regular': 'https://fonts.gstatic.com/s/tenaliramakrishna/v14/raxgHj6Yt9gAN3LLKs0BZVMo8jmwn1-8LZXqUFFvtA.woff2'},sans-serif,webfonts#webfont,https://fonts.gstatic.com/s/tenaliramakrishna/v14/raxgHj6Yt9gAN3LLKs0BZVMo8jmwn1-MKZ_r.woff2,,,904,2025,recent_12m,False,False,1,set(),0,False,False,False,2,False,False,False
Padauk,"['regular', '700']","['latin', 'latin-ext', 'myanmar']",v17,2025-09-11,"{'regular': 'https://fonts.gstatic.com/s/padauk/v17/RrQRboJg-id7OnbBbk_g3LlYbg.woff2', '700': 'https://fonts.gstatic.com/s/padauk/v17/RrQSboJg-id7Onb512DE0ZJEZ4YwGg.woff2'}",sans-serif,webfonts#webfont,https://fonts.gstatic.com/s/padauk/v17/RrQRboJg-id7OnbxakXh.woff2,,,905,2025,recent_12m,False,False,2,set(),0,False,False,False,3,False,False,False
Kalnia,['regular'],"['latin', 'latin-ext', 'math']",v6,2025-09-16,{'regular': 'https://fonts.gstatic.com/s/kalnia/v6/11hAGpPCwUbbYwZDMWatWKaZ3g.woff2'},serif,webfonts#webfont,https://fonts.gstatic.com/s/kalnia/v6/11hqGpPCwUbbYwZZP0RBuDY62BQZhjvOytM_sLzi-TFWAW9illxQEtY.woff2,"[{'tag': 'wdth', 'start': 100, 'end': 125}, {'tag': 'wght', 'start': 100, 'end': 700}]",,906,2025,recent_12m,False,True,7,"{'wdth', 'wght'}",2,True,False,False,3,False,False,False
Supermercado One,['regular'],"['latin', 'latin-ext']",v29,2025-09-10,{'regular': 'https://fonts.gstatic.com/s/supermercadoone/v29/OpNXnpQWg8jc_xps_Gi14kVVEXOn60P3MClBRTs.woff2'},display,webfonts#webfont,https://fonts.gstatic.com/s/supermercadoone/v29/OpNXnpQWg8jc_xps_Gi14kVVEXOn20f9MQ.woff2,,,907,2025,recent_12m,False,False,1,set(),0,False,False,False,2,False,False,False
Zen Antique Soft,['regular'],"['cyrillic', 'greek', 'japanese', 'latin', 'latin-ext']",v14,2025-09-10,{'regular': 'https://fonts.gstatic.com/s/zenantiquesoft/v14/DtV4JwqzSL1q_KwnEWMc_3xfgW6ihwVmkui5HNg.woff2'},serif,webfonts#webfont,https://fonts.gstatic.com/s/zenantiquesoft/v14/DtV4JwqzSL1q_KwnEWMc_3xfgW6itwFskw.woff2,,,908,2025,recent_12m,False,False,1,set(),0,False,False,False,5,False,False,False
Euphoria Script,['regular'],"['latin', 'latin-ext']",v22,2025-09-05,{'regular': 'https://fonts.gstatic.com/s/euphoriascript/v22/mFTpWb0X2bLb_cx6To2B8GpKoD5alvZT1D8x7Q.woff2'},handwriting,webfonts#webfont,https://fonts.gstatic.com/s/euphoriascript/v22/mFTpWb0X2bLb_cx6To2B8GpKoD5qkvxS.woff2,,,909,2025,recent_12m,False,False,1,set(),0,False,False,False,2,False,False,False
Train One,['regular'],"['cyrillic', 'japanese', 'latin', 'latin-ext']",v16,2025-09-05,{'regular': 'https://fonts.gstatic.com/s/trainone/v16/gyB-hwkiNtc6KnxUVjWHP6bZRY7JVQ.woff2'},display,webfonts#webfont,https://fonts.gstatic.com/s/trainone/v16/gyB-hwkiNtc6KnxUVjW3O6zY.woff2,,,910,2025,recent_12m,False,False,1,set(),0,False,False,False,4,False,False,False
Noto Sans Ol Chiki,['regular'],"['latin', 'latin-ext', 'ol-chiki']",v31,2025-09-10,{'regular': 'https://fonts.gstatic.com/s/notosansolchiki/v31/N0bI2TJNOPt-eHmFZCdQbrL32r-4CvhpARaAT48zZA.woff2'},sans-serif,webfonts#webfont,https://fonts.gstatic.com/s/notosansolchiki/v31/N0b92TJNOPt-eHmFZCdQbrL32r-4CvhzDzRwlxOQYuVALWk227MwgA.woff2,"[{'tag': 'wght', 'start': 400, 'end': 700}]",,911,2025,recent_12m,False,True,4,{'wght'},1,False,False,False,3,False,False,False
McLaren,['regular'],"['latin', 'latin-ext']",v19,2025-09-10,{'regular': 'https://fonts.gstatic.com/s/mclaren/v19/2EbnL-ZuAXFqZFXISYMf8z2Yt_c.woff2'},display,webfonts#webfont,https://fonts.gstatic.com/s/mclaren/v19/2EbnL-ZuAXFqZFXIeYcV8g.woff2,,,912,2025,recent_12m,False,False,1,set(),0,False,False,False,2,False,False,False
Fasthand,['regular'],"['khmer', 'latin']",v33,2025-09-08,{'regular': 'https://fonts.gstatic.com/s/fasthand/v33/0yb9GDohyKTYn_ZEESkrYkw2rQg1.woff2'},display,webfonts#webfont,https://fonts.gstatic.com/s/fasthand/v33/0yb9GDohyKTYn_ZEERkvaE0.woff2,,,913,2025,recent_12m,False,False,1,set(),0,False,False,False,2,False,False,False
Sail,['regular'],"['latin', 'latin-ext']",v17,2025-09-10,{'regular': 'https://fonts.gstatic.com/s/sail/v17/DPEjYwiBxwYJFBHDADYAbvw.woff2'},display,webfonts#webfont,https://fonts.gstatic.com/s/sail/v17/DPEjYwiBxwYJJBXJAQ.woff2,,,914,2025,recent_12m,False,False,1,set(),0,False,False,False,2,False,False,False
Freehand,['regular'],"['khmer', 'latin']",v34,2025-09-08,{'regular': 'https://fonts.gstatic.com/s/freehand/v34/cIf-Ma5eqk01VjKTgAmETmUOmZJk.woff2'},display,webfonts#webfont,https://fonts.gstatic.com/s/freehand/v34/cIf-Ma5eqk01VjKTgDmARGQ.woff2,,,915,2025,recent_12m,False,False,1,set(),0,False,False,False,2,False,False,False
Doppio One,['regular'],"['latin', 'latin-ext']",v14,2025-09-10,{'regular': 'https://fonts.gstatic.com/s/doppioone/v14/Gg8wN5gSaBfyBw2MqCh-lg4hKGpe5Fg.woff2'},sans-serif,webfonts#webfont,https://fonts.gstatic.com/s/doppioone/v14/Gg8wN5gSaBfyBw2MqCh-pgorKQ.woff2,,,916,2025,recent_12m,False,False,1,set(),0,False,False,False,2,False,False,False
Dai Banna SIL,"['300', '300italic', 'regular', 'italic', '500', '500italic', '600', '600italic', '700', '700italic']","['latin', 'latin-ext', 'new-tai-lue']",v2,2025-05-30,"{'300': 'https://fonts.gstatic.com/s/daibannasil/v2/lW-lwj0AJWmpwGyJ2uEoA4I7tYKoDs_KOgMX95A.woff2', '300italic': 'https://fonts.gstatic.com/s/daibannasil/v2/lW-jwj0AJWmpwGyJ2uEoA4I7vSyygsjAOyES55D3Vg.woff2', 'regular': 'https://fonts.gstatic.com/s/daibannasil/v2/lW-4wj0AJWmpwGyJ2uEoA4I7jSuAKsLhJgo.woff2', 'italic': 'https://fonts.gstatic.com/s/daibannasil/v2/lW-mwj0AJWmpwGyJ2uEoA4I7vSyKK-DkNgoO7g.woff2', '500': 'https://fonts.gstatic.com/s/daibannasil/v2/lW-lwj0AJWmpwGyJ2uEoA4I7tdqpDs_KOgMX95A.woff2', '500italic': 'https://fonts.gstatic.com/s/daibannasil/v2/lW-jwj0AJWmpwGyJ2uEoA4I7vSyy2snAOyES55D3Vg.woff2', '600': 'https://fonts.gstatic.com/s/daibannasil/v2/lW-lwj0AJWmpwGyJ2uEoA4I7tfauDs_KOgMX95A.woff2', '600italic': 'https://fonts.gstatic.com/s/daibannasil/v2/lW-jwj0AJWmpwGyJ2uEoA4I7vSyy9s7AOyES55D3Vg.woff2', '700': 'https://fonts.gstatic.com/s/daibannasil/v2/lW-lwj0AJWmpwGyJ2uEoA4I7tZKvDs_KOgMX95A.woff2', '700italic': 'https://fonts.gstatic.com/s/daibannasil/v2/lW-jwj0AJWmpwGyJ2uEoA4I7vSyyks_AOyES55D3Vg.woff2'}",serif,webfonts#webfont,https://fonts.gstatic.com/s/daibannasil/v2/lW-4wj0AJWmpwGyJ2uEoA4I7vS-KKw.woff2,,,917,2025,older,True,False,5,set(),0,False,False,False,3,False,False,False
Cherry Cream Soda,['regular'],['latin'],v21,2025-05-30,{'regular': 'https://fonts.gstatic.com/s/cherrycreamsoda/v21/UMBIrOxBrW6w2FFyi9paG0fdVdRciTd_Cd47DJ7G.woff2'},display,webfonts#webfont,https://fonts.gstatic.com/s/cherrycreamsoda/v21/UMBIrOxBrW6w2FFyi9paG0fdVdRciQd7A98.woff2,,,918,2025,older,False,False,1,set(),0,False,False,False,1,False,False,False
Ysabeau Office,"['regular', 'italic']","['cyrillic', 'cyrillic-ext', 'greek', 'latin', 'latin-ext', 'math', 'symbols', 'vietnamese']",v4,2025-09-10,"{'regular': 'https://fonts.gstatic.com/s/ysabeauoffice/v4/LDIrapaZKhM9RuQIp8FmdYrPPMLLub458jGL.woff2', 'italic': 'https://fonts.gstatic.com/s/ysabeauoffice/v4/LDIpapaZKhM9RuQIp8FmdYrPPPLMs78b9yGLmfI.woff2'}",sans-serif,webfonts#webfont,https://fonts.gstatic.com/s/ysabeauoffice/v4/LDImapaZKhM9RuQIp8FmdYrPPNjFm07hbpKNlPPbh6MvYC3o.woff2,"[{'tag': 'wght', 'start': 1, 'end': 1000}]",,919,2025,recent_12m,True,True,10,{'wght'},1,False,False,False,8,False,False,False
Buenard,['regular'],"['latin', 'latin-ext']",v22,2025-09-08,{'regular': 'https://fonts.gstatic.com/s/buenard/v22/OD5DuM6Cyma8FnnsPzL9qGi9HL4.woff2'},serif,webfonts#webfont,https://fonts.gstatic.com/s/buenard/v22/OD5cuM6Cyma8FnnsJTzfWLAhv7i92sqpK3_2ghc.woff2,"[{'tag': 'wght', 'start': 400, 'end': 700}]",,920,2025,recent_12m,False,True,4,{'wght'},1,False,False,False,2,False,False,False
Rubik Bubbles,['regular'],"['cyrillic', 'cyrillic-ext', 'hebrew', 'latin', 'latin-ext']",v3,2025-05-30,{'regular': 'https://fonts.gstatic.com/s/rubikbubbles/v3/JIA1UVdwbHFJtwA7Us1BPFbRNTQNfDxyRXI.woff2'},display,webfonts#webfont,https://fonts.gstatic.com/s/rubikbubbles/v3/JIA1UVdwbHFJtwA7Us1BPFbRBTAHfQ.woff2,,,921,2025,older,False,False,1,set(),0,False,False,False,5,False,False,False
Bakbak One,['regular'],"['devanagari', 'latin', 'latin-ext']",v11,2025-09-11,{'regular': 'https://fonts.gstatic.com/s/bakbakone/v11/zOL54pXAl6RI-p_ardnuycFuv-hHkOs.woff2'},display,webfonts#webfont,https://fonts.gstatic.com/s/bakbakone/v11/zOL54pXAl6RI-p_ardnu-cVkvg.woff2,,,922,2025,recent_12m,False,False,1,set(),0,False,False,False,3,False,False,False
Brawler,"['regular', '700']",['latin'],v20,2025-09-10,"{'regular': 'https://fonts.gstatic.com/s/brawler/v20/xn7gYHE3xXewAscGsgW7S9XdZN8.woff2', '700': 'https://fonts.gstatic.com/s/brawler/v20/xn7lYHE3xXewAscGiryUb9j2eNaPfk8.woff2'}",serif,webfonts#webfont,https://fonts.gstatic.com/s/brawler/v20/xn7gYHE3xXewAscGggGxSg.woff2,,,923,2025,recent_12m,False,False,2,set(),0,False,False,False,1,False,False,False
Teachers,"['regular', 'italic']","['greek-ext', 'latin', 'latin-ext']",v6,2025-09-08,"{'regular': 'https://fonts.gstatic.com/s/teachers/v6/H4ckBXKVncXVmUGsgSY_wr-wg763.woff2', 'italic': 'https://fonts.gstatic.com/s/teachers/v6/H4ciBXKVncXVmUGsgRY4yL6Shq63czE.woff2'}",sans-serif,webfonts#webfont,https://fonts.gstatic.com/s/teachers/v6/H4c5BXKVncXVmUGsgTwx4E9oHx2xfjBr3poAYpRP.woff2,"[{'tag': 'wght', 'start': 400, 'end': 800}]",,924,2025,recent_12m,True,True,5,{'wght'},1,False,False,False,3,False,False,False
Denk One,['regular'],"['cyrillic-ext', 'latin', 'latin-ext', 'vietnamese']",v21,2025-09-05,{'regular': 'https://fonts.gstatic.com/s/denkone/v21/dg4m_pzhrqcFb2IzROtCpbglShon.woff2'},sans-serif,webfonts#webfont,https://fonts.gstatic.com/s/denkone/v21/dg4m_pzhrqcFb2IzRNtGr7k.woff2,,,925,2025,recent_12m,False,False,1,set(),0,False,False,False,4,False,False,False
Waterfall,['regular'],"['latin', 'latin-ext', 'vietnamese']",v8,2025-09-05,{'regular': 'https://fonts.gstatic.com/s/waterfall/v8/MCoRzAfo293fACdFKcwY37H8D_EZwA.woff2'},handwriting,webfonts#webfont,https://fonts.gstatic.com/s/waterfall/v8/MCoRzAfo293fACdFKcwo27v9.woff2,,,926,2025,recent_12m,False,False,1,set(),0,False,False,False,3,False,False,False
New Rocker,['regular'],"['latin', 'latin-ext']",v17,2025-09-16,{'regular': 'https://fonts.gstatic.com/s/newrocker/v17/MwQzbhjp3-HImzcCU_cJkGYViblPtXs.woff2'},display,webfonts#webfont,https://fonts.gstatic.com/s/newrocker/v17/MwQzbhjp3-HImzcCU_cJoGIfiA.woff2,,,927,2025,recent_12m,False,False,1,set(),0,False,False,False,2,False,False,False
Encode Sans Semi Expanded,"['100', '200', '300', 'regular', '500', '600', '700', '800', '900']","['latin', 'latin-ext', 'vietnamese']",v23,2026-06-30,"{'100': 'https://fonts.gstatic.com/s/encodesanssemiexpanded/v23/ke8xOhAPMEZs-BDuzwftTNJ85JvwMOzE9d9Cca5TM-41LgrlKXeOEA.woff2', '200': 'https://fonts.gstatic.com/s/encodesanssemiexpanded/v23/ke8yOhAPMEZs-BDuzwftTNJ85JvwMOzE9d9Cca5TM0IUCyXLJX6XCWU.woff2', '300': 'https://fonts.gstatic.com/s/encodesanssemiexpanded/v23/ke8yOhAPMEZs-BDuzwftTNJ85JvwMOzE9d9Cca5TMyYXCyXLJX6XCWU.woff2', 'regular': 'https://fonts.gstatic.com/s/encodesanssemiexpanded/v23/ke83OhAPMEZs-BDuzwftTNJ85JvwMOzE9d9Cca5TC48_LyjgOXc.woff2', '500': 'https://fonts.gstatic.com/s/encodesanssemiexpanded/v23/ke8yOhAPMEZs-BDuzwftTNJ85JvwMOzE9d9Cca5TM34WCyXLJX6XCWU.woff2', '600': 'https://fonts.gstatic.com/s/encodesanssemiexpanded/v23/ke8yOhAPMEZs-BDuzwftTNJ85JvwMOzE9d9Cca5TM1IRCyXLJX6XCWU.woff2', '700': 'https://fonts.gstatic.com/s/encodesanssemiexpanded/v23/ke8yOhAPMEZs-BDuzwftTNJ85JvwMOzE9d9Cca5TMzYQCyXLJX6XCWU.woff2', '800': 'https://fonts.gstatic.com/s/encodesanssemiexpanded/v23/ke8yOhAPMEZs-BDuzwftTNJ85JvwMOzE9d9Cca5TMyoTCyXLJX6XCWU.woff2', '900': 'https://fonts.gstatic.com/s/encodesanssemiexpanded/v23/ke8yOhAPMEZs-BDuzwftTNJ85JvwMOzE9d9Cca5TMw4SCyXLJX6XCWU.woff2'}",sans-serif,webfonts#webfont,https://fonts.gstatic.com/s/encodesanssemiexpanded/v23/ke83OhAPMEZs-BDuzwftTNJ85JvwMOzE9d9Cca5TO4s1Lg.woff2,,,928,2026,recent_12m,False,False,9,set(),0,False,False,False,3,False,False,False
Rubik Dirt,['regular'],"['cyrillic', 'cyrillic-ext', 'hebrew', 'latin', 'latin-ext']",v2,2025-05-30,{'regular': 'https://fonts.gstatic.com/s/rubikdirt/v2/DtVmJxC7WLEj1uIXEWAdulkm6gDXvwE.woff2'},display,webfonts#webfont,https://fonts.gstatic.com/s/rubikdirt/v2/DtVmJxC7WLEj1uIXEWAdil0s6w.woff2,,,929,2025,older,False,False,1,set(),0,False,False,False,5,False,False,False
Capriola,['regular'],"['latin', 'latin-ext']",v15,2025-09-16,{'regular': 'https://fonts.gstatic.com/s/capriola/v15/wXKoE3YSppcvo1PDln_5L-AinG8y.woff2'},sans-serif,webfonts#webfont,https://fonts.gstatic.com/s/capriola/v15/wXKoE3YSppcvo1PDlk_9JeE.woff2,,,930,2025,recent_12m,False,False,1,set(),0,False,False,False,2,False,False,False
Griffy,['regular'],"['latin', 'latin-ext']",v23,2025-09-11,{'regular': 'https://fonts.gstatic.com/s/griffy/v23/FwZa7-ox2FQh9kfwTdSEwM2zpA.woff2'},display,webfonts#webfont,https://fonts.gstatic.com/s/griffy/v23/FwZa7-ox2FQh9kfASd6F.woff2,,,931,2025,recent_12m,False,False,1,set(),0,False,False,False,2,False,False,False
Nerko One,['regular'],"['latin', 'latin-ext']",v17,2025-09-16,{'regular': 'https://fonts.gstatic.com/s/nerkoone/v17/m8JQjfZSc7OXlB3ZMOjzdZ5BZmqa3A.woff2'},handwriting,webfonts#webfont,https://fonts.gstatic.com/s/nerkoone/v17/m8JQjfZSc7OXlB3ZMOjDcZRA.woff2,,,932,2025,recent_12m,False,False,1,set(),0,False,False,False,2,False,False,False
Licorice,['regular'],"['latin', 'latin-ext', 'vietnamese']",v8,2025-09-11,{'regular': 'https://fonts.gstatic.com/s/licorice/v8/t5tjIR8TMomTCAyjNk2yhqLgzCHu.woff2'},handwriting,webfonts#webfont,https://fonts.gstatic.com/s/licorice/v8/t5tjIR8TMomTCAyjNn22jKM.woff2,,,933,2025,recent_12m,False,False,1,set(),0,False,False,False,3,False,False,False
Moon Dance,['regular'],"['latin', 'latin-ext', 'vietnamese']",v8,2025-09-16,{'regular': 'https://fonts.gstatic.com/s/moondance/v8/WBLgrEbUbFlYW9ekmGawe2DiKMiokE4.woff2'},handwriting,webfonts#webfont,https://fonts.gstatic.com/s/moondance/v8/WBLgrEbUbFlYW9ekmGawS2ToKQ.woff2,,,934,2025,recent_12m,False,False,1,set(),0,False,False,False,3,False,False,False
Noto Sans Lao,['regular'],"['lao', 'latin', 'latin-ext']",v33,2025-09-02,{'regular': 'https://fonts.gstatic.com/s/notosanslao/v33/bx6DNx2Ol_ixgdYWLm9BwxM3L2Cj1qsPTKs.woff2'},sans-serif,webfonts#webfont,https://fonts.gstatic.com/s/notosanslao/v33/bx6lNx2Ol_ixgdYWLm9BwxM3NW6BOkuf763Clj73CiQ_J1Djx9pidOt4ccbtfpkL.woff2,"[{'tag': 'wdth', 'start': 62.5, 'end': 100}, {'tag': 'wght', 'start': 100, 'end': 900}]",,935,2025,recent_12m,False,True,9,"{'wdth', 'wght'}",2,True,False,False,3,False,False,False
Thasadith,"['regular', 'italic', '700', '700italic']","['latin', 'latin-ext', 'thai', 'vietnamese']",v13,2025-09-10,"{'regular': 'https://fonts.gstatic.com/s/thasadith/v13/mtG44_1TIqPYrd_f5R1YtUkU0CWuFw.woff2', 'italic': 'https://fonts.gstatic.com/s/thasadith/v13/mtG-4_1TIqPYrd_f5R1oskMV8iC-F1ZE.woff2', '700': 'https://fonts.gstatic.com/s/thasadith/v13/mtG94_1TIqPYrd_f5R1gDGYw3Q6yHk9d8w.woff2', '700italic': 'https://fonts.gstatic.com/s/thasadith/v13/mtGj4_1TIqPYrd_f5R1osnus3QSzPEpN8zxA.woff2'}",sans-serif,webfonts#webfont,https://fonts.gstatic.com/s/thasadith/v13/mtG44_1TIqPYrd_f5R1osUMV.woff2,,,936,2025,recent_12m,True,False,2,set(),0,False,False,False,4,False,False,False
The Girl Next Door,['regular'],"['latin', 'latin-ext']",v25,2025-09-16,{'regular': 'https://fonts.gstatic.com/s/thegirlnextdoor/v25/pe0zMJCIMIsBjFxqYBIcZ6_OI5oFHCYIUrt7w6bE2A.woff2'},handwriting,webfonts#webfont,https://fonts.gstatic.com/s/thegirlnextdoor/v25/pe0zMJCIMIsBjFxqYBIcZ6_OI5oFHCY4VrF6.woff2,,,937,2025,recent_12m,False,False,1,set(),0,False,False,False,2,False,False,False
Charmonman,"['regular', '700']","['latin', 'latin-ext', 'thai', 'vietnamese']",v20,2025-09-16,"{'regular': 'https://fonts.gstatic.com/s/charmonman/v20/MjQDmiR3vP_nuxDv47jiWJSovLdh6OE.woff2', '700': 'https://fonts.gstatic.com/s/charmonman/v20/MjQAmiR3vP_nuxDv47jiYC2HmLpK9OhmGnY.woff2'}",handwriting,webfonts#webfont,https://fonts.gstatic.com/s/charmonman/v20/MjQDmiR3vP_nuxDv47jiaJCivQ.woff2,,,938,2025,recent_12m,False,False,2,set(),0,False,False,False,4,False,False,False
Cutive,['regular'],"['latin', 'latin-ext']",v24,2025-09-11,{'regular': 'https://fonts.gstatic.com/s/cutive/v24/NaPZcZ_fHOhV3Ip7SvhDoyqlZQ.woff2'},serif,webfonts#webfont,https://fonts.gstatic.com/s/cutive/v24/NaPZcZ_fHOhV3IpLTvJC.woff2,,,939,2025,recent_12m,False,False,1,set(),0,False,False,False,2,False,False,False
Slabo 13px,['regular'],"['latin', 'latin-ext']",v17,2025-09-11,{'regular': 'https://fonts.gstatic.com/s/slabo13px/v17/11hEGp_azEvXZUdSBzzRcKKr2wkYnvI.woff2'},serif,webfonts#webfont,https://fonts.gstatic.com/s/slabo13px/v17/11hEGp_azEvXZUdSBzzRQKah2g.woff2,,,940,2025,recent_12m,False,False,1,set(),0,False,False,False,2,False,False,False
Cherry Bomb One,['regular'],"['japanese', 'latin', 'latin-ext', 'vietnamese']",v11,2025-09-16,{'regular': 'https://fonts.gstatic.com/s/cherrybombone/v11/y83DW4od1h6KlV3c6JJhRhGOdhrKCdpF41fr-w.woff2'},display,webfonts#webfont,https://fonts.gstatic.com/s/cherrybombone/v11/y83DW4od1h6KlV3c6JJhRhGOdhr6DdBE.woff2,,,941,2025,recent_12m,False,False,1,set(),0,False,False,False,4,False,False,False
Vollkorn SC,"['regular', '600', '700', '900']","['cyrillic', 'cyrillic-ext', 'latin', 'latin-ext', 'vietnamese']",v12,2025-09-11,"{'regular': 'https://fonts.gstatic.com/s/vollkornsc/v12/j8_v6-zQ3rXpceZj9cqnVhF8NH-iSq_E.woff2', '600': 'https://fonts.gstatic.com/s/vollkornsc/v12/j8_y6-zQ3rXpceZj9cqnVimhGluvYbPN5Yjn.woff2', '700': 'https://fonts.gstatic.com/s/vollkornsc/v12/j8_y6-zQ3rXpceZj9cqnVinFG1uvYbPN5Yjn.woff2', '900': 'https://fonts.gstatic.com/s/vollkornsc/v12/j8_y6-zQ3rXpceZj9cqnVin9GVuvYbPN5Yjn.woff2'}",serif,webfonts#webfont,https://fonts.gstatic.com/s/vollkornsc/v12/j8_v6-zQ3rXpceZj9cqnViF4Pn4.woff2,,,942,2025,recent_12m,False,False,4,set(),0,False,False,False,5,False,False,False
Bigshot One,['regular'],['latin'],v31,2025-09-10,{'regular': 'https://fonts.gstatic.com/s/bigshotone/v31/u-470qukhRkkO6BD_7cM_gxrUQJBXv_-.woff2'},display,webfonts#webfont,https://fonts.gstatic.com/s/bigshotone/v31/u-470qukhRkkO6BD_7cM_jxvWwM.woff2,,,943,2025,recent_12m,False,False,1,set(),0,False,False,False,1,False,False,False
Bagel Fat One,['regular'],"['korean', 'latin', 'latin-ext']",v2,2025-05-30,{'regular': 'https://fonts.gstatic.com/s/bagelfatone/v2/hYkPPucsQOr5dy02WmQr5Zkd0Btmvv0dSbM.woff2'},display,webfonts#webfont,https://fonts.gstatic.com/s/bagelfatone/v2/hYkPPucsQOr5dy02WmQr5Zkd4B9svw.woff2,,,944,2025,older,False,False,1,set(),0,False,False,False,3,True,False,False
Gamja Flower,['regular'],"['korean', 'latin']",v26,2025-09-08,{'regular': 'https://fonts.gstatic.com/s/gamjaflower/v26/6NUR8FiKJg-Pa0rM6uN40Z4kzP9Fdty2ew.woff2'},handwriting,webfonts#webfont,https://fonts.gstatic.com/s/gamjaflower/v26/6NUR8FiKJg-Pa0rM6uN40Z4UyPVE.woff2,,,945,2025,recent_12m,False,False,1,set(),0,False,False,False,2,True,False,False
Cairo Play,['regular'],"['arabic', 'latin', 'latin-ext']",v13,2025-09-16,{'regular': 'https://fonts.gstatic.com/s/cairoplay/v13/wXKuE3QSpo4vpRz_mz6FJeEAmX8yrdk.woff2'},sans-serif,webfonts#webfont,https://fonts.gstatic.com/s/cairoplay/v13/wXKEE3QSpo4vpRz_mz6FP-8iaauCLt_Hjopv3miu5IvcJo49mOo1knYa9i_b.woff2,"[{'tag': 'slnt', 'start': -11, 'end': 11}, {'tag': 'wght', 'start': 200, 'end': 1000}]",['COLRv0'],946,2025,recent_12m,False,True,9,"{'wght', 'slnt'}",2,False,True,False,3,False,False,False
Codystar,"['300', 'regular']","['latin', 'latin-ext']",v19,2025-09-11,"{'300': 'https://fonts.gstatic.com/s/codystar/v19/FwZf7-Q1xVk-40qxOuYsyuyuj0e29bfC.woff2', 'regular': 'https://fonts.gstatic.com/s/codystar/v19/FwZY7-Q1xVk-40qxOt6F4sijpFu_.woff2'}",display,webfonts#webfont,https://fonts.gstatic.com/s/codystar/v19/FwZY7-Q1xVk-40qxOu6B6Mk.woff2,,,947,2025,recent_12m,False,False,2,set(),0,False,False,False,2,False,False,False
Carattere,['regular'],"['latin', 'latin-ext', 'vietnamese']",v8,2025-09-11,{'regular': 'https://fonts.gstatic.com/s/carattere/v8/4iCv6Kp1b9dXlgt_CkvTsmaMH4V_gg.woff2'},handwriting,webfonts#webfont,https://fonts.gstatic.com/s/carattere/v8/4iCv6Kp1b9dXlgt_CkvjtmyN.woff2,,,948,2025,recent_12m,False,False,1,set(),0,False,False,False,3,False,False,False
Pompiere,['regular'],['latin'],v21,2025-09-05,{'regular': 'https://fonts.gstatic.com/s/pompiere/v21/VEMyRoxis5Dwuyeov6Wo5jDtreOL.woff2'},display,webfonts#webfont,https://fonts.gstatic.com/s/pompiere/v21/VEMyRoxis5Dwuyeov5Ws7DE.woff2,,,949,2025,recent_12m,False,False,1,set(),0,False,False,False,1,False,False,False
Nata Sans,['regular'],"['cyrillic', 'cyrillic-ext', 'latin', 'latin-ext', 'vietnamese']",v1,2025-07-30,{'regular': 'https://fonts.gstatic.com/s/natasans/v1/1q2EY5KBClBit88SU_tOzcQbjEX5fw.woff2'},sans-serif,webfonts#webfont,https://fonts.gstatic.com/s/natasans/v1/1q2XY5KBClBit88SU_tUw-brVNlaeZChg6wJ2gyG6g.woff2,"[{'tag': 'wght', 'start': 100, 'end': 900}]",,950,2025,recent_12m,False,True,9,{'wght'},1,False,False,False,5,False,False,False
Shojumaru,['regular'],"['latin', 'latin-ext']",v16,2025-09-11,{'regular': 'https://fonts.gstatic.com/s/shojumaru/v16/rax_HiWfutkLLnaKCtlMARJek0vA8A.woff2'},display,webfonts#webfont,https://fonts.gstatic.com/s/shojumaru/v16/rax_HiWfutkLLnaKCtl8BRhf.woff2,,,951,2025,recent_12m,False,False,1,set(),0,False,False,False,2,False,False,False
Kelly Slab,['regular'],"['cyrillic', 'latin', 'latin-ext']",v18,2025-06-02,{'regular': 'https://fonts.gstatic.com/s/kellyslab/v18/-W_7XJX0Rz3cxUnJC5t6TkYBf50kbiM.woff2'},display,webfonts#webfont,https://fonts.gstatic.com/s/kellyslab/v18/-W_7XJX0Rz3cxUnJC5t6fkILfg.woff2,,,952,2025,older,False,False,1,set(),0,False,False,False,3,False,False,False
Cambo,['regular'],"['latin', 'latin-ext']",v21,2026-06-30,{'regular': 'https://fonts.gstatic.com/s/cambo/v21/IFSqHeNEk8FJk41_ok7xkPm8.woff2'},serif,webfonts#webfont,https://fonts.gstatic.com/s/cambo/v21/IFSqHeNEk8FJk717qE8.woff2,,,953,2026,recent_12m,False,False,1,set(),0,False,False,False,2,False,False,False
Road Rage,['regular'],"['latin', 'latin-ext', 'vietnamese']",v9,2025-09-05,{'regular': 'https://fonts.gstatic.com/s/roadrage/v9/6NUU8F2fKAOBKjjr4ekvscYAwdRZfw.woff2'},display,webfonts#webfont,https://fonts.gstatic.com/s/roadrage/v9/6NUU8F2fKAOBKjjr4ekftcwB.woff2,,,954,2025,recent_12m,False,False,1,set(),0,False,False,False,3,False,False,False
Sunshiney,['regular'],['latin'],v24,2025-05-30,{'regular': 'https://fonts.gstatic.com/s/sunshiney/v24/LDIwapGTLBwsS-wT4vcgFsmoUePWkg.woff2'},handwriting,webfonts#webfont,https://fonts.gstatic.com/s/sunshiney/v24/LDIwapGTLBwsS-wT4vcQEsOp.woff2,,,955,2025,older,False,False,1,set(),0,False,False,False,1,False,False,False
Solway,"['300', 'regular', '500', '700', '800']",['latin'],v19,2025-09-08,"{'300': 'https://fonts.gstatic.com/s/solway/v19/AMOTz46Cs2uTAOCuLlgZn80QW3mqyg.woff2', 'regular': 'https://fonts.gstatic.com/s/solway/v19/AMOQz46Cs2uTAOCWh3A9kuYMUg.woff2', '500': 'https://fonts.gstatic.com/s/solway/v19/AMOTz46Cs2uTAOCudlkZn80QW3mqyg.woff2', '700': 'https://fonts.gstatic.com/s/solway/v19/AMOTz46Cs2uTAOCuPl8Zn80QW3mqyg.woff2', '800': 'https://fonts.gstatic.com/s/solway/v19/AMOTz46Cs2uTAOCuIlwZn80QW3mqyg.woff2'}",serif,webfonts#webfont,https://fonts.gstatic.com/s/solway/v19/AMOQz46Cs2uTAOCmg3o8.woff2,,,956,2025,recent_12m,False,False,5,set(),0,False,False,False,1,False,False,False
Orelega One,['regular'],"['cyrillic', 'cyrillic-ext', 'latin', 'latin-ext']",v14,2025-09-16,{'regular': 'https://fonts.gstatic.com/s/orelegaone/v14/3qTpojOggD2XtAdFb-QXZGt_1EcYaQ7F.woff2'},display,webfonts#webfont,https://fonts.gstatic.com/s/orelegaone/v14/3qTpojOggD2XtAdFb-QXZFt73kY.woff2,,,957,2025,recent_12m,False,False,1,set(),0,False,False,False,4,False,False,False
Stick No Bills,['regular'],"['latin', 'latin-ext', 'sinhala']",v17,2025-09-10,{'regular': 'https://fonts.gstatic.com/s/sticknobills/v17/bWth7ffXZwHuAa9Uld-oEK4QKkZt1w-1YxiC.woff2'},sans-serif,webfonts#webfont,https://fonts.gstatic.com/s/sticknobills/v17/bWts7ffXZwHuAa9Uld-oEK4QKlxj9f9t_7uEmjcVv8QLK7Kx.woff2,"[{'tag': 'wght', 'start': 200, 'end': 800}]",,958,2025,recent_12m,False,True,7,{'wght'},1,False,False,False,3,False,False,False
Inder,['regular'],"['latin', 'latin-ext']",v15,2025-09-05,{'regular': 'https://fonts.gstatic.com/s/inder/v15/w8gUH2YoQe8_4vq_pw-P3U4O.woff2'},sans-serif,webfonts#webfont,https://fonts.gstatic.com/s/inder/v15/w8gUH2YoQe8_4sq7rQ4.woff2,,,959,2025,recent_12m,False,False,1,set(),0,False,False,False,2,False,False,False
Bonheur Royale,['regular'],"['latin', 'latin-ext', 'vietnamese']",v15,2025-09-10,{'regular': 'https://fonts.gstatic.com/s/bonheurroyale/v15/c4m51nt_GMTrtX-b9GcG4-YRmYK6c0f1N5Ij.woff2'},handwriting,webfonts#webfont,https://fonts.gstatic.com/s/bonheurroyale/v15/c4m51nt_GMTrtX-b9GcG4-YRmbK-eUY.woff2,,,960,2025,recent_12m,False,False,1,set(),0,False,False,False,3,False,False,False
Atma,"['300', 'regular', '500', '600', '700']","['bengali', 'latin', 'latin-ext']",v19,2025-09-16,"{'300': 'https://fonts.gstatic.com/s/atma/v19/uK_z4rqWc-Eoo8JzKjI9PvedRkM.woff2', 'regular': 'https://fonts.gstatic.com/s/atma/v19/uK_84rqWc-Eom2tbDj8WIv4.woff2', '500': 'https://fonts.gstatic.com/s/atma/v19/uK_z4rqWc-Eoo5pyKjI9PvedRkM.woff2', '600': 'https://fonts.gstatic.com/s/atma/v19/uK_z4rqWc-Eoo7Z1KjI9PvedRkM.woff2', '700': 'https://fonts.gstatic.com/s/atma/v19/uK_z4rqWc-Eoo9J0KjI9PvedRkM.woff2'}",display,webfonts#webfont,https://fonts.gstatic.com/s/atma/v19/uK_84rqWc-Eoq29RDw.woff2,,,961,2025,recent_12m,False,False,5,set(),0,False,False,False,3,False,False,False
Edu SA Beginner,['regular'],['latin'],v5,2025-09-16,{'regular': 'https://fonts.gstatic.com/s/edusabeginner/v5/rnCw-xRb1x-1lHXnLaZZ2xOoLIGFXVAMArZKqQ.woff2'},handwriting,webfonts#webfont,https://fonts.gstatic.com/s/edusabeginner/v5/rnC_-xRb1x-1lHXnLaZZ2xOoLIGfU3L82irpr_3C9989Tox4Bg.woff2,"[{'tag': 'wght', 'start': 400, 'end': 700}]",,962,2025,recent_12m,False,True,4,{'wght'},1,False,False,False,1,False,False,False
Wire One,['regular'],['latin'],v30,2025-09-16,{'regular': 'https://fonts.gstatic.com/s/wireone/v30/qFdH35Wah5htUhV75WGnWdrCwwcJ.woff2'},sans-serif,webfonts#webfont,https://fonts.gstatic.com/s/wireone/v30/qFdH35Wah5htUhV75VGjU9s.woff2,,,963,2025,recent_12m,False,False,1,set(),0,False,False,False,1,False,False,False
Mako,['regular'],"['latin', 'latin-ext']",v19,2025-05-30,{'regular': 'https://fonts.gstatic.com/s/mako/v19/H4coBX6Mmc_Z0SH09g478Lo.woff2'},sans-serif,webfonts#webfont,https://fonts.gstatic.com/s/mako/v19/H4coBX6Mmc_Z4SX-9w.woff2,,,964,2025,older,False,False,1,set(),0,False,False,False,2,False,False,False
Port Lligat Sans,['regular'],['latin'],v24,2025-09-05,{'regular': 'https://fonts.gstatic.com/s/portlligatsans/v24/kmKmZrYrGBbdN1aV7Vokow6Lw4s4l7Z0Tx4xEcQ.woff2'},sans-serif,webfonts#webfont,https://fonts.gstatic.com/s/portlligatsans/v24/kmKmZrYrGBbdN1aV7Vokow6Lw4s4p7J-Tg.woff2,,,965,2025,recent_12m,False,False,1,set(),0,False,False,False,1,False,False,False
Dynalight,['regular'],"['latin', 'latin-ext']",v24,2025-09-11,{'regular': 'https://fonts.gstatic.com/s/dynalight/v24/1Ptsg8LOU_aOmQvTsF4IT4trDfGGxA.woff2'},display,webfonts#webfont,https://fonts.gstatic.com/s/dynalight/v24/1Ptsg8LOU_aOmQvTsF44S4Fq.woff2,,,966,2025,recent_12m,False,False,1,set(),0,False,False,False,2,False,False,False
Meie Script,['regular'],"['latin', 'latin-ext']",v22,2025-09-11,{'regular': 'https://fonts.gstatic.com/s/meiescript/v22/_LOImzDK7erRjhunIspaMjxi5IXg0WDz.woff2'},handwriting,webfonts#webfont,https://fonts.gstatic.com/s/meiescript/v22/_LOImzDK7erRjhunIspaMgxm7oQ.woff2,,,967,2025,recent_12m,False,False,1,set(),0,False,False,False,2,False,False,False
Oregano,"['regular', 'italic']","['latin', 'latin-ext']",v17,2025-09-16,"{'regular': 'https://fonts.gstatic.com/s/oregano/v17/If2IXTPxciS3H4S2kZLfPznO3yM.woff2', 'italic': 'https://fonts.gstatic.com/s/oregano/v17/If2KXTPxciS3H4S2oZXVPhvLzyP_qw.woff2'}",display,webfonts#webfont,https://fonts.gstatic.com/s/oregano/v17/If2IXTPxciS3H4S2oZbVPg.woff2,,,968,2025,recent_12m,True,False,1,set(),0,False,False,False,2,False,False,False
Imprima,['regular'],"['latin', 'latin-ext']",v19,2025-09-10,{'regular': 'https://fonts.gstatic.com/s/imprima/v19/VEMxRoN7sY3yuy-7-oCHyDzktPo.woff2'},sans-serif,webfonts#webfont,https://fonts.gstatic.com/s/imprima/v19/VEMxRoN7sY3yuy-7yoSNyQ.woff2,,,969,2025,recent_12m,False,False,1,set(),0,False,False,False,2,False,False,False
STIX Two Math,['regular'],['latin'],v12,2026-05-05,{'regular': 'https://fonts.gstatic.com/s/stixtwomath/v12/pONg1hwwL_6M9EkZySr_yteUi1_ADEcF1pY.woff2'},serif,webfonts#webfont,https://fonts.gstatic.com/s/stixtwomath/v12/pONg1hwwL_6M9EkZySr_yteUu1vKDQ.woff2,,,970,2026,recent_12m,False,False,1,set(),0,False,False,False,1,False,False,False
Luxurious Script,['regular'],"['latin', 'latin-ext', 'vietnamese']",v9,2025-09-08,{'regular': 'https://fonts.gstatic.com/s/luxuriousscript/v9/ahcCv9e7yydulT32KZ0rBIoD7DzMg0_Oby1JtYk.woff2'},handwriting,webfonts#webfont,https://fonts.gstatic.com/s/luxuriousscript/v9/ahcCv9e7yydulT32KZ0rBIoD7DzMs0vEbg.woff2,,,971,2025,recent_12m,False,False,1,set(),0,False,False,False,3,False,False,False
Viaoda Libre,['regular'],"['cyrillic', 'cyrillic-ext', 'latin', 'latin-ext', 'vietnamese']",v20,2025-09-08,{'regular': 'https://fonts.gstatic.com/s/viaodalibre/v20/vEFW2_lWCgoR6OKuRz9kcRVJamIY2tOHXg.woff2'},display,webfonts#webfont,https://fonts.gstatic.com/s/viaodalibre/v20/vEFW2_lWCgoR6OKuRz9kcRV5bmgZ.woff2,,,972,2025,recent_12m,False,False,1,set(),0,False,False,False,5,False,False,False
UnifrakturCook,['700'],['latin'],v25,2025-09-05,{'700': 'https://fonts.gstatic.com/s/unifrakturcook/v25/IurA6Yli8YOdcoky-0PTTdkm56n05Uww3ILXs-h6.woff2'},display,webfonts#webfont,https://fonts.gstatic.com/s/unifrakturcook/v25/IurA6Yli8YOdcoky-0PTTdkm56n05Xw01oM.woff2,,,973,2025,recent_12m,False,False,1,set(),0,False,False,False,1,False,False,False
Iceberg,['regular'],['latin'],v26,2025-09-05,{'regular': 'https://fonts.gstatic.com/s/iceberg/v26/8QIJdijAiM7o-qnZuI0Oq7jkAOw.woff2'},display,webfonts#webfont,https://fonts.gstatic.com/s/iceberg/v26/8QIJdijAiM7o-qnZiIkEqg.woff2,,,974,2025,recent_12m,False,False,1,set(),0,False,False,False,1,False,False,False
Sedgwick Ave,['regular'],"['latin', 'latin-ext', 'vietnamese']",v13,2025-09-08,{'regular': 'https://fonts.gstatic.com/s/sedgwickave/v13/uK_04rKEYuguzAcSYRdWTJq8W2g1Vcf5JA.woff2'},handwriting,webfonts#webfont,https://fonts.gstatic.com/s/sedgwickave/v13/uK_04rKEYuguzAcSYRdWTJqMX2I0.woff2,,,975,2025,recent_12m,False,False,1,set(),0,False,False,False,3,False,False,False
Ledger,['regular'],"['cyrillic', 'latin', 'latin-ext']",v17,2025-09-10,{'regular': 'https://fonts.gstatic.com/s/ledger/v17/j8_q6-HK1L3if_sxnsDwHTBhHw.woff2'},serif,webfonts#webfont,https://fonts.gstatic.com/s/ledger/v17/j8_q6-HK1L3if_sBmsrx.woff2,,,976,2025,recent_12m,False,False,1,set(),0,False,False,False,3,False,False,False
Aoboshi One,['regular'],"['japanese', 'latin', 'latin-ext']",v13,2025-09-11,{'regular': 'https://fonts.gstatic.com/s/aoboshione/v13/Gg8xN5kXaAXtHQrFxwl10ysOBmZX_UEg.woff2'},serif,webfonts#webfont,https://fonts.gstatic.com/s/aoboshione/v13/Gg8xN5kXaAXtHQrFxwl10xsKDGc.woff2,,,977,2025,recent_12m,False,False,1,set(),0,False,False,False,3,False,False,False
Baloo Paaji 2,['regular'],"['gurmukhi', 'latin', 'latin-ext', 'vietnamese']",v29,2025-09-10,{'regular': 'https://fonts.gstatic.com/s/baloopaaji2/v29/i7dMIFFzbz-QHZUdV9_UGWZuYFeQHwyVd3U.woff2'},display,webfonts#webfont,https://fonts.gstatic.com/s/baloopaaji2/v29/i7dfIFFzbz-QHZUdV9_UGWZuelmy79QJ1HOSY9AX77fzZxQ.woff2,"[{'tag': 'wght', 'start': 400, 'end': 800}]",,978,2025,recent_12m,False,True,5,{'wght'},1,False,False,False,4,False,False,False
Doto,['regular'],"['latin', 'latin-ext']",v3,2025-09-11,{'regular': 'https://fonts.gstatic.com/s/doto/v3/t5tvIRMbNJ6TWmDqV2W2tKc.woff2'},sans-serif,webfonts#webfont,https://fonts.gstatic.com/s/doto/v3/t5tJIRMbNJ6TQG7Il_EKPqP9zTnvqqGNcuvLMt1JIphFOOKuzk-T.woff2,"[{'tag': 'ROND', 'start': 0, 'end': 100}, {'tag': 'wght', 'start': 100, 'end': 900}]",,979,2025,recent_12m,False,True,9,"{'wght', 'ROND'}",2,False,False,False,2,False,False,False
Shippori Antique,['regular'],"['japanese', 'latin', 'latin-ext']",v11,2025-09-05,{'regular': 'https://fonts.gstatic.com/s/shipporiantique/v11/-F6qfid3KC8pdMyzR0qRyFUht11v8lJPg-IUDNg.woff2'},sans-serif,webfonts#webfont,https://fonts.gstatic.com/s/shipporiantique/v11/-F6qfid3KC8pdMyzR0qRyFUht11vwlZFgg.woff2,,,980,2025,recent_12m,False,False,1,set(),0,False,False,False,3,False,False,False
Gluten,['regular'],"['latin', 'latin-ext', 'vietnamese']",v18,2025-09-05,{'regular': 'https://fonts.gstatic.com/s/gluten/v18/HhyVU5gk9fW7OUdPLtqGGI9STA.woff2'},display,webfonts#webfont,https://fonts.gstatic.com/s/gluten/v18/Hhy_U5gk9fW7OUdVIPh2zD_RSqQJ__A15jgJsn-Bhb_yI8Vb7S1KsHk.woff2,"[{'tag': 'slnt', 'start': -13, 'end': 13}, {'tag': 'wght', 'start': 100, 'end': 900}]",,981,2025,recent_12m,False,True,9,"{'wght', 'slnt'}",2,False,True,False,3,False,False,False
Just Me Again Down Here,['regular'],"['latin', 'latin-ext']",v25,2025-09-05,{'regular': 'https://fonts.gstatic.com/s/justmeagaindownhere/v25/MwQmbgXtz-Wc6RUEGNMc0QpRrfUh2hSdBBMoAuwCvqDwc_fg.woff2'},handwriting,webfonts#webfont,https://fonts.gstatic.com/s/justmeagaindownhere/v25/MwQmbgXtz-Wc6RUEGNMc0QpRrfUh2hSdBBMoAtwGtKE.woff2,,,982,2025,recent_12m,False,False,1,set(),0,False,False,False,2,False,False,False
Arya,"['regular', '700']","['devanagari', 'latin', 'latin-ext']",v21,2025-09-02,"{'regular': 'https://fonts.gstatic.com/s/arya/v21/ga6CawNG-HJd9UP1-beqdFE.woff2', '700': 'https://fonts.gstatic.com/s/arya/v21/ga6NawNG-HJdzfra3bqBaFg3dRE.woff2'}",sans-serif,webfonts#webfont,https://fonts.gstatic.com/s/arya/v21/ga6CawNG-HJdxUf_-A.woff2,,,983,2025,recent_12m,False,False,2,set(),0,False,False,False,3,False,False,False
Julee,['regular'],"['latin', 'latin-ext']",v26,2025-09-16,{'regular': 'https://fonts.gstatic.com/s/julee/v26/TuGfUVB3RpZPQ6ZOodgzydtk.woff2'},handwriting,webfonts#webfont,https://fonts.gstatic.com/s/julee/v26/TuGfUVB3RpZPQ5ZKq9k.woff2,,,984,2025,recent_12m,False,False,1,set(),0,False,False,False,2,False,False,False
Mohave,"['regular', 'italic']","['latin', 'latin-ext']",v13,2025-09-05,"{'regular': 'https://fonts.gstatic.com/s/mohave/v13/7cHpv4ksjJunKqMPDsE46HsxnA.woff2', 'italic': 'https://fonts.gstatic.com/s/mohave/v13/7cHrv4ksjJunKqM_Ccs5yn4hnCci.woff2'}",sans-serif,webfonts#webfont,https://fonts.gstatic.com/s/mohave/v13/7cH0v4ksjJunKqMVAOPIMOeSmiojdnn_LvGaow.woff2,"[{'tag': 'wght', 'start': 300, 'end': 700}]",,985,2025,recent_12m,True,True,5,{'wght'},1,False,False,False,2,False,False,False
Elsie,"['regular', '900']","['latin', 'latin-ext']",v26,2025-09-05,"{'regular': 'https://fonts.gstatic.com/s/elsie/v26/BCanqZABrez54yYr9slAeLgX.woff2', '900': 'https://fonts.gstatic.com/s/elsie/v26/BCaqqZABrez54x6q2-1NU6QeXSBk.woff2'}",display,webfonts#webfont,https://fonts.gstatic.com/s/elsie/v26/BCanqZABrez54xYv_Mg.woff2,,,986,2025,recent_12m,False,False,2,set(),0,False,False,False,2,False,False,False
Abyssinica SIL,['regular'],"['ethiopic', 'latin', 'latin-ext']",v9,2025-09-10,{'regular': 'https://fonts.gstatic.com/s/abyssinicasil/v9/oY1H8ezOqK7iI3rK_45WKoc8J6UcBFOVAXuI.woff2'},serif,webfonts#webfont,https://fonts.gstatic.com/s/abyssinicasil/v9/oY1H8ezOqK7iI3rK_45WKoc8J5UYDlI.woff2,,,987,2025,recent_12m,False,False,1,set(),0,False,False,False,3,False,False,False
Puritan,"['regular', 'italic', '700', '700italic']",['latin'],v25,2025-09-10,"{'regular': 'https://fonts.gstatic.com/s/puritan/v25/845YNMgkAJ2VTtIo9J_wRdaI50M.woff2', 'italic': 'https://fonts.gstatic.com/s/puritan/v25/845aNMgkAJ2VTtIoxJj6RPSN90PfXA.woff2', '700': 'https://fonts.gstatic.com/s/puritan/v25/845dNMgkAJ2VTtIozCbfYduj-0rGRes.woff2', '700italic': 'https://fonts.gstatic.com/s/puritan/v25/845fNMgkAJ2VTtIoxJjC_dup-mjDVevnLQ.woff2'}",sans-serif,webfonts#webfont,https://fonts.gstatic.com/s/puritan/v25/845YNMgkAJ2VTtIoxJv6RA.woff2,,,988,2025,recent_12m,True,False,2,set(),0,False,False,False,1,False,False,False
IM Fell Double Pica,"['regular', 'italic']",['latin'],v14,2025-05-30,"{'regular': 'https://fonts.gstatic.com/s/imfelldoublepica/v14/3XF2EqMq_94s9PeKF7Fg4gOKINyMtZ8rT0G1UL5Ayp0.woff2', 'italic': 'https://fonts.gstatic.com/s/imfelldoublepica/v14/3XF0EqMq_94s9PeKF7Fg4gOKINyMtZ8rf0a_UZxF2p2G8g.woff2'}",serif,webfonts#webfont,https://fonts.gstatic.com/s/imfelldoublepica/v14/3XF2EqMq_94s9PeKF7Fg4gOKINyMtZ8rf0W_UQ.woff2,,,989,2025,older,True,False,1,set(),0,False,False,False,1,False,False,False
Artifika,['regular'],['latin'],v22,2025-09-16,{'regular': 'https://fonts.gstatic.com/s/artifika/v22/VEMyRoxzronptCuxu6Wo5jDtreOL.woff2'},serif,webfonts#webfont,https://fonts.gstatic.com/s/artifika/v22/VEMyRoxzronptCuxu5Ws7DE.woff2,,,990,2025,recent_12m,False,False,1,set(),0,False,False,False,1,False,False,False
Monofett,['regular'],"['latin', 'latin-ext']",v24,2025-09-08,{'regular': 'https://fonts.gstatic.com/s/monofett/v24/mFTyWbofw6zc9NtnW43XuRwr0VJ7.woff2'},monospace,webfonts#webfont,https://fonts.gstatic.com/s/monofett/v24/mFTyWbofw6zc9NtnW73Tsx0.woff2,,,991,2025,recent_12m,False,False,1,set(),0,False,False,False,2,False,False,False
Noto Serif Thai,['regular'],"['latin', 'latin-ext', 'thai']",v28,2025-09-16,{'regular': 'https://fonts.gstatic.com/s/notoserifthai/v28/k3kIo80MPvpLmixYH7euCxWpSMut9CX6-q2CGg.woff2'},serif,webfonts#webfont,https://fonts.gstatic.com/s/notoserifthai/v28/k3kyo80MPvpLmixYH7euCxWpSMu3-gcWGj0hHAKGvUQlUv_bCKDUSzB5L0oiF9RQAGo.woff2,"[{'tag': 'wdth', 'start': 62.5, 'end': 100}, {'tag': 'wght', 'start': 100, 'end': 900}]",,992,2025,recent_12m,False,True,9,"{'wdth', 'wght'}",2,True,False,False,3,False,False,False
Song Myung,['regular'],['korean'],v22,2025-09-08,{'regular': 'https://fonts.gstatic.com/s/songmyung/v22/1cX2aUDWAJH5-EIC7DIhr1SqhcitzeM.woff2'},serif,webfonts#webfont,https://fonts.gstatic.com/s/songmyung/v22/1cX2aUDWAJH5-EIC7DIhn1CghA.woff2,,,993,2025,recent_12m,False,False,1,set(),0,False,False,False,1,True,False,False
Kablammo,['regular'],"['cyrillic', 'cyrillic-ext', 'emoji', 'latin', 'latin-ext', 'vietnamese']",v4,2025-09-11,{'regular': 'https://fonts.gstatic.com/s/kablammo/v4/bWt77fHPcgrhC-J3ld_vU8Z0WH5p.woff2'},display,webfonts#webfont,https://fonts.gstatic.com/s/kablammo/v4/bWtm7fHPcgrhC-J3lcXhcQTY5Ixs6Au9YgCTjhcQ.woff2,"[{'tag': 'MORF', 'start': 0, 'end': 60}]",,994,2025,recent_12m,False,True,1,{'MORF'},1,False,False,False,6,False,False,False
Frijole,['regular'],['latin'],v15,2025-09-11,{'regular': 'https://fonts.gstatic.com/s/frijole/v15/uU9PCBUR8oakM2BQ7xbb3vyHmlI.woff2'},display,webfonts#webfont,https://fonts.gstatic.com/s/frijole/v15/uU9PCBUR8oakM2BQ3xLR3w.woff2,,,995,2025,recent_12m,False,False,1,set(),0,False,False,False,1,False,False,False
Aladin,['regular'],"['latin', 'latin-ext']",v26,2025-09-11,{'regular': 'https://fonts.gstatic.com/s/aladin/v26/ZgNSjPJFPrvJV5f17Cf4pGT2Ng.woff2'},display,webfonts#webfont,https://fonts.gstatic.com/s/aladin/v26/ZgNSjPJFPrvJV5fF6C35.woff2,,,996,2025,recent_12m,False,False,1,set(),0,False,False,False,2,False,False,False
Nosifer,['regular'],"['latin', 'latin-ext']",v23,2025-06-02,{'regular': 'https://fonts.gstatic.com/s/nosifer/v23/ZGjXol5JTp0g5bxZaChRVDNdGDs.woff2'},display,webfonts#webfont,https://fonts.gstatic.com/s/nosifer/v23/ZGjXol5JTp0g5bxZWCxbVQ.woff2,,,997,2025,older,False,False,1,set(),0,False,False,False,2,False,False,False
Anek Malayalam,['regular'],"['latin', 'latin-ext', 'malayalam']",v18,2025-09-16,{'regular': 'https://fonts.gstatic.com/s/anekmalayalam/v18/6qLZKZActRTs_mZAJUZWWkhke1PWSRciY1M1.woff2'},sans-serif,webfonts#webfont,https://fonts.gstatic.com/s/anekmalayalam/v18/6qLjKZActRTs_mZAJUZWWkhke0nYa_vC8_Azq3-gP1SReZeOtqQuDVUTUZu-LMvzPQ.woff2,"[{'tag': 'wdth', 'start': 75, 'end': 125}, {'tag': 'wght', 'start': 100, 'end': 800}]",,998,2025,recent_12m,False,True,8,"{'wdth', 'wght'}",2,True,False,False,3,False,False,False
Anta,['regular'],"['latin', 'latin-ext', 'math', 'symbols']",v1,2025-05-30,{'regular': 'https://fonts.gstatic.com/s/anta/v1/gyBzhwQ3KsIyZFkxPFimIo0.woff2'},sans-serif,webfonts#webfont,https://fonts.gstatic.com/s/anta/v1/gyBzhwQ3KsIyVF07PQ.woff2,,,999,2025,older,False,False,1,set(),0,False,False,False,4,False,False,False
Esteban,['regular'],"['latin', 'latin-ext']",v16,2025-09-16,{'regular': 'https://fonts.gstatic.com/s/esteban/v16/r05bGLZE-bdGdN-GdO6D5jokU8E.woff2'},serif,webfonts#webfont,https://fonts.gstatic.com/s/esteban/v16/r05bGLZE-bdGdN-GROqJ5w.woff2,,,1000,2025,recent_12m,False,False,1,set(),0,False,False,False,2,False,False,False
IM Fell French Canon,"['regular', 'italic']",['latin'],v21,2025-05-30,"{'regular': 'https://fonts.gstatic.com/s/imfellfrenchcanon/v21/-F6ufiNtDWYfYc-tDiyiw08rrghJszkK6coQPt1ozoPz.woff2', 'italic': 'https://fonts.gstatic.com/s/imfellfrenchcanon/v21/-F6gfiNtDWYfYc-tDiyiw08rrghJszkK6foXNNxKy5PzzrU.woff2'}",serif,webfonts#webfont,https://fonts.gstatic.com/s/imfellfrenchcanon/v21/-F6ufiNtDWYfYc-tDiyiw08rrghJszkK6foUNNw.woff2,,,1001,2025,older,True,False,1,set(),0,False,False,False,1,False,False,False
Swanky and Moo Moo,['regular'],"['latin', 'latin-ext']",v24,2025-09-16,{'regular': 'https://fonts.gstatic.com/s/swankyandmoomoo/v24/flUlRrKz24IuWVI_WJYTYcqbEsMUZ3kUsLPkR64SYQ.woff2'},handwriting,webfonts#webfont,https://fonts.gstatic.com/s/swankyandmoomoo/v24/flUlRrKz24IuWVI_WJYTYcqbEsMUZ3kktLnl.woff2,,,1002,2025,recent_12m,False,False,1,set(),0,False,False,False,2,False,False,False
Protest Strike,['regular'],"['latin', 'latin-ext', 'math', 'symbols', 'vietnamese']",v2,2025-05-30,{'regular': 'https://fonts.gstatic.com/s/proteststrike/v2/0QI5MXdf4Y67Rn6vBog67ZjFlpzT0gZOs7BX.woff2'},display,webfonts#webfont,https://fonts.gstatic.com/s/proteststrike/v2/0QI5MXdf4Y67Rn6vBog67ZjFlqzX2Ac.woff2,,,1003,2025,older,False,False,1,set(),0,False,False,False,5,False,False,False
Wendy One,['regular'],"['latin', 'latin-ext']",v20,2025-09-05,{'regular': 'https://fonts.gstatic.com/s/wendyone/v20/2sDcZGJOipXfgfXV5wgDam-4C7wFZQ.woff2'},sans-serif,webfonts#webfont,https://fonts.gstatic.com/s/wendyone/v20/2sDcZGJOipXfgfXV5wgzbmW5.woff2,,,1004,2025,recent_12m,False,False,1,set(),0,False,False,False,2,False,False,False
Noto Sans Ethiopic,['regular'],"['ethiopic', 'latin', 'latin-ext']",v50,2025-09-16,{'regular': 'https://fonts.gstatic.com/s/notosansethiopic/v50/7cH1v50vjIepfJVOZZgcpQ5B9FBTH9KcO9q-rpvLpQ.woff2'},sans-serif,webfonts#webfont,https://fonts.gstatic.com/s/notosansethiopic/v50/7cHPv50vjIepfJVOZZgcpQ5B9FBTH9KGNfhSTgtoow1KVnIvyBoMSzUMacb-T35OK5DiyGY.woff2,"[{'tag': 'wdth', 'start': 62.5, 'end': 100}, {'tag': 'wght', 'start': 100, 'end': 900}]",,1005,2025,recent_12m,False,True,9,"{'wdth', 'wght'}",2,True,False,False,3,False,False,False
Goblin One,['regular'],['latin'],v28,2025-09-10,{'regular': 'https://fonts.gstatic.com/s/goblinone/v28/CSR64z1ZnOqZRjRCBVY_TOIATNt_pOU.woff2'},display,webfonts#webfont,https://fonts.gstatic.com/s/goblinone/v28/CSR64z1ZnOqZRjRCBVY_fOYKTQ.woff2,,,1006,2025,recent_12m,False,False,1,set(),0,False,False,False,1,False,False,False
Freeman,['regular'],"['latin', 'latin-ext', 'vietnamese']",v1,2025-05-30,{'regular': 'https://fonts.gstatic.com/s/freeman/v1/S6u9w4NGQiLN8nh-ewqFGC_p9dw.woff2'},display,webfonts#webfont,https://fonts.gstatic.com/s/freeman/v1/S6u9w4NGQiLN8nh-Sw6PGQ.woff2,,,1007,2025,older,False,False,1,set(),0,False,False,False,3,False,False,False
Trade Winds,['regular'],['latin'],v18,2025-09-11,{'regular': 'https://fonts.gstatic.com/s/tradewinds/v18/AYCPpXPpYNIIT7h8-QenM3Jv7PKP5Z_G.woff2'},display,webfonts#webfont,https://fonts.gstatic.com/s/tradewinds/v18/AYCPpXPpYNIIT7h8-QenM0Jr5vM.woff2,,,1008,2025,recent_12m,False,False,1,set(),0,False,False,False,1,False,False,False
Loved by the King,['regular'],"['latin', 'latin-ext']",v24,2025-09-05,{'regular': 'https://fonts.gstatic.com/s/lovedbytheking/v24/Gw6gwdP76VDVJNXerebZxUMeRXUF2PiIlXFu2R64.woff2'},handwriting,webfonts#webfont,https://fonts.gstatic.com/s/lovedbytheking/v24/Gw6gwdP76VDVJNXerebZxUMeRXUF2MiMn3A.woff2,,,1009,2025,recent_12m,False,False,1,set(),0,False,False,False,2,False,False,False
Antic,['regular'],['latin'],v20,2025-09-05,{'regular': 'https://fonts.gstatic.com/s/antic/v20/TuGfUVB8XY5DRaZOodgzydtk.woff2'},sans-serif,webfonts#webfont,https://fonts.gstatic.com/s/antic/v20/TuGfUVB8XY5DRZZKq9k.woff2,,,1010,2025,recent_12m,False,False,1,set(),0,False,False,False,1,False,False,False
Balthazar,['regular'],['latin'],v18,2025-09-16,{'regular': 'https://fonts.gstatic.com/s/balthazar/v18/d6lKkaajS8Gm4CVQjFEvzBTo39l8hw.woff2'},serif,webfonts#webfont,https://fonts.gstatic.com/s/balthazar/v18/d6lKkaajS8Gm4CVQjFEfyB7p.woff2,,,1011,2025,recent_12m,False,False,1,set(),0,False,False,False,1,False,False,False
Shanti,['regular'],"['latin', 'latin-ext']",v25,2025-05-30,{'regular': 'https://fonts.gstatic.com/s/shanti/v25/t5thIREMM4uSDgzgVkezpKfwzA.woff2'},sans-serif,webfonts#webfont,https://fonts.gstatic.com/s/shanti/v25/t5thIREMM4uSDgzQUk2y.woff2,,,1012,2025,older,False,False,1,set(),0,False,False,False,2,False,False,False
Nova Round,['regular'],"['latin', 'latin-ext']",v23,2025-09-16,{'regular': 'https://fonts.gstatic.com/s/novaround/v23/flU9Rqquw5UhEnlwTJYTYYLeeetYEBc.woff2'},display,webfonts#webfont,https://fonts.gstatic.com/s/novaround/v23/flU9Rqquw5UhEnlwTJYTUYbUeA.woff2,,,1013,2025,recent_12m,False,False,1,set(),0,False,False,False,2,False,False,False
Moul,['regular'],"['khmer', 'latin']",v30,2025-09-16,{'regular': 'https://fonts.gstatic.com/s/moul/v30/nuF2D__FSo_3E-FYiJCy-00.woff2'},display,webfonts#webfont,https://fonts.gstatic.com/s/moul/v30/nuF2D__FSo_3I-VSiQ.woff2,,,1014,2025,recent_12m,False,False,1,set(),0,False,False,False,2,False,False,False
Chela One,['regular'],"['latin', 'latin-ext']",v22,2025-09-05,{'regular': 'https://fonts.gstatic.com/s/chelaone/v22/6ae-4KC7Uqgdz_JZdPIy2lvWNTMwoQ.woff2'},display,webfonts#webfont,https://fonts.gstatic.com/s/chelaone/v22/6ae-4KC7Uqgdz_JZdPIC3lHX.woff2,,,1015,2025,recent_12m,False,False,1,set(),0,False,False,False,2,False,False,False
Clicker Script,['regular'],"['latin', 'latin-ext']",v14,2025-09-11,{'regular': 'https://fonts.gstatic.com/s/clickerscript/v14/raxkHiKPvt8CMH6ZWP8PdlEq72rd2zqUKafv.woff2'},handwriting,webfonts#webfont,https://fonts.gstatic.com/s/clickerscript/v14/raxkHiKPvt8CMH6ZWP8PdlEq71rZ0Ts.woff2,,,1016,2025,recent_12m,False,False,1,set(),0,False,False,False,2,False,False,False
Gugi,['regular'],"['korean', 'latin']",v21,2025-09-16,{'regular': 'https://fonts.gstatic.com/s/gugi/v21/A2BVn5dXywshVAuA9DEfgqM.woff2'},display,webfonts#webfont,https://fonts.gstatic.com/s/gugi/v21/A2BVn5dXywshZA-K9Q.woff2,,,1017,2025,recent_12m,False,False,1,set(),0,False,False,False,2,True,False,False
Stick,['regular'],"['cyrillic', 'japanese', 'latin', 'latin-ext']",v20,2025-09-10,{'regular': 'https://fonts.gstatic.com/s/stick/v20/Qw3TZQpMCyTtJSvavPVDMPoF.woff2'},sans-serif,webfonts#webfont,https://fonts.gstatic.com/s/stick/v20/Qw3TZQpMCyTtJRvetvQ.woff2,,,1018,2025,recent_12m,False,False,1,set(),0,False,False,False,4,False,False,False
Madimi One,['regular'],"['latin', 'latin-ext', 'math', 'symbols']",v1,2025-05-30,{'regular': 'https://fonts.gstatic.com/s/madimione/v1/2V0YKIEADpA8U6RygDnZZFEoBoHMd2U.woff2'},sans-serif,webfonts#webfont,https://fonts.gstatic.com/s/madimione/v1/2V0YKIEADpA8U6RygDnZVFUiBw.woff2,,,1019,2025,older,False,False,1,set(),0,False,False,False,4,False,False,False
Patrick Hand SC,['regular'],"['latin', 'latin-ext', 'vietnamese']",v17,2025-09-10,{'regular': 'https://fonts.gstatic.com/s/patrickhandsc/v17/0nkwC9f7MfsBiWcLtY65AWDK873VjCi6JQc7Vg.woff2'},handwriting,webfonts#webfont,https://fonts.gstatic.com/s/patrickhandsc/v17/0nkwC9f7MfsBiWcLtY65AWDK873liCK7.woff2,,,1020,2025,recent_12m,False,False,1,set(),0,False,False,False,3,False,False,False
Suranna,['regular'],"['latin', 'telugu']",v15,2025-09-08,{'regular': 'https://fonts.gstatic.com/s/suranna/v15/gokuH6ztGkFjWe58tBFZT2KmgP0.woff2'},serif,webfonts#webfont,https://fonts.gstatic.com/s/suranna/v15/gokuH6ztGkFjWe58hBVTTg.woff2,,,1021,2025,recent_12m,False,False,1,set(),0,False,False,False,2,False,False,False
Alike Angular,['regular'],"['latin', 'latin-ext', 'math', 'symbols']",v27,2025-09-05,{'regular': 'https://fonts.gstatic.com/s/alikeangular/v27/3qTrojWunjGQtEBlIcwMbSoI3kY6bB7FKjE.woff2'},serif,webfonts#webfont,https://fonts.gstatic.com/s/alikeangular/v27/3qTrojWunjGQtEBlIcwMbSoI7kIwbQ.woff2,,,1022,2025,recent_12m,False,False,1,set(),0,False,False,False,4,False,False,False
Habibi,['regular'],"['latin', 'latin-ext']",v22,2025-09-08,{'regular': 'https://fonts.gstatic.com/s/habibi/v22/CSR-4zFWkuqcTTNCTxJeZOYySQ.woff2'},serif,webfonts#webfont,https://fonts.gstatic.com/s/habibi/v22/CSR-4zFWkuqcTTNySxhf.woff2,,,1023,2025,recent_12m,False,False,1,set(),0,False,False,False,2,False,False,False
Sansation,"['300', '300italic', 'regular', 'italic', '700', '700italic']","['cyrillic', 'greek', 'latin', 'latin-ext']",v1,2025-04-23,"{'300': 'https://fonts.gstatic.com/s/sansation/v1/LYjFdGPjnEg8DNA0z01YAVgPUfXbUJWq9g.woff2', '300italic': 'https://fonts.gstatic.com/s/sansation/v1/LYjbdGPjnEg8DNA0z01Qr0KDVv_acpC69i6N.woff2', 'regular': 'https://fonts.gstatic.com/s/sansation/v1/LYjAdGPjnEg8DNA0z01gqHArXN7HWQ.woff2', 'italic': 'https://fonts.gstatic.com/s/sansation/v1/LYjGdGPjnEg8DNA0z01Qr3oqftvXWYyz.woff2', '700': 'https://fonts.gstatic.com/s/sansation/v1/LYjFdGPjnEg8DNA0z01YEV8PUfXbUJWq9g.woff2', '700italic': 'https://fonts.gstatic.com/s/sansation/v1/LYjbdGPjnEg8DNA0z01Qr0KTUf_acpC69i6N.woff2'}",sans-serif,webfonts#webfont,https://fonts.gstatic.com/s/sansation/v1/LYjAdGPjnEg8DNA0z01QrHoq.woff2,,,1024,2025,older,True,False,3,set(),0,False,False,False,4,False,False,False
NTR,['regular'],"['latin', 'telugu']",v19,2025-09-11,{'regular': 'https://fonts.gstatic.com/s/ntr/v19/RLpzK5Xy0ZjiHWhs5TA4bg.woff2'},sans-serif,webfonts#webfont,https://fonts.gstatic.com/s/ntr/v19/RLpzK5Xy0ZjSGWJt.woff2,,,1025,2025,recent_12m,False,False,1,set(),0,False,False,False,2,False,False,False
WindSong,"['regular', '500']","['latin', 'latin-ext', 'vietnamese']",v13,2025-09-16,"{'regular': 'https://fonts.gstatic.com/s/windsong/v13/KR1WBsyu-P-GFEW57r98HdG6vjH3.woff2', '500': 'https://fonts.gstatic.com/s/windsong/v13/KR1RBsyu-P-GFEW57oeNNPW3lS3-jVXm.woff2'}",handwriting,webfonts#webfont,https://fonts.gstatic.com/s/windsong/v13/KR1WBsyu-P-GFEW57o94F9A.woff2,,,1026,2025,recent_12m,False,False,2,set(),0,False,False,False,3,False,False,False
Salsa,['regular'],['latin'],v23,2025-09-16,{'regular': 'https://fonts.gstatic.com/s/salsa/v23/gNMKW3FiRpKj-imd8ncKEZez.woff2'},display,webfonts#webfont,https://fonts.gstatic.com/s/salsa/v23/gNMKW3FiRpKj-hmZ-HY.woff2,,,1027,2025,recent_12m,False,False,1,set(),0,False,False,False,1,False,False,False
Bellota,"['300', '300italic', 'regular', 'italic', '700', '700italic']","['cyrillic', 'latin', 'latin-ext', 'vietnamese']",v17,2025-09-16,"{'300': 'https://fonts.gstatic.com/s/bellota/v17/MwQzbhXl3_qEpiwAID55kGYViblPtXs.woff2', '300italic': 'https://fonts.gstatic.com/s/bellota/v17/MwQxbhXl3_qEpiwAKJBjHGEfiJtKpXulTQ.woff2', 'regular': 'https://fonts.gstatic.com/s/bellota/v17/MwQ2bhXl3_qEpiwAGJdRtGs-lbA.woff2', 'italic': 'https://fonts.gstatic.com/s/bellota/v17/MwQ0bhXl3_qEpiwAKJBbtUk7hbBWrA.woff2', '700': 'https://fonts.gstatic.com/s/bellota/v17/MwQzbhXl3_qEpiwAIC5-kGYViblPtXs.woff2', '700italic': 'https://fonts.gstatic.com/s/bellota/v17/MwQxbhXl3_qEpiwAKJBjDGYfiJtKpXulTQ.woff2'}",display,webfonts#webfont,https://fonts.gstatic.com/s/bellota/v17/MwQ2bhXl3_qEpiwAKJNbtQ.woff2,,,1028,2025,recent_12m,True,False,3,set(),0,False,False,False,4,False,False,False
IM Fell DW Pica SC,['regular'],['latin'],v21,2025-05-30,{'regular': 'https://fonts.gstatic.com/s/imfelldwpicasc/v21/0ybjGCAu5PfqkvtGVU15aBhXz3EUrnTW_RiKEUiBGA.woff2'},serif,webfonts#webfont,https://fonts.gstatic.com/s/imfelldwpicasc/v21/0ybjGCAu5PfqkvtGVU15aBhXz3EUrnTm-RKL.woff2,,,1029,2025,older,False,False,1,set(),0,False,False,False,1,False,False,False
Odibee Sans,['regular'],['latin'],v20,2025-09-16,{'regular': 'https://fonts.gstatic.com/s/odibeesans/v20/neIPzCSooYAho6WvjeToRYk3epH9qGsf.woff2'},display,webfonts#webfont,https://fonts.gstatic.com/s/odibeesans/v20/neIPzCSooYAho6WvjeToRbkzcJA.woff2,,,1030,2025,recent_12m,False,False,1,set(),0,False,False,False,1,False,False,False
Modern Antiqua,['regular'],"['latin', 'latin-ext']",v26,2025-09-08,{'regular': 'https://fonts.gstatic.com/s/modernantiqua/v26/NGStv5TIAUg6Iq_RLNo_2dp1sI1Ba2u0c3Gi.woff2'},display,webfonts#webfont,https://fonts.gstatic.com/s/modernantiqua/v26/NGStv5TIAUg6Iq_RLNo_2dp1sL1FYWo.woff2,,,1031,2025,recent_12m,False,False,1,set(),0,False,False,False,2,False,False,False
Ribeye,['regular'],"['latin', 'latin-ext']",v27,2025-09-10,{'regular': 'https://fonts.gstatic.com/s/ribeye/v27/L0x8DFMxk1MP9R3RufCmRSlUig.woff2'},display,webfonts#webfont,https://fonts.gstatic.com/s/ribeye/v27/L0x8DFMxk1MP9R3hvfqn.woff2,,,1032,2025,recent_12m,False,False,1,set(),0,False,False,False,2,False,False,False
Sancreek,['regular'],"['latin', 'latin-ext']",v27,2025-09-16,{'regular': 'https://fonts.gstatic.com/s/sancreek/v27/pxiHypAnsdxUm159X7D7XV9NEe-K.woff2'},display,webfonts#webfont,https://fonts.gstatic.com/s/sancreek/v27/pxiHypAnsdxUm159X4D_V14.woff2,,,1033,2025,recent_12m,False,False,1,set(),0,False,False,False,2,False,False,False
Long Cang,['regular'],"['chinese-simplified', 'latin']",v21,2025-09-08,{'regular': 'https://fonts.gstatic.com/s/longcang/v21/LYjAdGP8kkgoTec8zkRgqHArXN7HWQ.woff2'},handwriting,webfonts#webfont,https://fonts.gstatic.com/s/longcang/v21/LYjAdGP8kkgoTec8zkRQrHoq.woff2,,,1034,2025,recent_12m,False,False,1,set(),0,False,False,False,2,False,False,False
Crushed,['regular'],"['latin', 'latin-ext']",v32,2025-09-08,{'regular': 'https://fonts.gstatic.com/s/crushed/v32/U9Mc6dym6WXImTlFT1wfuIqyLzA.woff2'},display,webfonts#webfont,https://fonts.gstatic.com/s/crushed/v32/U9Mc6dym6WXImTlFf1gVuQ.woff2,,,1035,2025,recent_12m,False,False,1,set(),0,False,False,False,2,False,False,False
Peralta,['regular'],"['latin', 'latin-ext']",v21,2025-09-10,{'regular': 'https://fonts.gstatic.com/s/peralta/v21/hYkJPu0-RP_9d3kRGxUhrv956B8.woff2'},serif,webfonts#webfont,https://fonts.gstatic.com/s/peralta/v21/hYkJPu0-RP_9d3kRKxErrw.woff2,,,1036,2025,recent_12m,False,False,1,set(),0,False,False,False,2,False,False,False
Mochiy Pop P One,['regular'],"['japanese', 'latin']",v12,2025-09-02,{'regular': 'https://fonts.gstatic.com/s/mochiypoppone/v12/Ktk2AKuPeY_td1-h9LayHYWCjAqyN4a3WYZB_sU.woff2'},sans-serif,webfonts#webfont,https://fonts.gstatic.com/s/mochiypoppone/v12/Ktk2AKuPeY_td1-h9LayHYWCjAqyB4K9WA.woff2,,,1037,2025,recent_12m,False,False,1,set(),0,False,False,False,2,False,False,False
The Nautigal,"['regular', '700']","['latin', 'latin-ext', 'vietnamese']",v8,2025-09-16,"{'regular': 'https://fonts.gstatic.com/s/thenautigal/v8/VdGZAZ8ZH51Lvng9fQV2bfKr4gVk09Se5Q.woff2', '700': 'https://fonts.gstatic.com/s/thenautigal/v8/VdGGAZ8ZH51Lvng9fQV2bfKTWypA3v-C7LoS7g.woff2'}",handwriting,webfonts#webfont,https://fonts.gstatic.com/s/thenautigal/v8/VdGZAZ8ZH51Lvng9fQV2bfKb5g9l.woff2,,,1038,2025,recent_12m,False,False,2,set(),0,False,False,False,3,False,False,False
Karantina,"['300', 'regular', '700']","['hebrew', 'latin', 'latin-ext']",v13,2025-09-16,"{'300': 'https://fonts.gstatic.com/s/karantina/v13/buExpo24ccnh31GVMABxXCgf_f5Oaiw4cw.woff2', 'regular': 'https://fonts.gstatic.com/s/karantina/v13/buE0po24ccnh31GVMABJ9QA78NVSYw.woff2', '700': 'https://fonts.gstatic.com/s/karantina/v13/buExpo24ccnh31GVMABxTC8f_f5Oaiw4cw.woff2'}",display,webfonts#webfont,https://fonts.gstatic.com/s/karantina/v13/buE0po24ccnh31GVMAB58Qo6.woff2,,,1039,2025,recent_12m,False,False,3,set(),0,False,False,False,3,False,False,False
Maiden Orange,['regular'],"['latin', 'latin-ext']",v32,2025-09-08,{'regular': 'https://fonts.gstatic.com/s/maidenorange/v32/kJE1BuIX7AUmhi2V4m08kb1XjONdCZS8FY8.woff2'},serif,webfonts#webfont,https://fonts.gstatic.com/s/maidenorange/v32/kJE1BuIX7AUmhi2V4m08kb1XvOdXCA.woff2,,,1040,2025,recent_12m,False,False,1,set(),0,False,False,False,2,False,False,False
Noto Serif Tamil,"['regular', 'italic']","['latin', 'latin-ext', 'tamil']",v31,2025-09-02,"{'regular': 'https://fonts.gstatic.com/s/notoseriftamil/v31/LYjZdHr-klIgTfc40komjQ5OObazeJGY8z6Np1k.woff2', 'italic': 'https://fonts.gstatic.com/s/notoseriftamil/v31/LYjfdHr-klIgTfc40komjQ5OObazSJaS8hyIt1mcXg.woff2'}",serif,webfonts#webfont,https://fonts.gstatic.com/s/notoseriftamil/v31/LYjndHr-klIgTfc40komjQ5OObazYp-6H94dBF-RX6nNRJfi-Gf55IgAecattN-h8fb2.woff2,"[{'tag': 'wdth', 'start': 62.5, 'end': 100}, {'tag': 'wght', 'start': 100, 'end': 900}]",,1041,2025,recent_12m,True,True,9,"{'wdth', 'wght'}",2,True,False,False,3,False,False,False
IM Fell Great Primer,"['regular', 'italic']",['latin'],v21,2025-05-30,"{'regular': 'https://fonts.gstatic.com/s/imfellgreatprimer/v21/bx6aNwSJtayYxOkbYFsT6hMsLzX7u85rJorSvDo3SQY1.woff2', 'italic': 'https://fonts.gstatic.com/s/imfellgreatprimer/v21/bx6UNwSJtayYxOkbYFsT6hMsLzX7u85rJrrVtjsVTBY1N6U.woff2'}",serif,webfonts#webfont,https://fonts.gstatic.com/s/imfellgreatprimer/v21/bx6aNwSJtayYxOkbYFsT6hMsLzX7u85rJrrWtjs.woff2,,,1042,2025,older,True,False,1,set(),0,False,False,False,1,False,False,False
Zhi Mang Xing,['regular'],"['chinese-simplified', 'latin']",v19,2025-09-08,{'regular': 'https://fonts.gstatic.com/s/zhimangxing/v19/f0Xw0ey79sErYFtWQ9a2rq-g0aItfektIJ0.woff2'},handwriting,webfonts#webfont,https://fonts.gstatic.com/s/zhimangxing/v19/f0Xw0ey79sErYFtWQ9a2rq-g4aYnfA.woff2,,,1043,2025,recent_12m,False,False,1,set(),0,False,False,False,2,False,False,False
Life Savers,"['regular', '700', '800']","['latin', 'latin-ext']",v23,2025-09-08,"{'regular': 'https://fonts.gstatic.com/s/lifesavers/v23/ZXuie1UftKKabUQMgxAal_luFgpbuNvB.woff2', '700': 'https://fonts.gstatic.com/s/lifesavers/v23/ZXu_e1UftKKabUQMgxAal8HXOS5Wk8fIpPRW.woff2', '800': 'https://fonts.gstatic.com/s/lifesavers/v23/ZXu_e1UftKKabUQMgxAal8HLOi5Wk8fIpPRW.woff2'}",display,webfonts#webfont,https://fonts.gstatic.com/s/lifesavers/v23/ZXuie1UftKKabUQMgxAal8lqHAs.woff2,,,1044,2025,recent_12m,False,False,3,set(),0,False,False,False,2,False,False,False
Federo,['regular'],['latin'],v20,2025-09-11,{'regular': 'https://fonts.gstatic.com/s/federo/v20/iJWFBX-cbD_ETsbmiFOe2WTG7Q.woff2'},sans-serif,webfonts#webfont,https://fonts.gstatic.com/s/federo/v20/iJWFBX-cbD_ETsbWjFmf.woff2,,,1045,2025,recent_12m,False,False,1,set(),0,False,False,False,1,False,False,False
Reggae One,['regular'],"['cyrillic', 'japanese', 'latin', 'latin-ext']",v19,2025-09-10,{'regular': 'https://fonts.gstatic.com/s/reggaeone/v19/7r3DqX5msMIkeuwJwOJt_atL5uH-mts.woff2'},display,webfonts#webfont,https://fonts.gstatic.com/s/reggaeone/v19/7r3DqX5msMIkeuwJwOJtza9B5w.woff2,,,1046,2025,recent_12m,False,False,1,set(),0,False,False,False,4,False,False,False
Eagle Lake,['regular'],"['latin', 'latin-ext']",v26,2025-09-16,{'regular': 'https://fonts.gstatic.com/s/eaglelake/v26/ptRMTiqbbuNJDOiKj9wG5OvyKQNute8.woff2'},handwriting,webfonts#webfont,https://fonts.gstatic.com/s/eaglelake/v26/ptRMTiqbbuNJDOiKj9wG1O_4KA.woff2,,,1047,2025,recent_12m,False,False,1,set(),0,False,False,False,2,False,False,False
Sarpanch,"['regular', '500', '600', '700', '800', '900']","['devanagari', 'latin', 'latin-ext']",v15,2025-09-16,"{'regular': 'https://fonts.gstatic.com/s/sarpanch/v15/hESy6Xt4NCpRuk6Pzh2FRIrX_20n.woff2', '500': 'https://fonts.gstatic.com/s/sarpanch/v15/hES16Xt4NCpRuk6PziV0ba7a1HEuRHkM.woff2', '600': 'https://fonts.gstatic.com/s/sarpanch/v15/hES16Xt4NCpRuk6PziVYaq7a1HEuRHkM.woff2', '700': 'https://fonts.gstatic.com/s/sarpanch/v15/hES16Xt4NCpRuk6PziU8a67a1HEuRHkM.woff2', '800': 'https://fonts.gstatic.com/s/sarpanch/v15/hES16Xt4NCpRuk6PziUgaK7a1HEuRHkM.woff2', '900': 'https://fonts.gstatic.com/s/sarpanch/v15/hES16Xt4NCpRuk6PziUEaa7a1HEuRHkM.woff2'}",sans-serif,webfonts#webfont,https://fonts.gstatic.com/s/sarpanch/v15/hESy6Xt4NCpRuk6Pzi2BTos.woff2,,,1048,2025,recent_12m,False,False,6,set(),0,False,False,False,3,False,False,False
Mina,"['regular', '700']","['bengali', 'latin', 'latin-ext']",v14,2025-09-08,"{'regular': 'https://fonts.gstatic.com/s/mina/v14/-nFzOGc18vARrzpj7i3y65o.woff2', '700': 'https://fonts.gstatic.com/s/mina/v14/-nF8OGc18vARl4NMyiDZ95OkJwA.woff2'}",sans-serif,webfonts#webfont,https://fonts.gstatic.com/s/mina/v14/-nFzOGc18vARnz5p7w.woff2,,,1049,2025,recent_12m,False,False,2,set(),0,False,False,False,3,False,False,False
Scope One,['regular'],"['latin', 'latin-ext']",v15,2025-09-10,{'regular': 'https://fonts.gstatic.com/s/scopeone/v15/WBLnrEXKYFlGHrOKmGD1Xk_MJMGxiQ.woff2'},serif,webfonts#webfont,https://fonts.gstatic.com/s/scopeone/v15/WBLnrEXKYFlGHrOKmGDFWkXN.woff2,,,1050,2025,recent_12m,False,False,1,set(),0,False,False,False,2,False,False,False
TASA Orbiter,['regular'],"['latin', 'latin-ext']",v2,2025-08-26,{'regular': 'https://fonts.gstatic.com/s/tasaorbiter/v2/3XFtErw3860rsdSUVZx78hPGQNbY1P1Sbg.woff2'},sans-serif,webfonts#webfont,https://fonts.gstatic.com/s/tasaorbiter/v2/3XF4Erw3860rsdSUVZx78hPcTvQoDGHxaFGfVH4Cwp2-9g.woff2,"[{'tag': 'wght', 'start': 400, 'end': 800}]",,1051,2025,recent_12m,False,True,5,{'wght'},1,False,False,False,2,False,False,False
Anaheim,['regular'],"['latin', 'latin-ext', 'vietnamese']",v17,2025-09-05,{'regular': 'https://fonts.gstatic.com/s/anaheim/v17/8vII7w042Wp87g4G0UHUEE5eK_w.woff2'},sans-serif,webfonts#webfont,https://fonts.gstatic.com/s/anaheim/v17/8vIX7w042Wp87g4Gy0_24JbCiPrl-h5sLprEKEM.woff2,"[{'tag': 'wght', 'start': 400, 'end': 800}]",,1052,2025,recent_12m,False,True,5,{'wght'},1,False,False,False,3,False,False,False
Ysabeau SC,['regular'],"['cyrillic', 'cyrillic-ext', 'greek', 'latin', 'latin-ext', 'math', 'symbols', 'vietnamese']",v4,2025-09-16,{'regular': 'https://fonts.gstatic.com/s/ysabeausc/v4/Noa36Uro3JCIKAbW46nMuLx7OCZ4ihE.woff2'},sans-serif,webfonts#webfont,https://fonts.gstatic.com/s/ysabeausc/v4/Noai6Uro3JCIKAbW46nMorJZyP7kKRflbw98UmqFbYA.woff2,"[{'tag': 'wght', 'start': 1, 'end': 1000}]",,1053,2025,recent_12m,False,True,10,{'wght'},1,False,False,False,8,False,False,False
Jersey 10,['regular'],"['latin', 'latin-ext']",v4,2025-09-17,{'regular': 'https://fonts.gstatic.com/s/jersey10/v4/GftH7vZKsggXMf9n_J5X_ZLgy1wtSw.woff2'},display,webfonts#webfont,https://fonts.gstatic.com/s/jersey10/v4/GftH7vZKsggXMf9n_J5n-Zjh.woff2,,,1054,2025,recent_12m,False,False,1,set(),0,False,False,False,2,False,False,False
Mooli,['regular'],"['latin', 'latin-ext']",v1,2025-05-30,{'regular': 'https://fonts.gstatic.com/s/mooli/v1/-F6_fjJpLyk1bYPEBG7YpzlJ.woff2'},sans-serif,webfonts#webfont,https://fonts.gstatic.com/s/mooli/v1/-F6_fjJpLyk1bbPADm8.woff2,,,1055,2025,older,False,False,1,set(),0,False,False,False,2,False,False,False
Nova Flat,['regular'],"['latin', 'latin-ext']",v26,2025-09-05,{'regular': 'https://fonts.gstatic.com/s/novaflat/v26/QdVUSTc-JgqpytEbVebEvCtkm20oJA.woff2'},display,webfonts#webfont,https://fonts.gstatic.com/s/novaflat/v26/QdVUSTc-JgqpytEbVeb0uCFl.woff2,,,1056,2025,recent_12m,False,False,1,set(),0,False,False,False,2,False,False,False
Kaisei Tokumin,"['regular', '500', '700', '800']","['cyrillic', 'japanese', 'latin', 'latin-ext']",v11,2025-09-05,"{'regular': 'https://fonts.gstatic.com/s/kaiseitokumin/v11/Gg8sN5wdZg7xCwuMsylww2ZiQkJa1l0pj946.woff2', '500': 'https://fonts.gstatic.com/s/kaiseitokumin/v11/Gg8vN5wdZg7xCwuMsylww2ZiQnqr_3kkpMIzeI6v.woff2', '700': 'https://fonts.gstatic.com/s/kaiseitokumin/v11/Gg8vN5wdZg7xCwuMsylww2ZiQnrj-XkkpMIzeI6v.woff2', '800': 'https://fonts.gstatic.com/s/kaiseitokumin/v11/Gg8vN5wdZg7xCwuMsylww2ZiQnr_-nkkpMIzeI6v.woff2'}",serif,webfonts#webfont,https://fonts.gstatic.com/s/kaiseitokumin/v11/Gg8sN5wdZg7xCwuMsylww2ZiQnJe3Fw.woff2,,,1057,2025,recent_12m,False,False,4,set(),0,False,False,False,4,False,False,False
Alkatra,['regular'],"['bengali', 'devanagari', 'latin', 'latin-ext', 'oriya']",v5,2025-09-08,{'regular': 'https://fonts.gstatic.com/s/alkatra/v5/r05bGLZA5qhCYsyJdO6D5jokU8E.woff2'},display,webfonts#webfont,https://fonts.gstatic.com/s/alkatra/v5/r05EGLZA5qhCYsyJbuChFuK48Medzngmu4cOptE.woff2,"[{'tag': 'wght', 'start': 400, 'end': 700}]",,1058,2025,recent_12m,False,True,4,{'wght'},1,False,False,False,5,False,False,False
Noto Serif HK,['regular'],"['chinese-hongkong', 'cyrillic', 'latin', 'latin-ext', 'vietnamese']",v12,2026-01-07,{'regular': 'https://fonts.gstatic.com/s/notoserifhk/v12/BngOUXBETWXI6LwlBZGcqL-B5qWr5RCDY_k.woff2'},serif,webfonts#webfont,https://fonts.gstatic.com/s/notoserifhk/v12/BngdUXBETWXI6LwlBZGcqL-B_KuJFcgfwP_9RMd-K1RnXdU.woff2,"[{'tag': 'wght', 'start': 200, 'end': 900}]",,1059,2026,recent_12m,False,True,8,{'wght'},1,False,False,False,5,False,False,False
Orienta,['regular'],"['latin', 'latin-ext']",v16,2025-09-10,{'regular': 'https://fonts.gstatic.com/s/orienta/v16/PlI9FlK4Jrl5Y9zNeyKo9HRFhcU.woff2'},sans-serif,webfonts#webfont,https://fonts.gstatic.com/s/orienta/v16/PlI9FlK4Jrl5Y9zNSyai9Q.woff2,,,1060,2025,recent_12m,False,False,1,set(),0,False,False,False,2,False,False,False
Diplomata,['regular'],"['latin', 'latin-ext']",v33,2025-09-02,{'regular': 'https://fonts.gstatic.com/s/diplomata/v33/Cn-0JtiMXwhNwp-wKxyfZWxYrdM9Sg.woff2'},display,webfonts#webfont,https://fonts.gstatic.com/s/diplomata/v33/Cn-0JtiMXwhNwp-wKxyvYWZZ.woff2,,,1061,2025,recent_12m,False,False,1,set(),0,False,False,False,2,False,False,False
Sulphur Point,"['300', 'regular', '700']","['latin', 'latin-ext']",v16,2025-09-16,"{'300': 'https://fonts.gstatic.com/s/sulphurpoint/v16/RLpkK5vv8KaycDcazWFPBj2afVU6n6wFUHPIFaU.woff2', 'regular': 'https://fonts.gstatic.com/s/sulphurpoint/v16/RLp5K5vv8KaycDcazWFPBj2aRfwSu6EuTHo.woff2', '700': 'https://fonts.gstatic.com/s/sulphurpoint/v16/RLpkK5vv8KaycDcazWFPBj2afUU9n6wFUHPIFaU.woff2'}",sans-serif,webfonts#webfont,https://fonts.gstatic.com/s/sulphurpoint/v16/RLp5K5vv8KaycDcazWFPBj2adfgYug.woff2,,,1062,2025,recent_12m,False,False,3,set(),0,False,False,False,2,False,False,False
Galindo,['regular'],"['latin', 'latin-ext']",v26,2025-09-05,{'regular': 'https://fonts.gstatic.com/s/galindo/v26/HI_KiYMeLqVKqwyuQ5TiRp-dhpQ.woff2'},display,webfonts#webfont,https://fonts.gstatic.com/s/galindo/v26/HI_KiYMeLqVKqwyuc5DoRw.woff2,,,1063,2025,recent_12m,False,False,1,set(),0,False,False,False,2,False,False,False
Bona Nova,"['regular', 'italic', '700']","['cyrillic', 'cyrillic-ext', 'greek', 'hebrew', 'latin', 'latin-ext', 'vietnamese']",v12,2025-09-02,"{'regular': 'https://fonts.gstatic.com/s/bonanova/v12/B50NF7ZCpX7fcHfvIUBJjqhqHK-CLA.woff2', 'italic': 'https://fonts.gstatic.com/s/bonanova/v12/B50LF7ZCpX7fcHfvIUB5iaJrPqqSLJYf.woff2', '700': 'https://fonts.gstatic.com/s/bonanova/v12/B50IF7ZCpX7fcHfvIUBxN4dOEYSeJY8GgQ.woff2'}",serif,webfonts#webfont,https://fonts.gstatic.com/s/bonanova/v12/B50NF7ZCpX7fcHfvIUB5iqJr.woff2,,,1064,2025,recent_12m,True,False,2,set(),0,False,False,False,7,False,False,False
Rosarivo,"['regular', 'italic']","['latin', 'latin-ext']",v24,2025-09-11,"{'regular': 'https://fonts.gstatic.com/s/rosarivo/v24/PlI-Fl2lO6N9f8HaNAeH2nhMnNy5.woff2', 'italic': 'https://fonts.gstatic.com/s/rosarivo/v24/PlI4Fl2lO6N9f8HaNDeA0Hlumcy5ZX8.woff2'}",serif,webfonts#webfont,https://fonts.gstatic.com/s/rosarivo/v24/PlI-Fl2lO6N9f8HaNDeD0Hk.woff2,,,1065,2025,recent_12m,True,False,1,set(),0,False,False,False,2,False,False,False
Tai Heritage Pro,"['regular', '700']","['latin', 'latin-ext', 'tai-viet', 'vietnamese']",v9,2025-09-08,"{'regular': 'https://fonts.gstatic.com/s/taiheritagepro/v9/sZlfdQid-zgaNiNIYcUzJMU3IYyNoHlSENxuLuE.woff2', '700': 'https://fonts.gstatic.com/s/taiheritagepro/v9/sZlYdQid-zgaNiNIYcUzJMU3IYyNmMB9NNFFMuhjCXY.woff2'}",serif,webfonts#webfont,https://fonts.gstatic.com/s/taiheritagepro/v9/sZlfdQid-zgaNiNIYcUzJMU3IYyNkH1YEQ.woff2,,,1066,2025,recent_12m,False,False,2,set(),0,False,False,False,4,False,False,False
Montaga,['regular'],['latin'],v14,2025-09-05,{'regular': 'https://fonts.gstatic.com/s/montaga/v14/H4cnBX2Ml8rCkEO_0gMQ7LO5mqc.woff2'},serif,webfonts#webfont,https://fonts.gstatic.com/s/montaga/v14/H4cnBX2Ml8rCkEO_4gca7Q.woff2,,,1067,2025,recent_12m,False,False,1,set(),0,False,False,False,1,False,False,False
Asset,['regular'],"['cyrillic-ext', 'latin', 'latin-ext', 'math', 'symbols']",v30,2025-09-08,{'regular': 'https://fonts.gstatic.com/s/asset/v30/SLXGc1na-mM4cWIjRJqExst1.woff2'},display,webfonts#webfont,https://fonts.gstatic.com/s/asset/v30/SLXGc1na-mM4cVInTps.woff2,,,1068,2025,recent_12m,False,False,1,set(),0,False,False,False,5,False,False,False
Poltawski Nowy,"['regular', 'italic']","['latin', 'latin-ext', 'vietnamese']",v5,2025-09-10,"{'regular': 'https://fonts.gstatic.com/s/poltawskinowy/v5/flUhRq6ww480U1xsUpFXD-iDBMNcIhI8tIHh.woff2', 'italic': 'https://fonts.gstatic.com/s/poltawskinowy/v5/flUjRq6ww480U1xsUpFXD-iDBPNbKBMesZHhV64.woff2'}",serif,webfonts#webfont,https://fonts.gstatic.com/s/poltawskinowy/v5/flUsRq6ww480U1xsUpFXD-iDBNlSAOLkKCLnWq8KqCWXDCSU.woff2,"[{'tag': 'wght', 'start': 400, 'end': 700}]",,1069,2025,recent_12m,True,True,4,{'wght'},1,False,False,False,3,False,False,False
Reddit Mono,['regular'],"['latin', 'latin-ext', 'vietnamese']",v5,2025-09-05,{'regular': 'https://fonts.gstatic.com/s/redditmono/v5/oPWL_kRmmu4oQ88oo13o49rJTDp_R2SX.woff2'},monospace,webfonts#webfont,https://fonts.gstatic.com/s/redditmono/v5/oPWc_kRmmu4oQ88oo13o48DHbsqn28eR20vUwCYqc3PZ.woff2,"[{'tag': 'wght', 'start': 200, 'end': 900}]",,1070,2025,recent_12m,False,True,8,{'wght'},1,False,False,False,3,False,False,False
Fresca,['regular'],"['latin', 'latin-ext']",v24,2025-09-08,{'regular': 'https://fonts.gstatic.com/s/fresca/v24/6ae94K--SKgCzbM2H70W13DKPA.woff2'},sans-serif,webfonts#webfont,https://fonts.gstatic.com/s/fresca/v24/6ae94K--SKgCzbMGG7cX.woff2,,,1071,2025,recent_12m,False,False,1,set(),0,False,False,False,2,False,False,False
Sumana,"['regular', '700']","['devanagari', 'latin', 'latin-ext']",v12,2025-09-11,"{'regular': 'https://fonts.gstatic.com/s/sumana/v12/4UaDrE5TqRBjGj-G9Rji76zR4w.woff2', '700': 'https://fonts.gstatic.com/s/sumana/v12/4UaArE5TqRBjGj--TDfG4ofN6ppsKg.woff2'}",serif,webfonts#webfont,https://fonts.gstatic.com/s/sumana/v12/4UaDrE5TqRBjGj-28RLj.woff2,,,1072,2025,recent_12m,False,False,2,set(),0,False,False,False,3,False,False,False
Solitreo,['regular'],"['hebrew', 'latin', 'latin-ext']",v2,2025-05-30,{'regular': 'https://fonts.gstatic.com/s/solitreo/v2/r05YGLlS5a9KYsyNO8usyDYtStiJ.woff2'},handwriting,webfonts#webfont,https://fonts.gstatic.com/s/solitreo/v2/r05YGLlS5a9KYsyNO_uowjc.woff2,,,1073,2025,older,False,False,1,set(),0,False,False,False,3,False,False,False
IBM Plex Sans Thai Looped,"['100', '200', '300', 'regular', '500', '600', '700']","['cyrillic-ext', 'latin', 'latin-ext', 'thai']",v12,2025-09-11,"{'100': 'https://fonts.gstatic.com/s/ibmplexsansthailooped/v12/tss5AoJJRAhL3BTrK3r2xxbFhvKfyBB6l7hHT30L_HaKoXOtFCQ76Q.woff2', '200': 'https://fonts.gstatic.com/s/ibmplexsansthailooped/v12/tss6AoJJRAhL3BTrK3r2xxbFhvKfyBB6l7hHT30L_NqrhFyDGC0i8Cc.woff2', '300': 'https://fonts.gstatic.com/s/ibmplexsansthailooped/v12/tss6AoJJRAhL3BTrK3r2xxbFhvKfyBB6l7hHT30L_L6ohFyDGC0i8Cc.woff2', 'regular': 'https://fonts.gstatic.com/s/ibmplexsansthailooped/v12/tss_AoJJRAhL3BTrK3r2xxbFhvKfyBB6l7hHT30LxBeAoFGoBCQ.woff2', '500': 'https://fonts.gstatic.com/s/ibmplexsansthailooped/v12/tss6AoJJRAhL3BTrK3r2xxbFhvKfyBB6l7hHT30L_OaphFyDGC0i8Cc.woff2', '600': 'https://fonts.gstatic.com/s/ibmplexsansthailooped/v12/tss6AoJJRAhL3BTrK3r2xxbFhvKfyBB6l7hHT30L_MquhFyDGC0i8Cc.woff2', '700': 'https://fonts.gstatic.com/s/ibmplexsansthailooped/v12/tss6AoJJRAhL3BTrK3r2xxbFhvKfyBB6l7hHT30L_K6vhFyDGC0i8Cc.woff2'}",sans-serif,webfonts#webfont,https://fonts.gstatic.com/s/ibmplexsansthailooped/v12/tss_AoJJRAhL3BTrK3r2xxbFhvKfyBB6l7hHT30L9BOKoQ.woff2,,,1074,2025,recent_12m,False,False,7,set(),0,False,False,False,4,False,False,False
Mirza,"['regular', '500', '600', '700']","['arabic', 'latin', 'latin-ext']",v19,2025-09-08,"{'regular': 'https://fonts.gstatic.com/s/mirza/v19/co3ImWlikiN5EurYKMewsrvI.woff2', '500': 'https://fonts.gstatic.com/s/mirza/v19/co3FmWlikiN5EtIpAeO9mafBomDi.woff2', '600': 'https://fonts.gstatic.com/s/mirza/v19/co3FmWlikiN5EtIFBuO9mafBomDi.woff2', '700': 'https://fonts.gstatic.com/s/mirza/v19/co3FmWlikiN5EtJhB-O9mafBomDi.woff2'}",serif,webfonts#webfont,https://fonts.gstatic.com/s/mirza/v19/co3ImWlikiN5EtrcIsY.woff2,,,1075,2025,recent_12m,False,False,4,set(),0,False,False,False,3,False,False,False
Truculenta,['regular'],"['latin', 'latin-ext', 'vietnamese']",v27,2025-09-16,{'regular': 'https://fonts.gstatic.com/s/truculenta/v27/LhWgMVvBKusVIfNYGi1-QPp3NtmZmu8.woff2'},sans-serif,webfonts#webfont,https://fonts.gstatic.com/s/truculenta/v27/LhWfMVvBKusVIfNYGi1-WvRVyDdZeeiySNppcu32Mb2f06y6Oa21F6XHi0VYDX_PzOupMlAigwYPHw.woff2,"[{'tag': 'opsz', 'start': 12, 'end': 72}, {'tag': 'wdth', 'start': 75, 'end': 125}, {'tag': 'wght', 'start': 100, 'end': 900}]",,1076,2025,recent_12m,False,True,9,"{'opsz', 'wdth', 'wght'}",3,True,False,True,3,False,False,False
Kode Mono,['regular'],"['latin', 'latin-ext']",v4,2025-09-10,{'regular': 'https://fonts.gstatic.com/s/kodemono/v4/A2BYn5pb0QgtVEPFnlY-n4jxW5KJuQ.woff2'},monospace,webfonts#webfont,https://fonts.gstatic.com/s/kodemono/v4/A2BLn5pb0QgtVEPFnlYkkaoBgw4qv9odq5myxDuZaQ.woff2,"[{'tag': 'wght', 'start': 400, 'end': 700}]",,1077,2025,recent_12m,False,True,4,{'wght'},1,False,False,False,2,False,False,False
Birthstone Bounce,"['regular', '500']","['latin', 'latin-ext', 'vietnamese']",v13,2025-09-05,"{'regular': 'https://fonts.gstatic.com/s/birthstonebounce/v13/ga6XaxZF43lIvTWrktHOTBJZGH7dEeVMGIMYDo_8.woff2', '500': 'https://fonts.gstatic.com/s/birthstonebounce/v13/ga6SaxZF43lIvTWrktHOTBJZGH7dEd29MacVJZP1LmD9.woff2'}",handwriting,webfonts#webfont,https://fonts.gstatic.com/s/birthstonebounce/v13/ga6XaxZF43lIvTWrktHOTBJZGH7dEdVIEoI.woff2,,,1078,2025,recent_12m,False,False,2,set(),0,False,False,False,3,False,False,False
Alan Sans,['regular'],"['latin', 'latin-ext']",v5,2025-11-20,{'regular': 'https://fonts.gstatic.com/s/alansans/v5/zOL-4pbDmq5Eu6ebjMSr7O5As-FeiQ.woff2'},sans-serif,webfonts#webfont,https://fonts.gstatic.com/s/alansans/v5/zOLt4pbDmq5Eu6ebjMSx4sywa339j__gfN_o9yF_jQ.woff2,"[{'tag': 'wght', 'start': 300, 'end': 900}]",,1079,2025,recent_12m,False,True,7,{'wght'},1,False,False,False,2,False,False,False
Baloo Tammudu 2,['regular'],"['latin', 'latin-ext', 'telugu', 'vietnamese']",v27,2025-09-11,{'regular': 'https://fonts.gstatic.com/s/balootammudu2/v27/1Pt2g8TIS_SAmkLguUdFP8UaJcK-wHEW6aGXHw.woff2'},display,webfonts#webfont,https://fonts.gstatic.com/s/balootammudu2/v27/1Pt5g8TIS_SAmkLguUdFP8UaJcKkzlPmMT00GaE_Jf8e0c-FZA.woff2,"[{'tag': 'wght', 'start': 400, 'end': 800}]",,1080,2025,recent_12m,False,True,5,{'wght'},1,False,False,False,4,False,False,False
Protest Riot,['regular'],"['latin', 'latin-ext', 'math', 'symbols', 'vietnamese']",v2,2025-05-30,{'regular': 'https://fonts.gstatic.com/s/protestriot/v2/d6lPkaOxWMKm7TdezXFmpkrM0vJgjmRpOA.woff2'},display,webfonts#webfont,https://fonts.gstatic.com/s/protestriot/v2/d6lPkaOxWMKm7TdezXFmpkr81vhh.woff2,,,1081,2025,older,False,False,1,set(),0,False,False,False,5,False,False,False
Sour Gummy,"['regular', 'italic']","['latin', 'latin-ext']",v3,2025-09-10,"{'regular': 'https://fonts.gstatic.com/s/sourgummy/v3/8AtsGs2gPYuNDii97MjjHLz5jRfZHzM.woff2', 'italic': 'https://fonts.gstatic.com/s/sourgummy/v3/8AtuGs2gPYuNDii97MjjLLvzjDXcDzM0AA.woff2'}",sans-serif,webfonts#webfont,https://fonts.gstatic.com/s/sourgummy/v3/8AtGGs2gPYuNDii97MjjBrLbYfdJvDU5AZfP5opPVCC4oC5ANR1N88Nk9lqN.woff2,"[{'tag': 'wdth', 'start': 100, 'end': 125}, {'tag': 'wght', 'start': 100, 'end': 900}]",,1082,2025,recent_12m,True,True,9,"{'wdth', 'wght'}",2,True,False,False,2,False,False,False
Nova Oval,['regular'],"['latin', 'latin-ext']",v26,2025-09-02,{'regular': 'https://fonts.gstatic.com/s/novaoval/v26/jAnEgHdmANHvPenMaswCNI-h3cWkWg.woff2'},display,webfonts#webfont,https://fonts.gstatic.com/s/novaoval/v26/jAnEgHdmANHvPenMaswyMIWg.woff2,,,1083,2025,recent_12m,False,False,1,set(),0,False,False,False,2,False,False,False
IBM Plex Sans Devanagari,"['100', '200', '300', 'regular', '500', '600', '700']","['cyrillic-ext', 'devanagari', 'latin', 'latin-ext']",v12,2025-09-11,"{'100': 'https://fonts.gstatic.com/s/ibmplexsansdevanagari/v12/XRXB3JCMvG4IDoS9SubXB6W-UX5iehIMBFR2-O_HMUj1UcjwCEQq.woff2', '200': 'https://fonts.gstatic.com/s/ibmplexsansdevanagari/v12/XRXA3JCMvG4IDoS9SubXB6W-UX5iehIMBFR2-O_HnWnQfub8AV0z0w.woff2', '300': 'https://fonts.gstatic.com/s/ibmplexsansdevanagari/v12/XRXA3JCMvG4IDoS9SubXB6W-UX5iehIMBFR2-O_H-WrQfub8AV0z0w.woff2', 'regular': 'https://fonts.gstatic.com/s/ibmplexsansdevanagari/v12/XRXH3JCMvG4IDoS9SubXB6W-UX5iehIMBFR2-O__UEL0c83gCA.woff2', '500': 'https://fonts.gstatic.com/s/ibmplexsansdevanagari/v12/XRXA3JCMvG4IDoS9SubXB6W-UX5iehIMBFR2-O_HoWvQfub8AV0z0w.woff2', '600': 'https://fonts.gstatic.com/s/ibmplexsansdevanagari/v12/XRXA3JCMvG4IDoS9SubXB6W-UX5iehIMBFR2-O_HjWzQfub8AV0z0w.woff2', '700': 'https://fonts.gstatic.com/s/ibmplexsansdevanagari/v12/XRXA3JCMvG4IDoS9SubXB6W-UX5iehIMBFR2-O_H6W3Qfub8AV0z0w.woff2'}",sans-serif,webfonts#webfont,https://fonts.gstatic.com/s/ibmplexsansdevanagari/v12/XRXH3JCMvG4IDoS9SubXB6W-UX5iehIMBFR2-O_PVEj1.woff2,,,1084,2025,recent_12m,False,False,7,set(),0,False,False,False,4,False,False,False
Chicle,['regular'],"['latin', 'latin-ext']",v27,2025-09-10,{'regular': 'https://fonts.gstatic.com/s/chicle/v27/lJwG-pw9i2dqU-BDzGKuobYSxw.woff2'},display,webfonts#webfont,https://fonts.gstatic.com/s/chicle/v27/lJwG-pw9i2dqU-BzyGiv.woff2,,,1085,2025,recent_12m,False,False,1,set(),0,False,False,False,2,False,False,False
Kavoon,['regular'],"['latin', 'latin-ext']",v25,2025-09-05,{'regular': 'https://fonts.gstatic.com/s/kavoon/v25/pxiFyp4_scRYhlU4Mbr6f1pdEQ.woff2'},display,webfonts#webfont,https://fonts.gstatic.com/s/kavoon/v25/pxiFyp4_scRYhlUINbD7.woff2,,,1086,2025,recent_12m,False,False,1,set(),0,False,False,False,2,False,False,False
Science Gothic,['regular'],"['cyrillic', 'cyrillic-ext', 'latin', 'latin-ext', 'vietnamese']",v5,2025-11-20,{'regular': 'https://fonts.gstatic.com/s/sciencegothic/v5/CHy6V-7EH1X7aiQh5jPNDTJnVVohpGVYYYVm.woff2'},sans-serif,webfonts#webfont,https://fonts.gstatic.com/s/sciencegothic/v5/CHzuV-7EH1X7aiQh5jPNDTJnVUAvhrL0sQdjzDQhk11iTp6mX-ANuf1d_83dPfZJ7Lvcvg8EGYzcW57mXiXiVX33c92fNgiY9aHi.woff2,"[{'tag': 'CTRS', 'start': 0, 'end': 85}, {'tag': 'slnt', 'start': -10, 'end': 0}, {'tag': 'wdth', 'start': 50, 'end': 200}, {'tag': 'wght', 'start': 100, 'end': 900}]",,1087,2025,recent_12m,False,True,9,"{'wdth', 'wght', 'slnt', 'CTRS'}",4,True,True,False,5,False,False,False
Manuale,"['regular', 'italic']","['latin', 'latin-ext', 'vietnamese']",v31,2025-09-10,"{'regular': 'https://fonts.gstatic.com/s/manuale/v31/f0X20eas_8Z-TFZdBPPEw8nG6aY.woff2', 'italic': 'https://fonts.gstatic.com/s/manuale/v31/f0X00eas_8Z-TFZdNPTOwuvD-aYfeA.woff2'}",serif,webfonts#webfont,https://fonts.gstatic.com/s/manuale/v31/f0Xp0eas_8Z-TFZdHv3mMxFaSqASeeHke4wC3zE.woff2,"[{'tag': 'wght', 'start': 300, 'end': 800}]",,1088,2025,recent_12m,True,True,6,{'wght'},1,False,False,False,3,False,False,False
BIZ UDMincho,"['regular', '700']","['cyrillic', 'greek-ext', 'japanese', 'latin', 'latin-ext']",v11,2025-05-30,"{'regular': 'https://fonts.gstatic.com/s/bizudmincho/v11/EJRRQgI6eOxFjBdKs38yhtW1cgT7rcpY8Q.woff2', '700': 'https://fonts.gstatic.com/s/bizudmincho/v11/EJROQgI6eOxFjBdKs38yhtWNyyvfoOFE-IyCrw.woff2'}",serif,webfonts#webfont,https://fonts.gstatic.com/s/bizudmincho/v11/EJRRQgI6eOxFjBdKs38yhtWFdg76.woff2,,,1089,2025,older,False,False,2,set(),0,False,False,False,5,False,False,False
Lemon,['regular'],"['latin', 'latin-ext']",v19,2025-09-05,{'regular': 'https://fonts.gstatic.com/s/lemon/v19/HI_EiYEVKqRMq0jESZXAQ4-d.woff2'},display,webfonts#webfont,https://fonts.gstatic.com/s/lemon/v19/HI_EiYEVKqRMq3jAQ5Q.woff2,,,1090,2025,recent_12m,False,False,1,set(),0,False,False,False,2,False,False,False
Miltonian,['regular'],['latin'],v32,2025-09-16,{'regular': 'https://fonts.gstatic.com/s/miltonian/v32/zOL-4pbPn6Ne9JqTg9mr7O5As-FeiQ.woff2'},display,webfonts#webfont,https://fonts.gstatic.com/s/miltonian/v32/zOL-4pbPn6Ne9JqTg9mb6ORB.woff2,,,1091,2025,recent_12m,False,False,1,set(),0,False,False,False,1,False,False,False
Convergence,['regular'],"['latin', 'latin-ext']",v16,2025-09-08,{'regular': 'https://fonts.gstatic.com/s/convergence/v16/rax5HiePvdgXPmmMHcIPYRhfsU7Q8Cad.woff2'},sans-serif,webfonts#webfont,https://fonts.gstatic.com/s/convergence/v16/rax5HiePvdgXPmmMHcIPYShbu08.woff2,,,1092,2025,recent_12m,False,False,1,set(),0,False,False,False,2,False,False,False
Dokdo,['regular'],"['korean', 'latin']",v23,2025-09-16,{'regular': 'https://fonts.gstatic.com/s/dokdo/v23/esDf315XNuCBLxLt4NaMlKcH.woff2'},display,webfonts#webfont,https://fonts.gstatic.com/s/dokdo/v23/esDf315XNuCBLyLp6tc.woff2,,,1093,2025,recent_12m,False,False,1,set(),0,False,False,False,2,True,False,False
Cherry Swash,"['regular', '700']","['latin', 'latin-ext']",v22,2025-09-16,"{'regular': 'https://fonts.gstatic.com/s/cherryswash/v22/i7dNIFByZjaNAMxtZcnfAy58RXi-EwWMbg.woff2', '700': 'https://fonts.gstatic.com/s/cherryswash/v22/i7dSIFByZjaNAMxtZcnfAy5E_FeaHi6QZ3WfYg.woff2'}",display,webfonts#webfont,https://fonts.gstatic.com/s/cherryswash/v22/i7dNIFByZjaNAMxtZcnfAy5MQXK_.woff2,,,1094,2025,recent_12m,False,False,2,set(),0,False,False,False,2,False,False,False
Gemunu Libre,['regular'],"['latin', 'latin-ext', 'sinhala']",v18,2025-09-10,{'regular': 'https://fonts.gstatic.com/s/gemunulibre/v18/X7ni4bQ6Cfy7jKGXVE_YlqnBHyL1539rvw.woff2'},sans-serif,webfonts#webfont,https://fonts.gstatic.com/s/gemunulibre/v18/X7n34bQ6Cfy7jKGXVE_YlqnbEQAFP-PIuTCp0xiJDvWBeQ.woff2,"[{'tag': 'wght', 'start': 200, 'end': 800}]",,1095,2025,recent_12m,False,True,7,{'wght'},1,False,False,False,3,False,False,False
Iceland,['regular'],['latin'],v22,2025-09-02,{'regular': 'https://fonts.gstatic.com/s/iceland/v22/rax9HiuFsdMNOnWPWKlGADBbg0s.woff2'},display,webfonts#webfont,https://fonts.gstatic.com/s/iceland/v22/rax9HiuFsdMNOnWPaK1MAQ.woff2,,,1096,2025,recent_12m,False,False,1,set(),0,False,False,False,1,False,False,False
M PLUS 1 Code,['regular'],"['japanese', 'latin', 'latin-ext', 'vietnamese']",v17,2026-05-13,{'regular': 'https://fonts.gstatic.com/s/mplus1code/v17/ypvfbXOOx2xFpzmYJS3N2_J2nh1YtUb0gZk.woff2'},monospace,webfonts#webfont,https://fonts.gstatic.com/s/mplus1code/v17/ypvMbXOOx2xFpzmYJS3N2_J2hBN6RZ5oIp8m_7iN0EHoYJ0.woff2,"[{'tag': 'wght', 'start': 100, 'end': 700}]",,1097,2026,recent_12m,False,True,7,{'wght'},1,False,False,False,4,False,False,False
Smythe,['regular'],['latin'],v24,2025-09-16,{'regular': 'https://fonts.gstatic.com/s/smythe/v24/MwQ3bhT01--coT1BPbh_uGInjA.woff2'},display,webfonts#webfont,https://fonts.gstatic.com/s/smythe/v24/MwQ3bhT01--coT1xObJ-.woff2,,,1098,2025,recent_12m,False,False,1,set(),0,False,False,False,1,False,False,False
Edu TAS Beginner,['regular'],['latin'],v5,2025-09-16,{'regular': 'https://fonts.gstatic.com/s/edutasbeginner/v5/ZXu9e04WubHfGVY-1TcNg7AFUmshmcbqoeRWfbs.woff2'},handwriting,webfonts#webfont,https://fonts.gstatic.com/s/edutasbeginner/v5/ZXuwe04WubHfGVY-1TcNg7AFUmshg8jIUTzK3r34f_HwelkqD2U.woff2,"[{'tag': 'wght', 'start': 400, 'end': 700}]",,1099,2025,recent_12m,False,True,4,{'wght'},1,False,False,False,1,False,False,False
Homenaje,['regular'],['latin'],v17,2025-09-05,{'regular': 'https://fonts.gstatic.com/s/homenaje/v17/FwZY7-Q-xVAi_l-6Ld6F4sijpFu_.woff2'},sans-serif,webfonts#webfont,https://fonts.gstatic.com/s/homenaje/v17/FwZY7-Q-xVAi_l-6Le6B6Mk.woff2,,,1100,2025,recent_12m,False,False,1,set(),0,False,False,False,1,False,False,False
Metal Mania,['regular'],"['latin', 'latin-ext']",v23,2025-09-16,{'regular': 'https://fonts.gstatic.com/s/metalmania/v23/RWmMoKWb4e8kqMfBUdPFJeXHg6UKDXlq.woff2'},display,webfonts#webfont,https://fonts.gstatic.com/s/metalmania/v23/RWmMoKWb4e8kqMfBUdPFJdXDiaQ.woff2,,,1101,2025,recent_12m,False,False,1,set(),0,False,False,False,2,False,False,False
Amethysta,['regular'],['latin'],v17,2025-09-10,{'regular': 'https://fonts.gstatic.com/s/amethysta/v17/rP2Fp2K15kgb_F3ibfWIHTWCBl0O8Q.woff2'},serif,webfonts#webfont,https://fonts.gstatic.com/s/amethysta/v17/rP2Fp2K15kgb_F3ibfW4GT-D.woff2,,,1102,2025,recent_12m,False,False,1,set(),0,False,False,False,1,False,False,False
Medula One,['regular'],['latin'],v20,2025-09-10,{'regular': 'https://fonts.gstatic.com/s/medulaone/v20/YA9Wr0qb5kjJM6l2V0yukiQqs7GtlvY.woff2'},display,webfonts#webfont,https://fonts.gstatic.com/s/medulaone/v20/YA9Wr0qb5kjJM6l2V0yuoiAgsg.woff2,,,1103,2025,recent_12m,False,False,1,set(),0,False,False,False,1,False,False,False
Varta,['regular'],"['latin', 'latin-ext', 'vietnamese']",v25,2025-09-10,{'regular': 'https://fonts.gstatic.com/s/varta/v25/Qw3TZQpJHj_6LyvavPVDMPoF.woff2'},sans-serif,webfonts#webfont,https://fonts.gstatic.com/s/varta/v25/Qw3AZQpJHj_6LzHUngWbrFkDH1x9tD40i7s_.woff2,"[{'tag': 'wght', 'start': 300, 'end': 700}]",,1104,2025,recent_12m,False,True,5,{'wght'},1,False,False,False,3,False,False,False
Ranchers,['regular'],"['latin', 'latin-ext']",v19,2025-09-11,{'regular': 'https://fonts.gstatic.com/s/ranchers/v19/zrfm0H3Lx-P2Xvs2AoDdDC79XTHv.woff2'},display,webfonts#webfont,https://fonts.gstatic.com/s/ranchers/v19/zrfm0H3Lx-P2Xvs2ArDZBi8.woff2,,,1105,2025,recent_12m,False,False,1,set(),0,False,False,False,2,False,False,False
Trispace,['regular'],"['latin', 'latin-ext', 'vietnamese']",v27,2025-09-08,{'regular': 'https://fonts.gstatic.com/s/trispace/v27/Yq6X-LKSQC3o56Lxxh5lluJSlggt.woff2'},sans-serif,webfonts#webfont,https://fonts.gstatic.com/s/trispace/v27/Yq65-LKSQC3o56LxxgRrtA6yBqsrXL5GI5KI-IUZVGsxWFIlbH9rkQh-zQ.woff2,"[{'tag': 'wdth', 'start': 75, 'end': 125}, {'tag': 'wght', 'start': 100, 'end': 800}]",,1106,2025,recent_12m,False,True,8,"{'wdth', 'wght'}",2,True,False,False,3,False,False,False
Bitcount Single,['regular'],"['latin', 'latin-ext']",v3,2025-09-16,{'regular': 'https://fonts.gstatic.com/s/bitcountsingle/v3/or36Q6T72-iP2RY6OLSkb95a817Gg2ARZeDtag.woff2'},display,webfonts#webfont,https://fonts.gstatic.com/s/bitcountsingle/v3/or25Q6T72-iP2RY6OLSkb95a817cjULDyyhvb6tTxCxtAOObpH9NnfLjSWiXv_OGqtjRD0BNzrItMZWC-9SK8R6EpA2l9RAyOs8BbxT7gd3xw8jKCrtZx3k.woff2,"[{'tag': 'CRSV', 'start': 0, 'end': 1}, {'tag': 'ELSH', 'start': 0, 'end': 100}, {'tag': 'ELXP', 'start': 0, 'end': 100}, {'tag': 'slnt', 'start': -8, 'end': 0}, {'tag': 'wght', 'start': 100, 'end': 900}]",,1107,2025,recent_12m,False,True,9,"{'CRSV', 'ELSH', 'wght', 'ELXP', 'slnt'}",5,False,True,False,2,False,False,False
Nova Cut,['regular'],"['latin', 'latin-ext']",v26,2025-09-08,{'regular': 'https://fonts.gstatic.com/s/novacut/v26/KFOkCnSYu8mL-39LkWxKKTM1K9nz.woff2'},display,webfonts#webfont,https://fonts.gstatic.com/s/novacut/v26/KFOkCnSYu8mL-39LkVxOIzI.woff2,,,1108,2025,recent_12m,False,False,1,set(),0,False,False,False,2,False,False,False
IM Fell Double Pica SC,['regular'],['latin'],v21,2025-05-30,{'regular': 'https://fonts.gstatic.com/s/imfelldoublepicasc/v21/neIazDmuiMkFo6zj_sHpQ8teNbWlwBB_hXjJ4YgEeru2dGg.woff2'},serif,webfonts#webfont,https://fonts.gstatic.com/s/imfelldoublepicasc/v21/neIazDmuiMkFo6zj_sHpQ8teNbWlwBB_hXjJ0YwOew.woff2,,,1109,2025,older,False,False,1,set(),0,False,False,False,1,False,False,False
Sigmar,['regular'],"['latin', 'latin-ext', 'vietnamese']",v9,2025-09-16,{'regular': 'https://fonts.gstatic.com/s/sigmar/v9/hv-XlzJgIE8a85pUaGY3MTFgVg.woff2'},display,webfonts#webfont,https://fonts.gstatic.com/s/sigmar/v9/hv-XlzJgIE8a85pkbGw2.woff2,,,1110,2025,recent_12m,False,False,1,set(),0,False,False,False,3,False,False,False
Nova Slim,['regular'],"['latin', 'latin-ext']",v26,2025-09-10,{'regular': 'https://fonts.gstatic.com/s/novaslim/v26/Z9XUDmZNQAuem8jyZcn-zcOInrib9Q.woff2'},display,webfonts#webfont,https://fonts.gstatic.com/s/novaslim/v26/Z9XUDmZNQAuem8jyZcnOycmJ.woff2,,,1111,2025,recent_12m,False,False,1,set(),0,False,False,False,2,False,False,False
Atomic Age,['regular'],"['latin', 'latin-ext']",v29,2025-09-10,{'regular': 'https://fonts.gstatic.com/s/atomicage/v29/f0Xz0eug6sdmRFkYZZGL58Tt9a8GYeA.woff2'},display,webfonts#webfont,https://fonts.gstatic.com/s/atomicage/v29/f0Xz0eug6sdmRFkYZZGL18Dn9A.woff2,,,1112,2025,recent_12m,False,False,1,set(),0,False,False,False,2,False,False,False
Asta Sans,['regular'],"['korean', 'latin']",v3,2025-09-08,{'regular': 'https://fonts.gstatic.com/s/astasans/v3/XoHk2Y74XaWovvhMb0ctuv0tnjvw8Q.woff2'},sans-serif,webfonts#webfont,https://fonts.gstatic.com/s/astasans/v3/XoH32Y74XaWovvhMb0c3tN_dRqdT9zveo_T_qVjlqA.woff2,"[{'tag': 'wght', 'start': 300, 'end': 800}]",,1113,2025,recent_12m,False,True,6,{'wght'},1,False,False,False,2,True,False,False
Yomogi,['regular'],"['cyrillic', 'japanese', 'latin', 'latin-ext', 'vietnamese']",v13,2025-09-16,{'regular': 'https://fonts.gstatic.com/s/yomogi/v13/VuJwdNrS2ZL7rpoPXYz5NIh-YA.woff2'},handwriting,webfonts#webfont,https://fonts.gstatic.com/s/yomogi/v13/VuJwdNrS2ZL7rpo_WYb4.woff2,,,1114,2025,recent_12m,False,False,1,set(),0,False,False,False,5,False,False,False
Baumans,['regular'],['latin'],v18,2025-09-08,{'regular': 'https://fonts.gstatic.com/s/baumans/v18/-W_-XJj9QyTd3QfpR_8yaksqY5Q.woff2'},display,webfonts#webfont,https://fonts.gstatic.com/s/baumans/v18/-W_-XJj9QyTd3Qfpd_s4aw.woff2,,,1115,2025,recent_12m,False,False,1,set(),0,False,False,False,1,False,False,False
Raleway Dots,['regular'],"['latin', 'latin-ext']",v19,2025-09-11,{'regular': 'https://fonts.gstatic.com/s/ralewaydots/v19/6NUR8FifJg6AfQvzpshgwJ8kzP9Fdty2ew.woff2'},display,webfonts#webfont,https://fonts.gstatic.com/s/ralewaydots/v19/6NUR8FifJg6AfQvzpshgwJ8UyPVE.woff2,,,1116,2025,recent_12m,False,False,1,set(),0,False,False,False,2,False,False,False
Comme,['regular'],"['latin', 'latin-ext']",v4,2025-09-11,{'regular': 'https://fonts.gstatic.com/s/comme/v4/8QIHdirKhMbn-vu7sowsrqjk.woff2'},sans-serif,webfonts#webfont,https://fonts.gstatic.com/s/comme/v4/8QIUdirKhMbn-uG1kHz0MgviDe1z5cFb6oQe.woff2,"[{'tag': 'wght', 'start': 100, 'end': 900}]",,1117,2025,recent_12m,False,True,9,{'wght'},1,False,False,False,2,False,False,False
Gayathri,"['100', 'regular', '700']","['latin', 'malayalam']",v20,2025-09-05,"{'100': 'https://fonts.gstatic.com/s/gayathri/v20/MCoWzAb429DbBilWLLhc-p7SA_gA2W8.woff2', 'regular': 'https://fonts.gstatic.com/s/gayathri/v20/MCoQzAb429DbBilWLIA98J_wBugA.woff2', '700': 'https://fonts.gstatic.com/s/gayathri/v20/MCoXzAb429DbBilWLLiE37v9LfQJwHbn.woff2'}",sans-serif,webfonts#webfont,https://fonts.gstatic.com/s/gayathri/v20/MCoQzAb429DbBilWLLA5-p4.woff2,,,1118,2025,recent_12m,False,False,3,set(),0,False,False,False,2,False,False,False
Anek Tamil,['regular'],"['latin', 'latin-ext', 'tamil']",v18,2025-09-16,{'regular': 'https://fonts.gstatic.com/s/anektamil/v18/XLYjIZH2bYJHGYtPGSbUHcxoon8vVXg.woff2'},sans-serif,webfonts#webfont,https://fonts.gstatic.com/s/anektamil/v18/XLYJIZH2bYJHGYtPGSbUB8JKTp-_9n55SsLHW0WZez6TjtkDu3uNQidKqoH5.woff2,"[{'tag': 'wdth', 'start': 75, 'end': 125}, {'tag': 'wght', 'start': 100, 'end': 800}]",,1119,2025,recent_12m,False,True,8,"{'wdth', 'wght'}",2,True,False,False,3,False,False,False
Carme,['regular'],['latin'],v17,2025-09-10,{'regular': 'https://fonts.gstatic.com/s/carme/v17/ptRHTiWdbvZIDOjDxLNrxfbZ.woff2'},sans-serif,webfonts#webfont,https://fonts.gstatic.com/s/carme/v17/ptRHTiWdbvZIDNjHzrI.woff2,,,1120,2025,recent_12m,False,False,1,set(),0,False,False,False,1,False,False,False
Overlock SC,['regular'],"['latin', 'latin-ext']",v25,2025-09-16,{'regular': 'https://fonts.gstatic.com/s/overlocksc/v25/1cX3aUHKGZrstGAY8nwVzHGFq8Sk1PoH.woff2'},display,webfonts#webfont,https://fonts.gstatic.com/s/overlocksc/v25/1cX3aUHKGZrstGAY8nwVzEGBocU.woff2,,,1121,2025,recent_12m,False,False,1,set(),0,False,False,False,2,False,False,False
Hubot Sans,"['regular', 'italic']","['latin', 'latin-ext', 'vietnamese']",v5,2025-09-05,"{'regular': 'https://fonts.gstatic.com/s/hubotsans/v5/pe0rMIiULYxOvxVLbVwhItKQB9Zra1U.woff2', 'italic': 'https://fonts.gstatic.com/s/hubotsans/v5/pe0pMIiULYxOvxVLbVwhEtWaBvRue1UwVg.woff2'}",sans-serif,webfonts#webfont,https://fonts.gstatic.com/s/hubotsans/v5/pe0BMIiULYxOvxVLbVwhONyy6zb7yFM9V5G3iZ3X0avsIiCxjLsC57ZtgbrU.woff2,"[{'tag': 'wdth', 'start': 75, 'end': 125}, {'tag': 'wght', 'start': 200, 'end': 900}]",,1122,2025,recent_12m,True,True,8,"{'wdth', 'wght'}",2,True,False,False,3,False,False,False
Short Stack,['regular'],['latin'],v16,2025-09-10,{'regular': 'https://fonts.gstatic.com/s/shortstack/v16/bMrzmS2X6p0jZC6EcmPFX-SXcX8D0nq6.woff2'},handwriting,webfonts#webfont,https://fonts.gstatic.com/s/shortstack/v16/bMrzmS2X6p0jZC6EcmPFX9STe34.woff2,,,1123,2025,recent_12m,False,False,1,set(),0,False,False,False,1,False,False,False
Libre Barcode 128 Text,['regular'],['latin'],v31,2025-09-17,{'regular': 'https://fonts.gstatic.com/s/librebarcode128text/v31/fdNv9tubt3ZEnz1Gu3I4-zppwZ9CWZ16Z0w5cVjY6M90w4k.woff2'},display,webfonts#webfont,https://fonts.gstatic.com/s/librebarcode128text/v31/fdNv9tubt3ZEnz1Gu3I4-zppwZ9CWZ16Z0w5QVzS6Q.woff2,,,1124,2025,recent_12m,False,False,1,set(),0,False,False,False,1,False,False,False
Lavishly Yours,['regular'],"['latin', 'latin-ext', 'vietnamese']",v7,2025-09-05,{'regular': 'https://fonts.gstatic.com/s/lavishlyyours/v7/jizDREVIvGwH5OjiZmX9r5z_WxUd0TY7ikbI.woff2'},handwriting,webfonts#webfont,https://fonts.gstatic.com/s/lavishlyyours/v7/jizDREVIvGwH5OjiZmX9r5z_WyUZ2zc.woff2,,,1125,2025,recent_12m,False,False,1,set(),0,False,False,False,3,False,False,False
Mozilla Headline,['regular'],"['latin', 'latin-ext']",v1,2025-07-30,{'regular': 'https://fonts.gstatic.com/s/mozillaheadline/v1/QGY1z-UXahmCOps4kyMKGuSA9pYtwf3cL4mVDik.woff2'},sans-serif,webfonts#webfont,https://fonts.gstatic.com/s/mozillaheadline/v1/QGYLz-UXahmCOps4kyMKGuSA9pYt2_P-w2kFrS88o6cVYRvBSDSOuerB_FOB4IYlZBZu.woff2,"[{'tag': 'wdth', 'start': 75, 'end': 125}, {'tag': 'wght', 'start': 200, 'end': 700}]",,1126,2025,recent_12m,False,True,6,"{'wdth', 'wght'}",2,True,False,False,2,False,False,False
Gentium Book Plus,"['regular', 'italic', '700', '700italic']","['cyrillic', 'cyrillic-ext', 'greek', 'greek-ext', 'latin', 'latin-ext', 'vietnamese']",v1,2025-05-30,"{'regular': 'https://fonts.gstatic.com/s/gentiumbookplus/v1/vEFL2-RHBgUK5fbjKxRpbBtJPyRpofKadbLOrdPV.woff2', 'italic': 'https://fonts.gstatic.com/s/gentiumbookplus/v1/vEFN2-RHBgUK5fbjKxRpbBtJPyRpocKdf7PsqMPVZb4.woff2', '700': 'https://fonts.gstatic.com/s/gentiumbookplus/v1/vEFO2-RHBgUK5fbjKxRpbBtJPyRpocojWpbDhs_cfKe1.woff2', '700italic': 'https://fonts.gstatic.com/s/gentiumbookplus/v1/vEFA2-RHBgUK5fbjKxRpbBtJPyRpocKdRwrDjM7-ebe1Els.woff2'}",serif,webfonts#webfont,https://fonts.gstatic.com/s/gentiumbookplus/v1/vEFL2-RHBgUK5fbjKxRpbBtJPyRpocKef7M.woff2,,,1127,2025,older,True,False,2,set(),0,False,False,False,7,False,False,False
Agdasima,"['regular', '700']","['latin', 'latin-ext']",v5,2025-06-02,"{'regular': 'https://fonts.gstatic.com/s/agdasima/v5/PN_zRfyxp2f1fUCgAMg_rzjb_-Da.woff2', '700': 'https://fonts.gstatic.com/s/agdasima/v5/PN_0Rfyxp2f1fUCgAPCGgBzW1PzTz2Mi.woff2'}",sans-serif,webfonts#webfont,https://fonts.gstatic.com/s/agdasima/v5/PN_zRfyxp2f1fUCgAPg7pTk.woff2,,,1128,2025,older,False,False,2,set(),0,False,False,False,2,False,False,False
Tauri,['regular'],"['latin', 'latin-ext']",v20,2025-09-10,{'regular': 'https://fonts.gstatic.com/s/tauri/v20/TwMA-IISS0AM3IpQWHU_TBqO.woff2'},sans-serif,webfonts#webfont,https://fonts.gstatic.com/s/tauri/v20/TwMA-IISS0AM3LpUUnQ.woff2,,,1129,2025,recent_12m,False,False,1,set(),0,False,False,False,2,False,False,False
Chau Philomene One,"['regular', 'italic']","['latin', 'latin-ext']",v16,2025-09-16,"{'regular': 'https://fonts.gstatic.com/s/chauphilomeneone/v16/55xxezRsPtfie1vPY49qzdgSlJiHRQFsmYx7QMISdQ.woff2', 'italic': 'https://fonts.gstatic.com/s/chauphilomeneone/v16/55xzezRsPtfie1vPY49qzdgSlJiHRQFcnoZ6YscCdXQB.woff2'}",sans-serif,webfonts#webfont,https://fonts.gstatic.com/s/chauphilomeneone/v16/55xxezRsPtfie1vPY49qzdgSlJiHRQFcnYZ6.woff2,,,1130,2025,recent_12m,True,False,1,set(),0,False,False,False,2,False,False,False
Baloo Bhaina 2,['regular'],"['latin', 'latin-ext', 'oriya', 'vietnamese']",v29,2025-09-02,{'regular': 'https://fonts.gstatic.com/s/baloobhaina2/v29/qWczB6yyq4P9Adr3RtoX1q6yShz-mDUoupoI.woff2'},display,webfonts#webfont,https://fonts.gstatic.com/s/baloobhaina2/v29/qWc-B6yyq4P9Adr3RtoX1q6ySgbwusXwJjkOS-XEssPfRP5K.woff2,"[{'tag': 'wght', 'start': 400, 'end': 800}]",,1131,2025,recent_12m,False,True,5,{'wght'},1,False,False,False,4,False,False,False
Redacted,['regular'],"['latin', 'latin-ext']",v11,2025-09-17,{'regular': 'https://fonts.gstatic.com/s/redacted/v11/Z9XVDmdRShme2O_7aITb4u2El6GC.woff2'},display,webfonts#webfont,https://fonts.gstatic.com/s/redacted/v11/Z9XVDmdRShme2O_7aLTf6Ow.woff2,,,1132,2025,recent_12m,False,False,1,set(),0,False,False,False,2,False,False,False
Bitcount Grid Double,['regular'],"['latin', 'latin-ext']",v3,2025-09-16,{'regular': 'https://fonts.gstatic.com/s/bitcountgriddouble/v3/WBL6rFjbakJVFOargiWSKQysDITG_S0VtHc__qJY3QPQ.woff2'},display,webfonts#webfont,https://fonts.gstatic.com/s/bitcountgriddouble/v3/WBK7rFjbakJVFOargiWSKQysDITG_S0VtG0x3HD2FYHVdlZI-rLlahmEAPp8wjYMvkPq48MVQo5RQf2svjnxa5Anx8-Y-pHdkVb0ByRHaxzbXaLbA9wfZDxkSZAdig.woff2,"[{'tag': 'CRSV', 'start': 0, 'end': 1}, {'tag': 'ELSH', 'start': 0, 'end': 100}, {'tag': 'ELXP', 'start': 0, 'end': 100}, {'tag': 'slnt', 'start': -8, 'end': 0}, {'tag': 'wght', 'start': 100, 'end': 900}]",,1133,2025,recent_12m,False,True,9,"{'CRSV', 'ELSH', 'wght', 'ELXP', 'slnt'}",5,False,True,False,2,False,False,False
Kenia,['regular'],['latin'],v30,2025-09-11,{'regular': 'https://fonts.gstatic.com/s/kenia/v30/jizURE5PuHQH9qCLNUGswfGM.woff2'},display,webfonts#webfont,https://fonts.gstatic.com/s/kenia/v30/jizURE5PuHQH9pCPP0A.woff2,,,1134,2025,recent_12m,False,False,1,set(),0,False,False,False,1,False,False,False
Emilys Candy,['regular'],"['latin', 'latin-ext']",v21,2025-09-10,{'regular': 'https://fonts.gstatic.com/s/emilyscandy/v21/2EbgL-1mD1Rnb0OGKudbk0y5qtxrX84JjA.woff2'},display,webfonts#webfont,https://fonts.gstatic.com/s/emilyscandy/v21/2EbgL-1mD1Rnb0OGKudbk0yJrtZq.woff2,,,1135,2025,recent_12m,False,False,1,set(),0,False,False,False,2,False,False,False
Playwrite US Trad,['regular'],['latin'],v11,2025-09-05,{'regular': 'https://fonts.gstatic.com/s/playwriteustrad/v11/fdNk9tyHsnVPjW9trmV7wQ0stdwRBZ0rKDBFUEXz.woff2'},handwriting,webfonts#webfont,https://fonts.gstatic.com/s/playwriteustrad/v11/fdNX9tyHsnVPjW9trmV7wQ0stdwRBYclCsCdzOb1-cd1E8tQjqie.woff2,"[{'tag': 'wght', 'start': 100, 'end': 400}]",,1136,2025,recent_12m,False,True,4,{'wght'},1,False,False,False,1,False,False,False
Gasoek One,['regular'],"['korean', 'latin', 'latin-ext']",v4,2026-03-03,{'regular': 'https://fonts.gstatic.com/s/gasoekone/v4/EJRTQgQ_UMUKvDgnlX80zr-_cyb-vco.woff2'},sans-serif,webfonts#webfont,https://fonts.gstatic.com/s/gasoekone/v4/EJRTQgQ_UMUKvDgnlX80_ru1cg.woff2,,,1137,2026,recent_12m,False,False,1,set(),0,False,False,False,3,True,False,False
Freckle Face,['regular'],"['latin', 'latin-ext']",v16,2025-09-16,{'regular': 'https://fonts.gstatic.com/s/freckleface/v16/AMOWz4SXrmKHCvXTohxY-YI0VlK2w9lb4g.woff2'},display,webfonts#webfont,https://fonts.gstatic.com/s/freckleface/v16/AMOWz4SXrmKHCvXTohxY-YIEUli3.woff2,,,1138,2025,recent_12m,False,False,1,set(),0,False,False,False,2,False,False,False
Imbue,['regular'],"['latin', 'latin-ext', 'vietnamese']",v29,2025-09-02,{'regular': 'https://fonts.gstatic.com/s/imbue/v29/RLpxK5P16Ki3fWJtxzUobkvv.woff2'},serif,webfonts#webfont,https://fonts.gstatic.com/s/imbue/v29/RLpXK5P16Ki3fXhj5cvGrqjocPk4n-gVX3M93TnrnvhoP8iXTOoHNQ.woff2,"[{'tag': 'opsz', 'start': 10, 'end': 100}, {'tag': 'wght', 'start': 100, 'end': 900}]",,1139,2025,recent_12m,False,True,9,"{'opsz', 'wght'}",2,False,False,True,3,False,False,False
Faculty Glyphic,['regular'],"['latin', 'latin-ext']",v4,2025-05-30,{'regular': 'https://fonts.gstatic.com/s/facultyglyphic/v4/RrQIbot2-iBvI2mYSyKIrcgoBuQIHueFNVmULg.woff2'},sans-serif,webfonts#webfont,https://fonts.gstatic.com/s/facultyglyphic/v4/RrQIbot2-iBvI2mYSyKIrcgoBuQ4Gu2E.woff2,,,1140,2025,older,False,False,1,set(),0,False,False,False,2,False,False,False
Liter,['regular'],"['cyrillic', 'latin', 'latin-ext']",v4,2025-06-25,{'regular': 'https://fonts.gstatic.com/s/liter/v4/SLXGc1nX4GQ4d2IjRJqExst1.woff2'},sans-serif,webfonts#webfont,https://fonts.gstatic.com/s/liter/v4/SLXGc1nX4GQ4d1InTps.woff2,,,1141,2025,older,False,False,1,set(),0,False,False,False,3,False,False,False
Cascadia Code,"['regular', 'italic']","['arabic', 'braille', 'cyrillic', 'cyrillic-ext', 'greek', 'hebrew', 'latin', 'latin-ext', 'symbols2', 'vietnamese']",v5,2025-09-16,"{'regular': 'https://fonts.gstatic.com/s/cascadiacode/v5/qWcsB6-zq5zxD57cT5s916v3WDnRtjkho4M.woff2', 'italic': 'https://fonts.gstatic.com/s/cascadiacode/v5/qWcyB6-zq5zxD57cT5s916v3aD7btxsks4MRXw.woff2'}",sans-serif,webfonts#webfont,https://fonts.gstatic.com/s/cascadiacode/v5/qWc_B6-zq5zxD57cT5s916v3QjfzRuG9AIUcXuUMOZDOZds.woff2,"[{'tag': 'wght', 'start': 200, 'end': 700}]",,1142,2025,recent_12m,True,True,6,{'wght'},1,False,False,False,10,False,False,False
Benne,['regular'],"['kannada', 'latin', 'latin-ext']",v24,2025-09-11,{'regular': 'https://fonts.gstatic.com/s/benne/v24/L0xzDFAhn18E6Vj0lt6qTDBN.woff2'},serif,webfonts#webfont,https://fonts.gstatic.com/s/benne/v24/L0xzDFAhn18E6WjwnN8.woff2,,,1143,2025,recent_12m,False,False,1,set(),0,False,False,False,3,False,False,False
Duru Sans,['regular'],"['latin', 'latin-ext']",v21,2025-09-10,{'regular': 'https://fonts.gstatic.com/s/durusans/v21/xn7iYH8xwmSyTvEV_HOxSvfYdN-WZw.woff2'},sans-serif,webfonts#webfont,https://fonts.gstatic.com/s/durusans/v21/xn7iYH8xwmSyTvEV_HOBTv3Z.woff2,,,1144,2025,recent_12m,False,False,1,set(),0,False,False,False,2,False,False,False
IM Fell Great Primer SC,['regular'],['latin'],v21,2025-05-30,{'regular': 'https://fonts.gstatic.com/s/imfellgreatprimersc/v21/ga6daxBOxyt6sCqz3fjZCTFCTUDMHagsQKdDTLf4BXz0s8FG.woff2'},serif,webfonts#webfont,https://fonts.gstatic.com/s/imfellgreatprimersc/v21/ga6daxBOxyt6sCqz3fjZCTFCTUDMHagsQKdDTIf8D30.woff2,,,1145,2025,older,False,False,1,set(),0,False,False,False,1,False,False,False
Fenix,['regular'],"['latin', 'latin-ext']",v21,2025-09-16,{'regular': 'https://fonts.gstatic.com/s/fenix/v21/XoHo2YL_S7-g5osoKzAFvs8o.woff2'},serif,webfonts#webfont,https://fonts.gstatic.com/s/fenix/v21/XoHo2YL_S7-g5rssITE.woff2,,,1146,2025,recent_12m,False,False,1,set(),0,False,False,False,2,False,False,False
Stalemate,['regular'],"['latin', 'latin-ext']",v24,2025-09-10,{'regular': 'https://fonts.gstatic.com/s/stalemate/v24/taiIGmZ_EJq97-UfkZRpv6Ss8ZQpaQ.woff2'},handwriting,webfonts#webfont,https://fonts.gstatic.com/s/stalemate/v24/taiIGmZ_EJq97-UfkZRZu66t.woff2,,,1147,2025,recent_12m,False,False,1,set(),0,False,False,False,2,False,False,False
IM Fell French Canon SC,['regular'],['latin'],v23,2025-09-10,{'regular': 'https://fonts.gstatic.com/s/imfellfrenchcanonsc/v23/FBVmdCru5-ifcor2bgq9V89khWcmQghEURY7H3cxUBCVIVqH.woff2'},serif,webfonts#webfont,https://fonts.gstatic.com/s/imfellfrenchcanonsc/v23/FBVmdCru5-ifcor2bgq9V89khWcmQghEURY7H0c1WhE.woff2,,,1148,2025,recent_12m,False,False,1,set(),0,False,False,False,1,False,False,False
Caesar Dressing,['regular'],['latin'],v22,2025-09-10,{'regular': 'https://fonts.gstatic.com/s/caesardressing/v22/yYLx0hLa3vawqtwdswbotmK4vrR3dLb6LZttyg.woff2'},display,webfonts#webfont,https://fonts.gstatic.com/s/caesardressing/v22/yYLx0hLa3vawqtwdswbotmK4vrRHcLz7.woff2,,,1149,2025,recent_12m,False,False,1,set(),0,False,False,False,1,False,False,False
Kdam Thmor Pro,['regular'],"['khmer', 'latin', 'latin-ext']",v7,2025-09-02,{'regular': 'https://fonts.gstatic.com/s/kdamthmorpro/v7/EJRPQgAzVdcI-Qdvt34jzurnGA76j89I8ZWb.woff2'},sans-serif,webfonts#webfont,https://fonts.gstatic.com/s/kdamthmorpro/v7/EJRPQgAzVdcI-Qdvt34jzurnGD7-hc4.woff2,,,1150,2025,recent_12m,False,False,1,set(),0,False,False,False,3,False,False,False
Margarine,['regular'],"['latin', 'latin-ext']",v27,2025-09-16,{'regular': 'https://fonts.gstatic.com/s/margarine/v27/qkBXXvoE6trLT9Y7YLye4ZRLkAXbMQ.woff2'},display,webfonts#webfont,https://fonts.gstatic.com/s/margarine/v27/qkBXXvoE6trLT9Y7YLyu5Z5K.woff2,,,1151,2025,recent_12m,False,False,1,set(),0,False,False,False,2,False,False,False
Astloch,"['regular', '700']",['latin'],v27,2025-09-16,"{'regular': 'https://fonts.gstatic.com/s/astloch/v27/TuGRUVJ8QI5GSeUjq9kRzMtkH1Q.woff2', '700': 'https://fonts.gstatic.com/s/astloch/v27/TuGUUVJ8QI5GSeUjk2A-6MZPA10xLMQ.woff2'}",display,webfonts#webfont,https://fonts.gstatic.com/s/astloch/v27/TuGRUVJ8QI5GSeUjm90bzQ.woff2,,,1152,2025,recent_12m,False,False,2,set(),0,False,False,False,1,False,False,False
East Sea Dokdo,['regular'],"['korean', 'latin']",v26,2025-09-16,{'regular': 'https://fonts.gstatic.com/s/eastseadokdo/v26/xfuo0Wn2V2_KanASqXSZp22m05_fGavYS18y.woff2'},handwriting,webfonts#webfont,https://fonts.gstatic.com/s/eastseadokdo/v26/xfuo0Wn2V2_KanASqXSZp22m06_bE6o.woff2,,,1153,2025,recent_12m,False,False,1,set(),0,False,False,False,2,True,False,False
Harmattan,"['regular', '500', '600', '700']","['arabic', 'latin', 'latin-ext']",v24,2025-09-16,"{'regular': 'https://fonts.gstatic.com/s/harmattan/v24/goksH6L2DkFvVvRp9XpTTkCjkP1Yog.woff2', '500': 'https://fonts.gstatic.com/s/harmattan/v24/gokpH6L2DkFvVvRp9Xprv2mHndZEq6TTFw.woff2', '600': 'https://fonts.gstatic.com/s/harmattan/v24/gokpH6L2DkFvVvRp9Xprk26HndZEq6TTFw.woff2', '700': 'https://fonts.gstatic.com/s/harmattan/v24/gokpH6L2DkFvVvRp9Xpr92-HndZEq6TTFw.woff2'}",sans-serif,webfonts#webfont,https://fonts.gstatic.com/s/harmattan/v24/goksH6L2DkFvVvRp9XpjSkqi.woff2,,,1154,2025,recent_12m,False,False,4,set(),0,False,False,False,3,False,False,False
Devonshire,['regular'],"['latin', 'latin-ext']",v29,2025-09-10,{'regular': 'https://fonts.gstatic.com/s/devonshire/v29/46kqlbDwWirWr4gtBD2BX0Bq01lYAZM.woff2'},handwriting,webfonts#webfont,https://fonts.gstatic.com/s/devonshire/v29/46kqlbDwWirWr4gtBD2Bb0Rg0g.woff2,,,1155,2025,recent_12m,False,False,1,set(),0,False,False,False,2,False,False,False
BJCree,"['regular', '500', '600', '700']","['canadian-aboriginal', 'latin']",v3,2026-04-20,"{'regular': 'https://fonts.gstatic.com/s/bjcree/v3/QldPNTVAjTwa8_Q6OTOVQXhGxw.woff2', '500': 'https://fonts.gstatic.com/s/bjcree/v3/QldMNTVAjTwa8_QCyBqxTFNazqx2xg.woff2', '600': 'https://fonts.gstatic.com/s/bjcree/v3/QldMNTVAjTwa8_QC5B2xTFNazqx2xg.woff2', '700': 'https://fonts.gstatic.com/s/bjcree/v3/QldMNTVAjTwa8_QCgByxTFNazqx2xg.woff2'}",serif,webfonts#webfont,https://fonts.gstatic.com/s/bjcree/v3/QldPNTVAjTwa8_QKPTmU.woff2,,,1156,2026,recent_12m,False,False,4,set(),0,False,False,False,2,False,False,False
Flamenco,"['300', 'regular']",['latin'],v19,2025-09-11,"{'300': 'https://fonts.gstatic.com/s/flamenco/v19/neIPzCehqYguo67ssZ0qNIk3epH9qGsf.woff2', 'regular': 'https://fonts.gstatic.com/s/flamenco/v19/neIIzCehqYguo67ssaWDHK06UY30.woff2'}",display,webfonts#webfont,https://fonts.gstatic.com/s/flamenco/v19/neIIzCehqYguo67ssZWHFqw.woff2,,,1157,2025,recent_12m,False,False,2,set(),0,False,False,False,1,False,False,False
Miniver,['regular'],['latin'],v27,2025-09-16,{'regular': 'https://fonts.gstatic.com/s/miniver/v27/eLGcP-PxIg-5H0vC77gCy8r8fWA.woff2'},display,webfonts#webfont,https://fonts.gstatic.com/s/miniver/v27/eLGcP-PxIg-5H0vC37wIyg.woff2,,,1158,2025,recent_12m,False,False,1,set(),0,False,False,False,1,False,False,False
Mynerve,['regular'],"['greek', 'latin', 'latin-ext', 'vietnamese']",v8,2025-09-05,{'regular': 'https://fonts.gstatic.com/s/mynerve/v8/P5sCzZKPdNjb4jt7xCFuiZ-uydg.woff2'},handwriting,webfonts#webfont,https://fonts.gstatic.com/s/mynerve/v8/P5sCzZKPdNjb4jt79CVkiA.woff2,,,1159,2025,recent_12m,False,False,1,set(),0,False,False,False,4,False,False,False
Stack Sans Text,['regular'],"['latin', 'latin-ext']",v1,2025-11-04,{'regular': 'https://fonts.gstatic.com/s/stacksanstext/v1/kJErBuAJ-Q0hiGPmzHEu345X1JJXCLa5BY95mQ.woff2'},sans-serif,webfonts#webfont,https://fonts.gstatic.com/s/stacksanstext/v1/kJEkBuAJ-Q0hiGPmzHEu345X1JJNBpRJ3RPan47MNg-KFOx4Gw.woff2,"[{'tag': 'wght', 'start': 200, 'end': 700}]",,1160,2025,recent_12m,False,True,6,{'wght'},1,False,False,False,2,False,False,False
Grenze,"['regular', 'italic']","['latin', 'latin-ext', 'vietnamese']",v18,2026-04-02,"{'regular': 'https://fonts.gstatic.com/s/grenze/v18/O4ZTFGb7hR12Bxq3-mgnmgwKlg.woff2', 'italic': 'https://fonts.gstatic.com/s/grenze/v18/O4ZRFGb7hR12BxqH_WImuAkalnmd.woff2'}",serif,webfonts#webfont,https://fonts.gstatic.com/s/grenze/v18/O4ZOFGb7hR12Bxqt9ErXQpCpkHScyovU6HHiCQ.woff2,"[{'tag': 'wght', 'start': 100, 'end': 900}]",,1161,2026,recent_12m,True,True,9,{'wght'},1,False,False,False,3,False,False,False
Miltonian Tattoo,['regular'],['latin'],v34,2025-09-10,{'regular': 'https://fonts.gstatic.com/s/miltoniantattoo/v34/EvOUzBRL0o0kCxF-lcMCQxlpVsA_Fwb8MDBku-s.woff2'},display,webfonts#webfont,https://fonts.gstatic.com/s/miltoniantattoo/v34/EvOUzBRL0o0kCxF-lcMCQxlpVsA_JwL2MQ.woff2,,,1162,2025,recent_12m,False,False,1,set(),0,False,False,False,1,False,False,False
Akronim,['regular'],"['latin', 'latin-ext']",v23,2025-05-30,{'regular': 'https://fonts.gstatic.com/s/akronim/v23/fdN-9sqWtWZZlHRp-gVxkFYN-a8.woff2'},display,webfonts#webfont,https://fonts.gstatic.com/s/akronim/v23/fdN-9sqWtWZZlHRpygF7kQ.woff2,,,1163,2025,older,False,False,1,set(),0,False,False,False,2,False,False,False
Akaya Kanadaka,['regular'],"['kannada', 'latin', 'latin-ext']",v18,2025-09-16,{'regular': 'https://fonts.gstatic.com/s/akayakanadaka/v18/N0bM2S5CPO5oOQqvazoRRb-8-PfUS5VBBSSF.woff2'},display,webfonts#webfont,https://fonts.gstatic.com/s/akayakanadaka/v18/N0bM2S5CPO5oOQqvazoRRb-8-MfQQZQ.woff2,,,1164,2025,recent_12m,False,False,1,set(),0,False,False,False,3,False,False,False
Phudu,['regular'],"['cyrillic-ext', 'latin', 'latin-ext', 'vietnamese']",v6,2025-09-08,{'regular': 'https://fonts.gstatic.com/s/phudu/v6/0FlaVPSHk0ya-6maWh8MZB8g.woff2'},display,webfonts#webfont,https://fonts.gstatic.com/s/phudu/v6/0FlJVPSHk0ya-7OUeO_U-Lwm7PkKtWzkSg-v.woff2,"[{'tag': 'wght', 'start': 300, 'end': 900}]",,1165,2025,recent_12m,False,True,7,{'wght'},1,False,False,False,4,False,False,False
Jolly Lodger,['regular'],"['latin', 'latin-ext']",v21,2025-09-10,{'regular': 'https://fonts.gstatic.com/s/jollylodger/v21/BXRsvFTAh_bGkA1uQ48dlB3VXOrT3ZyuqA.woff2'},display,webfonts#webfont,https://fonts.gstatic.com/s/jollylodger/v21/BXRsvFTAh_bGkA1uQ48dlB3lWODS.woff2,,,1166,2025,recent_12m,False,False,1,set(),0,False,False,False,2,False,False,False
Kulim Park,"['200', '200italic', '300', '300italic', 'regular', 'italic', '600', '600italic', '700', '700italic']","['latin', 'latin-ext']",v15,2025-09-11,"{'200': 'https://fonts.gstatic.com/s/kulimpark/v15/fdN49secq3hflz1Uu3IwjJYNwataZbUvGjU.woff2', '200italic': 'https://fonts.gstatic.com/s/kulimpark/v15/fdNm9secq3hflz1Uu3IwhFwUKa9QZJcqCjVVUA.woff2', '300': 'https://fonts.gstatic.com/s/kulimpark/v15/fdN49secq3hflz1Uu3IwjPIOwataZbUvGjU.woff2', '300italic': 'https://fonts.gstatic.com/s/kulimpark/v15/fdNm9secq3hflz1Uu3IwhFwUTaxQZJcqCjVVUA.woff2', 'regular': 'https://fonts.gstatic.com/s/kulimpark/v15/fdN79secq3hflz1Uu3IwtFsm5aZxebw.woff2', 'italic': 'https://fonts.gstatic.com/s/kulimpark/v15/fdN59secq3hflz1Uu3IwhFws5IR0abw2Aw.woff2', '600': 'https://fonts.gstatic.com/s/kulimpark/v15/fdN49secq3hflz1Uu3IwjIYIwataZbUvGjU.woff2', '600italic': 'https://fonts.gstatic.com/s/kulimpark/v15/fdNm9secq3hflz1Uu3IwhFwUOapQZJcqCjVVUA.woff2', '700': 'https://fonts.gstatic.com/s/kulimpark/v15/fdN49secq3hflz1Uu3IwjOIJwataZbUvGjU.woff2', '700italic': 'https://fonts.gstatic.com/s/kulimpark/v15/fdNm9secq3hflz1Uu3IwhFwUXatQZJcqCjVVUA.woff2'}",sans-serif,webfonts#webfont,https://fonts.gstatic.com/s/kulimpark/v15/fdN79secq3hflz1Uu3IwhF8s5A.woff2,,,1167,2025,recent_12m,True,False,5,set(),0,False,False,False,2,False,False,False
Mozilla Text,['regular'],"['latin', 'latin-ext']",v1,2025-07-30,{'regular': 'https://fonts.gstatic.com/s/mozillatext/v1/SZc-3FrnJ7S7WZIff2mJ7Tbz7RlLiCcUGA.woff2'},sans-serif,webfonts#webfont,https://fonts.gstatic.com/s/mozillatext/v1/SZcr3FrnJ7S7WZIff2mJ7Tbp4zu7ULu3HkPOB4UcDNFbVA.woff2,"[{'tag': 'wght', 'start': 200, 'end': 700}]",,1168,2025,recent_12m,False,True,6,{'wght'},1,False,False,False,2,False,False,False
Spicy Rice,['regular'],"['latin', 'latin-ext']",v28,2025-09-10,{'regular': 'https://fonts.gstatic.com/s/spicyrice/v28/uK_24rSEd-Uqwk4jY1RyGvq2WkowRcc.woff2'},display,webfonts#webfont,https://fonts.gstatic.com/s/spicyrice/v28/uK_24rSEd-Uqwk4jY1RyKv68Ww.woff2,,,1169,2025,recent_12m,False,False,1,set(),0,False,False,False,2,False,False,False
Sevillana,['regular'],"['latin', 'latin-ext']",v25,2025-09-16,{'regular': 'https://fonts.gstatic.com/s/sevillana/v25/KFOlCnWFscmDt1Bfiy1vBh05IsDqlA.woff2'},display,webfonts#webfont,https://fonts.gstatic.com/s/sevillana/v25/KFOlCnWFscmDt1Bfiy1fAhc4.woff2,,,1170,2025,recent_12m,False,False,1,set(),0,False,False,False,2,False,False,False
Tiro Devanagari Sanskrit,"['regular', 'italic']","['devanagari', 'latin', 'latin-ext']",v7,2026-06-29,"{'regular': 'https://fonts.gstatic.com/s/tirodevanagarisanskrit/v7/MCoAzBbr09vVUgVBM8FWu_yZdZkhkg-I0nUlb59pF4EqgtOh0w.woff2', 'italic': 'https://fonts.gstatic.com/s/tirodevanagarisanskrit/v7/MCoGzBbr09vVUgVBM8FWu_yZdZkhkg-I0nUlb59ZEIsroNax06MM.woff2'}",serif,webfonts#webfont,https://fonts.gstatic.com/s/tirodevanagarisanskrit/v7/MCoAzBbr09vVUgVBM8FWu_yZdZkhkg-I0nUlb59ZE4sr.woff2,,,1171,2026,recent_12m,True,False,1,set(),0,False,False,False,3,False,False,False
Kavivanar,['regular'],"['latin', 'latin-ext', 'tamil']",v22,2025-09-08,{'regular': 'https://fonts.gstatic.com/s/kavivanar/v22/o-0IIpQgyXYSwhxP7_Jb5z5Ba_2c7A.woff2'},handwriting,webfonts#webfont,https://fonts.gstatic.com/s/kavivanar/v22/o-0IIpQgyXYSwhxP7_Jr4zRA.woff2,,,1172,2025,recent_12m,False,False,1,set(),0,False,False,False,3,False,False,False
Victor Mono,"['regular', 'italic']","['cyrillic', 'cyrillic-ext', 'greek', 'latin', 'latin-ext', 'vietnamese']",v5,2025-09-05,"{'regular': 'https://fonts.gstatic.com/s/victormono/v5/Yq6Q-LGQWyfv-LGy7lEO08ZfvRQkSKZH.woff2', 'italic': 'https://fonts.gstatic.com/s/victormono/v5/Yq6S-LGQWyfv-LGy7lEO0_ZYtxUGTbZH89E.woff2'}",monospace,webfonts#webfont,https://fonts.gstatic.com/s/victormono/v5/Yq6H-LGQWyfv-LGy7lEO09xRn-T81AVB_tCyO879hdaP.woff2,"[{'tag': 'wght', 'start': 100, 'end': 700}]",,1173,2025,recent_12m,True,True,7,{'wght'},1,False,False,False,6,False,False,False
Stylish,['regular'],['korean'],v25,2025-06-25,{'regular': 'https://fonts.gstatic.com/s/stylish/v25/m8JSjfhPYriQkk7-foj5dLxEdmo.woff2'},sans-serif,webfonts#webfont,https://fonts.gstatic.com/s/stylish/v25/m8JSjfhPYriQkk7-TozzdQ.woff2,,,1174,2025,older,False,False,1,set(),0,False,False,False,1,True,False,False
Jaro,['regular'],"['latin', 'latin-ext', 'vietnamese']",v8,2025-09-16,{'regular': 'https://fonts.gstatic.com/s/jaro/v8/ea8WadQwV_r_XPPcEdiM628.woff2'},sans-serif,webfonts#webfont,https://fonts.gstatic.com/s/jaro/v8/ea8DadQwV_r_Rv3-7zZMCGhQgVr1SmCtPvw.woff2,"[{'tag': 'opsz', 'start': 6, 'end': 72}]",,1175,2025,recent_12m,False,True,1,{'opsz'},1,False,False,True,3,False,False,False
Genos,"['regular', 'italic']","['cherokee', 'latin', 'latin-ext', 'vietnamese']",v17,2026-06-29,"{'regular': 'https://fonts.gstatic.com/s/genos/v17/SlGemQqPqpUOYSwtSzYsgWxz.woff2', 'italic': 'https://fonts.gstatic.com/s/genos/v17/SlGQmQqPqpUOYRwqQTcOhHxzcD0.woff2'}",sans-serif,webfonts#webfont,https://fonts.gstatic.com/s/genos/v17/SlGNmQqPqpUOYTYjacb0Hc91fTwVqkjYrEi7.woff2,"[{'tag': 'wght', 'start': 100, 'end': 900}]",,1176,2026,recent_12m,True,True,9,{'wght'},1,False,False,False,4,False,False,False
Gafata,['regular'],"['latin', 'latin-ext']",v22,2025-09-11,{'regular': 'https://fonts.gstatic.com/s/gafata/v22/XRXV3I6Cn0VJKon4N-yAbsrVcA.woff2'},sans-serif,webfonts#webfont,https://fonts.gstatic.com/s/gafata/v22/XRXV3I6Cn0VJKonIM-aB.woff2,,,1177,2025,recent_12m,False,False,1,set(),0,False,False,False,2,False,False,False
Ceviche One,['regular'],"['latin', 'latin-ext']",v17,2025-09-08,{'regular': 'https://fonts.gstatic.com/s/cevicheone/v17/gyB4hws1IcA6JzR-GB_JX6zYZ4vZVbgZ.woff2'},display,webfonts#webfont,https://fonts.gstatic.com/s/cevicheone/v17/gyB4hws1IcA6JzR-GB_JX5zcbYo.woff2,,,1178,2025,recent_12m,False,False,1,set(),0,False,False,False,2,False,False,False
Belgrano,['regular'],['latin'],v19,2025-09-05,{'regular': 'https://fonts.gstatic.com/s/belgrano/v19/55xvey5tM9rwKWrJZcMAirl08KDJ.woff2'},serif,webfonts#webfont,https://fonts.gstatic.com/s/belgrano/v19/55xvey5tM9rwKWrJZfMEgLg.woff2,,,1179,2025,recent_12m,False,False,1,set(),0,False,False,False,1,False,False,False
Rationale,['regular'],['latin'],v30,2025-09-11,{'regular': 'https://fonts.gstatic.com/s/rationale/v30/9XUnlJ92n0_JFxHIfHcsc1FMzLC2Zw.woff2'},sans-serif,webfonts#webfont,https://fonts.gstatic.com/s/rationale/v30/9XUnlJ92n0_JFxHIfHccd1tN.woff2,,,1180,2025,recent_12m,False,False,1,set(),0,False,False,False,1,False,False,False
Khmer,['regular'],['khmer'],v38,2025-09-17,{'regular': 'https://fonts.gstatic.com/s/khmer/v38/MjQImit_vPPwpF-EpN2EeYmD.woff2'},sans-serif,webfonts#webfont,https://fonts.gstatic.com/s/khmer/v38/MjQImit_vPPwpG-Artw.woff2,,,1181,2025,recent_12m,False,False,1,set(),0,False,False,False,1,False,False,False
Smooch,['regular'],"['latin', 'latin-ext', 'vietnamese']",v9,2025-09-16,{'regular': 'https://fonts.gstatic.com/s/smooch/v9/o-0LIps4xW8U1xUBi6p_6hVdYg.woff2'},handwriting,webfonts#webfont,https://fonts.gstatic.com/s/smooch/v9/o-0LIps4xW8U1xUxj6B-.woff2,,,1182,2025,recent_12m,False,False,1,set(),0,False,False,False,3,False,False,False
Londrina Outline,['regular'],['latin'],v29,2025-09-08,{'regular': 'https://fonts.gstatic.com/s/londrinaoutline/v29/C8c44dM8vmb14dfsZxhetg3pDH-Sfu8xrSKMDvI.woff2'},display,webfonts#webfont,https://fonts.gstatic.com/s/londrinaoutline/v29/C8c44dM8vmb14dfsZxhetg3pDH-STus7rA.woff2,,,1183,2025,recent_12m,False,False,1,set(),0,False,False,False,1,False,False,False
Fuggles,['regular'],"['latin', 'latin-ext', 'vietnamese']",v14,2025-09-16,{'regular': 'https://fonts.gstatic.com/s/fuggles/v14/k3kQo8UEJOlD1hpOTdviL0nAMaM.woff2'},handwriting,webfonts#webfont,https://fonts.gstatic.com/s/fuggles/v14/k3kQo8UEJOlD1hpOfd_oLg.woff2,,,1184,2025,recent_12m,False,False,1,set(),0,False,False,False,3,False,False,False
Pliant,"['regular', 'italic']","['cyrillic', 'cyrillic-ext', 'greek', 'greek-ext', 'latin', 'latin-ext']",v1,2026-06-08,"{'regular': 'https://fonts.gstatic.com/s/pliant/v1/R70bjyYdl_WLNKbgMVG8kCuMVg.woff2', 'italic': 'https://fonts.gstatic.com/s/pliant/v1/R70ZjyYdl_WLNKbQNlu9si6cViv4.woff2'}",sans-serif,webfonts#webfont,https://fonts.gstatic.com/s/pliant/v1/R70xjyYdl_WLNKb6P3NQcLsvUCb5T137p26TBozFA2e_cZudopNxVXs.woff2,"[{'tag': 'wdth', 'start': 100, 'end': 125}, {'tag': 'wght', 'start': 100, 'end': 900}]",,1185,2026,recent_12m,True,True,9,"{'wdth', 'wght'}",2,True,False,False,6,False,False,False
Averia Gruesa Libre,['regular'],"['latin', 'latin-ext']",v22,2025-05-30,{'regular': 'https://fonts.gstatic.com/s/averiagruesalibre/v22/NGSov4nEGEktOaDRKsY-1dhh8eEtIx3ZUmyJw0SLRA8.woff2'},display,webfonts#webfont,https://fonts.gstatic.com/s/averiagruesalibre/v22/NGSov4nEGEktOaDRKsY-1dhh8eEtIx3ZYmiDwg.woff2,,,1186,2025,older,False,False,1,set(),0,False,False,False,2,False,False,False
Notable,['regular'],['latin'],v20,2025-09-02,{'regular': 'https://fonts.gstatic.com/s/notable/v20/gNMEW3N_SIqx-WX9-HYoFIez5MI.woff2'},sans-serif,webfonts#webfont,https://fonts.gstatic.com/s/notable/v20/gNMEW3N_SIqx-WX9yHIiFQ.woff2,,,1187,2025,recent_12m,False,False,1,set(),0,False,False,False,1,False,False,False
Buda,['300'],['latin'],v31,2025-09-08,{'300': 'https://fonts.gstatic.com/s/buda/v31/GFDqWAN8mnyIJSSrG7ABr7pZKA0.woff2'},display,webfonts#webfont,https://fonts.gstatic.com/s/buda/v31/GFDqWAN8mnyIJSSrK7QLrg.woff2,,,1188,2025,recent_12m,False,False,1,set(),0,False,False,False,1,False,False,False
Headland One,['regular'],"['latin', 'latin-ext']",v17,2025-09-16,{'regular': 'https://fonts.gstatic.com/s/headlandone/v17/yYLu0hHR2vKnp89Tk1TCq3Tx1flTeZ3mJA.woff2'},serif,webfonts#webfont,https://fonts.gstatic.com/s/headlandone/v17/yYLu0hHR2vKnp89Tk1TCq3TB0fNS.woff2,,,1189,2025,recent_12m,False,False,1,set(),0,False,False,False,2,False,False,False
Edu VIC WA NT Hand,['regular'],"['latin', 'latin-ext']",v3,2025-09-08,{'regular': 'https://fonts.gstatic.com/s/eduvicwanthand/v3/UcC73EsnIXnOaZKmY1Ry0wZjP9YVRBcq15j6eUcpng.woff2'},handwriting,webfonts#webfont,https://fonts.gstatic.com/s/eduvicwanthand/v3/UcCO3EsnIXnOaZKmY1Ry0wZjP9YVRBcw2boKoduKmMEVuLyfAZlhiA.woff2,"[{'tag': 'wght', 'start': 400, 'end': 700}]",,1190,2025,recent_12m,False,True,4,{'wght'},1,False,False,False,2,False,False,False
Nova Script,['regular'],"['latin', 'latin-ext']",v27,2025-09-02,{'regular': 'https://fonts.gstatic.com/s/novascript/v27/7Au7p_IpkSWSTWaFWkumvmQIEl0O0kEx.woff2'},display,webfonts#webfont,https://fonts.gstatic.com/s/novascript/v27/7Au7p_IpkSWSTWaFWkumvlQMGFw.woff2,,,1191,2025,recent_12m,False,False,1,set(),0,False,False,False,2,False,False,False
Noto Sans Math,['regular'],['latin'],v19,2026-05-05,{'regular': 'https://fonts.gstatic.com/s/notosansmath/v19/7Aump_cpkSecTWaHRlH2hyV5UHkD-V048PW0.woff2'},sans-serif,webfonts#webfont,https://fonts.gstatic.com/s/notosansmath/v19/7Aump_cpkSecTWaHRlH2hyV5UEkH81w.woff2,,,1192,2026,recent_12m,False,False,1,set(),0,False,False,False,1,False,False,False
Borel,['regular'],"['latin', 'latin-ext', 'math', 'symbols', 'vietnamese']",v10,2025-12-10,{'regular': 'https://fonts.gstatic.com/s/borel/v10/6qLOKZsftAPisgskYyMnOjwE.woff2'},handwriting,webfonts#webfont,https://fonts.gstatic.com/s/borel/v10/6qLOKZsftAPisjsgaSI.woff2,,,1193,2025,recent_12m,False,False,1,set(),0,False,False,False,5,False,False,False
Milonga,['regular'],"['latin', 'latin-ext']",v24,2025-09-10,{'regular': 'https://fonts.gstatic.com/s/milonga/v24/SZc53FHnIaK9W5kffzjGkUrS8DI.woff2'},display,webfonts#webfont,https://fonts.gstatic.com/s/milonga/v24/SZc53FHnIaK9W5kfTzzMkA.woff2,,,1194,2025,recent_12m,False,False,1,set(),0,False,False,False,2,False,False,False
Pavanam,['regular'],"['latin', 'latin-ext', 'tamil']",v13,2025-09-11,{'regular': 'https://fonts.gstatic.com/s/pavanam/v13/BXRrvF_aiezLh0xPDO5Q9Wf0QcE.woff2'},sans-serif,webfonts#webfont,https://fonts.gstatic.com/s/pavanam/v13/BXRrvF_aiezLh0xPPOpa9A.woff2,,,1195,2025,recent_12m,False,False,1,set(),0,False,False,False,3,False,False,False
Elms Sans,"['regular', 'italic']","['latin', 'latin-ext', 'vietnamese']",v7,2025-12-10,"{'regular': 'https://fonts.gstatic.com/s/elmssans/v7/q5uFsoS_Lf9xv7Su1FpIBj5YiYVICQ.woff2', 'italic': 'https://fonts.gstatic.com/s/elmssans/v7/q5uDsoS_Lf9xv7Su1Fp4ATRZq4BYCdKi.woff2'}",sans-serif,webfonts#webfont,https://fonts.gstatic.com/s/elmssans/v7/q5uWsoS_Lf9xv7Su1FpSCByoURnrD9-jpp3aFi98PQ.woff2,"[{'tag': 'wght', 'start': 100, 'end': 900}]",,1196,2025,recent_12m,True,True,9,{'wght'},1,False,False,False,3,False,False,False
Vampiro One,['regular'],"['latin', 'latin-ext']",v19,2025-09-05,{'regular': 'https://fonts.gstatic.com/s/vampiroone/v19/gokqH6DoDl5yXvJytFsdLkqisvhIor3K.woff2'},display,webfonts#webfont,https://fonts.gstatic.com/s/vampiroone/v19/gokqH6DoDl5yXvJytFsdLnqmuPk.woff2,,,1197,2025,recent_12m,False,False,1,set(),0,False,False,False,2,False,False,False
Alkalami,['regular'],"['arabic', 'latin', 'latin-ext']",v8,2025-09-16,{'regular': 'https://fonts.gstatic.com/s/alkalami/v8/zOL_4pfDmqRL95WXi5eOw8BMuvhH.woff2'},serif,webfonts#webfont,https://fonts.gstatic.com/s/alkalami/v8/zOL_4pfDmqRL95WXi6eKycE.woff2,,,1198,2025,recent_12m,False,False,1,set(),0,False,False,False,3,False,False,False
Macondo Swash Caps,['regular'],['latin'],v26,2025-09-08,{'regular': 'https://fonts.gstatic.com/s/macondoswashcaps/v26/6NUL8EaAJgGKZA7lpt941Z9s6ZYgDq6Of0oa_mm5bA.woff2'},display,webfonts#webfont,https://fonts.gstatic.com/s/macondoswashcaps/v26/6NUL8EaAJgGKZA7lpt941Z9s6ZYgDq6-e0Ab.woff2,,,1199,2025,recent_12m,False,False,1,set(),0,False,False,False,1,False,False,False
Zilla Slab Highlight,"['regular', '700']","['latin', 'latin-ext']",v21,2025-09-11,"{'regular': 'https://fonts.gstatic.com/s/zillaslabhighlight/v21/gNMbW2BrTpK8-inLtBJgMMfbm6uNVDvRxhtNY2DwSXlM.woff2', '700': 'https://fonts.gstatic.com/s/zillaslabhighlight/v21/gNMUW2BrTpK8-inLtBJgMMfbm6uNVDvRxiP0TET9YmVF0Mb6.woff2'}",serif,webfonts#webfont,https://fonts.gstatic.com/s/zillaslabhighlight/v21/gNMbW2BrTpK8-inLtBJgMMfbm6uNVDvRxitJaWE.woff2,,,1200,2025,recent_12m,False,False,2,set(),0,False,False,False,2,False,False,False
Tiny5,['regular'],"['cyrillic', 'cyrillic-ext', 'greek', 'latin', 'latin-ext']",v3,2025-05-30,{'regular': 'https://fonts.gstatic.com/s/tiny5/v3/KFOpCnmCvdGT7hw7z0hHAi88.woff2'},sans-serif,webfonts#webfont,https://fonts.gstatic.com/s/tiny5/v3/KFOpCnmCvdGT7iw_xUk.woff2,,,1201,2025,older,False,False,1,set(),0,False,False,False,5,False,False,False
Sree Krushnadevaraya,['regular'],"['latin', 'telugu']",v23,2025-09-11,{'regular': 'https://fonts.gstatic.com/s/sreekrushnadevaraya/v23/R70FjzQeifmPepmyQQjQ9kvwMkWYPfTA_EWe2FhQuXir.woff2'},serif,webfonts#webfont,https://fonts.gstatic.com/s/sreekrushnadevaraya/v23/R70FjzQeifmPepmyQQjQ9kvwMkWYPfTA_HWa0lk.woff2,,,1202,2025,recent_12m,False,False,1,set(),0,False,False,False,2,False,False,False
Island Moments,['regular'],"['latin', 'latin-ext', 'vietnamese']",v8,2025-09-11,{'regular': 'https://fonts.gstatic.com/s/islandmoments/v8/NaPBcZfVGvBdxIt7Ar0qzkXJF-TDIohbZ6SY.woff2'},handwriting,webfonts#webfont,https://fonts.gstatic.com/s/islandmoments/v8/NaPBcZfVGvBdxIt7Ar0qzkXJF9THKIk.woff2,,,1203,2025,recent_12m,False,False,1,set(),0,False,False,False,3,False,False,False
Mea Culpa,['regular'],"['latin', 'latin-ext', 'vietnamese']",v8,2025-09-10,{'regular': 'https://fonts.gstatic.com/s/meaculpa/v8/AMOTz4GcuWbEIuza8jsZn80QW3mqyg.woff2'},handwriting,webfonts#webfont,https://fonts.gstatic.com/s/meaculpa/v8/AMOTz4GcuWbEIuza8jspm8cR.woff2,,,1204,2025,recent_12m,False,False,1,set(),0,False,False,False,3,False,False,False
Strait,['regular'],"['latin', 'latin-ext']",v19,2025-09-08,{'regular': 'https://fonts.gstatic.com/s/strait/v19/DtViJxy6WaEr1LZzfThtkl0U7w.woff2'},sans-serif,webfonts#webfont,https://fonts.gstatic.com/s/strait/v19/DtViJxy6WaEr1LZDeTJs.woff2,,,1205,2025,recent_12m,False,False,1,set(),0,False,False,False,2,False,False,False
Englebert,['regular'],"['latin', 'latin-ext']",v24,2025-09-02,{'regular': 'https://fonts.gstatic.com/s/englebert/v24/xn7iYH8w2XGrC8AR4HSxSvfYdN-WZw.woff2'},sans-serif,webfonts#webfont,https://fonts.gstatic.com/s/englebert/v24/xn7iYH8w2XGrC8AR4HSBTv3Z.woff2,,,1206,2025,recent_12m,False,False,1,set(),0,False,False,False,2,False,False,False
Lexend Mega,['regular'],"['latin', 'latin-ext', 'vietnamese']",v27,2025-09-08,{'regular': 'https://fonts.gstatic.com/s/lexendmega/v27/qFdA35aBi5JtHD41zSTFEv7P6BsAikI7.woff2'},sans-serif,webfonts#webfont,https://fonts.gstatic.com/s/lexendmega/v27/qFdX35aBi5JtHD41zSTFEuTByuvYFuE9IbDL8fmfvOaj.woff2,"[{'tag': 'wght', 'start': 100, 'end': 900}]",,1207,2025,recent_12m,False,True,9,{'wght'},1,False,False,False,3,False,False,False
Jomolhari,['regular'],"['latin', 'tibetan']",v21,2025-09-10,{'regular': 'https://fonts.gstatic.com/s/jomolhari/v21/EvONzA1M1Iw_CBd2hsQCElIZKq5INg.woff2'},serif,webfonts#webfont,https://fonts.gstatic.com/s/jomolhari/v21/EvONzA1M1Iw_CBd2hsQyFlgY.woff2,,,1208,2025,recent_12m,False,False,1,set(),0,False,False,False,2,False,False,False
Liu Jian Mao Cao,['regular'],"['chinese-simplified', 'latin']",v24,2025-09-05,{'regular': 'https://fonts.gstatic.com/s/liujianmaocao/v24/845DNN84HJrccNonurqXILGpvCOofe_VKGWsUo8.woff2'},handwriting,webfonts#webfont,https://fonts.gstatic.com/s/liujianmaocao/v24/845DNN84HJrccNonurqXILGpvCOoTevfKQ.woff2,,,1209,2025,recent_12m,False,False,1,set(),0,False,False,False,2,False,False,False
Baskervville SC,['regular'],"['latin', 'latin-ext']",v4,2025-09-08,{'regular': 'https://fonts.gstatic.com/s/baskervvillesc/v4/X7n94bc_DeKlh6bBbk_WiKnBSUvR6lR3tiSx0g.woff2'},serif,webfonts#webfont,https://fonts.gstatic.com/s/baskervvillesc/v4/X7ny4bc_DeKlh6bBbk_WiKnBSUvL5HaHbrgS1MXKHjzibMzuPA.woff2,"[{'tag': 'wght', 'start': 400, 'end': 700}]",,1210,2025,recent_12m,False,True,4,{'wght'},1,False,False,False,2,False,False,False
Beau Rivage,['regular'],"['latin', 'latin-ext', 'vietnamese']",v2,2025-05-30,{'regular': 'https://fonts.gstatic.com/s/beaurivage/v2/UcCi3FIgIG2bH4mMNWJUlmgyNZp8K2sL.woff2'},handwriting,webfonts#webfont,https://fonts.gstatic.com/s/beaurivage/v2/UcCi3FIgIG2bH4mMNWJUllg2P5s.woff2,,,1211,2025,older,False,False,1,set(),0,False,False,False,3,False,False,False
Qahiri,['regular'],"['arabic', 'latin']",v11,2025-09-10,{'regular': 'https://fonts.gstatic.com/s/qahiri/v11/tsssAp1RZy0C_hGuVnChrnmupw.woff2'},sans-serif,webfonts#webfont,https://fonts.gstatic.com/s/qahiri/v11/tsssAp1RZy0C_hGeUnqg.woff2,,,1212,2025,recent_12m,False,False,1,set(),0,False,False,False,2,False,False,False
Dangrek,['regular'],"['khmer', 'latin']",v33,2025-09-11,{'regular': 'https://fonts.gstatic.com/s/dangrek/v33/LYjCdG30nEgoH8E2gCZqqVIuTN4.woff2'},display,webfonts#webfont,https://fonts.gstatic.com/s/dangrek/v33/LYjCdG30nEgoH8E2sCJgqA.woff2,,,1213,2025,recent_12m,False,False,1,set(),0,False,False,False,2,False,False,False
Timmana,['regular'],"['latin', 'telugu']",v14,2025-09-16,{'regular': 'https://fonts.gstatic.com/s/timmana/v14/6xKvdShfL9yK-rvpCm7bKHwJUOM.woff2'},sans-serif,webfonts#webfont,https://fonts.gstatic.com/s/timmana/v14/6xKvdShfL9yK-rvpOmrRKQ.woff2,,,1214,2025,recent_12m,False,False,1,set(),0,False,False,False,2,False,False,False
BhuTuka Expanded One,['regular'],"['gurmukhi', 'latin', 'latin-ext']",v9,2025-09-08,{'regular': 'https://fonts.gstatic.com/s/bhutukaexpandedone/v9/SLXXc0jZ4WUJcClHTtv0t7IaDRsBsWRiJCyS8pg_RVH1.woff2'},serif,webfonts#webfont,https://fonts.gstatic.com/s/bhutukaexpandedone/v9/SLXXc0jZ4WUJcClHTtv0t7IaDRsBsWRiJByW-Jk.woff2,,,1215,2025,recent_12m,False,False,1,set(),0,False,False,False,3,False,False,False
Stack Sans Headline,['regular'],"['latin', 'latin-ext']",v1,2025-11-04,{'regular': 'https://fonts.gstatic.com/s/stacksansheadline/v1/1Ptyg9jZXvmMnkLnuURbaukKZJTyrDV3waWlGrw-PTY.woff2'},sans-serif,webfonts#webfont,https://fonts.gstatic.com/s/stacksansheadline/v1/1PtFg9jZXvmMnkLnuURbaukKZJTyrDV326uH6mSinjBIwc5tIjFGoAQ.woff2,"[{'tag': 'wght', 'start': 200, 'end': 700}]",,1216,2025,recent_12m,False,True,6,{'wght'},1,False,False,False,2,False,False,False
Ballet,['regular'],"['latin', 'latin-ext', 'vietnamese']",v30,2025-09-11,{'regular': 'https://fonts.gstatic.com/s/ballet/v30/QGYvz_MYZA-HM4N5tkFrc4H0ng.woff2'},handwriting,webfonts#webfont,https://fonts.gstatic.com/s/ballet/v30/QGYyz_MYZA-HM4NjuGOVnUEXme1I4Xi3O4C0Ew.woff2,"[{'tag': 'opsz', 'start': 16, 'end': 72}]",,1217,2025,recent_12m,False,True,1,{'opsz'},1,False,False,True,3,False,False,False
Water Brush,['regular'],"['latin', 'latin-ext', 'vietnamese']",v6,2025-09-11,{'regular': 'https://fonts.gstatic.com/s/waterbrush/v6/AYCPpXPqc8cJWLhp4hywKHJv7PKP5Z_G.woff2'},handwriting,webfonts#webfont,https://fonts.gstatic.com/s/waterbrush/v6/AYCPpXPqc8cJWLhp4hywKEJr5vM.woff2,,,1218,2025,recent_12m,False,False,1,set(),0,False,False,False,3,False,False,False
Anek Gujarati,['regular'],"['gujarati', 'latin', 'latin-ext']",v17,2025-09-11,{'regular': 'https://fonts.gstatic.com/s/anekgujarati/v17/l7gZbj5oysqknvkCo2T_8FuiOx5iArlM4k8.woff2'},sans-serif,webfonts#webfont,https://fonts.gstatic.com/s/anekgujarati/v17/l7g_bj5oysqknvkCo2T_8FuiIRBA7lncQUmbIBEtPKiYYQhRwyBxCD-0F5CLwkih.woff2,"[{'tag': 'wdth', 'start': 75, 'end': 125}, {'tag': 'wght', 'start': 100, 'end': 800}]",,1219,2025,recent_12m,False,True,8,"{'wdth', 'wght'}",2,True,False,False,3,False,False,False
Anek Kannada,['regular'],"['kannada', 'latin', 'latin-ext']",v15,2025-09-11,{'regular': 'https://fonts.gstatic.com/s/anekkannada/v15/rax6HiCNvNMKe1CKFsINYFl6nmDc-T-EKQ.woff2'},sans-serif,webfonts#webfont,https://fonts.gstatic.com/s/anekkannada/v15/raxcHiCNvNMKe1CKFsINYFlgkEIwGa8nL6ruWJg1j--h8pvBKSiw4dFDETulXxY.woff2,"[{'tag': 'wdth', 'start': 75, 'end': 125}, {'tag': 'wght', 'start': 100, 'end': 800}]",,1220,2025,recent_12m,False,True,8,"{'wdth', 'wght'}",2,True,False,False,3,False,False,False
Ysabeau,"['regular', 'italic']","['cyrillic', 'cyrillic-ext', 'greek', 'latin', 'latin-ext', 'math', 'symbols', 'vietnamese']",v5,2025-09-11,"{'regular': 'https://fonts.gstatic.com/s/ysabeau/v5/kmK9ZqEiBAXLcnuMpDhv0ybZuuQ.woff2', 'italic': 'https://fonts.gstatic.com/s/ysabeau/v5/kmK_ZqEiBAXLcnuMlD9l0gTcquRTtg.woff2'}",sans-serif,webfonts#webfont,https://fonts.gstatic.com/s/ysabeau/v5/kmKiZqEiBAXLcnuMvjZNI_5FGeJet7OWCAYxKcA.woff2,"[{'tag': 'wght', 'start': 1, 'end': 1000}]",,1221,2025,recent_12m,True,True,10,{'wght'},1,False,False,False,8,False,False,False
Hedvig Letters Sans,['regular'],"['latin', 'latin-ext', 'math', 'symbols']",v2,2025-05-30,{'regular': 'https://fonts.gstatic.com/s/hedvigletterssans/v2/CHy_V_PfGVjobSBkihHWDT98RVp37w8jQJhN3Twgi1w.woff2'},sans-serif,webfonts#webfont,https://fonts.gstatic.com/s/hedvigletterssans/v2/CHy_V_PfGVjobSBkihHWDT98RVp37w8jcJxH3A.woff2,,,1222,2025,older,False,False,1,set(),0,False,False,False,4,False,False,False
Single Day,['regular'],['korean'],v19,2025-09-08,{'regular': 'https://fonts.gstatic.com/s/singleday/v19/LYjHdGDjlEgoAcF95EI5jV8FUNfeQJU.woff2'},display,webfonts#webfont,https://fonts.gstatic.com/s/singleday/v19/LYjHdGDjlEgoAcF95EI5vVsPUQ.woff2,,,1223,2025,recent_12m,False,False,1,set(),0,False,False,False,1,True,False,False
Playwrite NZ Guides,['regular'],['latin'],v2,2026-01-28,{'regular': 'https://fonts.gstatic.com/s/playwritenzguides/v2/t5t8IQQPN4uFDRepJwiX4vzIikyGzv71Whoxq25PL5k.woff2'},handwriting,webfonts#webfont,https://fonts.gstatic.com/s/playwritenzguides/v2/t5t8IQQPN4uFDRepJwiX4vzIikyGzv71ah47qg.woff2,,,1224,2026,recent_12m,False,False,1,set(),0,False,False,False,1,False,False,False
Noto Music,['regular'],"['latin', 'latin-ext', 'music']",v21,2025-09-05,{'regular': 'https://fonts.gstatic.com/s/notomusic/v21/pe0rMIiSN5pO63htf1sxItKQB9Zra1U.woff2'},sans-serif,webfonts#webfont,https://fonts.gstatic.com/s/notomusic/v21/pe0rMIiSN5pO63htf1sxEtaaBg.woff2,,,1225,2025,recent_12m,False,False,1,set(),0,False,False,False,3,False,False,False
Cute Font,['regular'],"['korean', 'latin']",v28,2025-09-05,{'regular': 'https://fonts.gstatic.com/s/cutefont/v28/Noaw6Uny2oWPbSHMrY6vnZNVNC9hkw.woff2'},display,webfonts#webfont,https://fonts.gstatic.com/s/cutefont/v28/Noaw6Uny2oWPbSHMrY6fmZlU.woff2,,,1226,2025,recent_12m,False,False,1,set(),0,False,False,False,2,True,False,False
Ruthie,['regular'],"['latin', 'latin-ext', 'vietnamese']",v28,2025-09-16,{'regular': 'https://fonts.gstatic.com/s/ruthie/v28/gokvH63sGkdqXuU9kT53Q2u_mQ.woff2'},handwriting,webfonts#webfont,https://fonts.gstatic.com/s/ruthie/v28/gokvH63sGkdqXuUNlTR2.woff2,,,1227,2025,recent_12m,False,False,1,set(),0,False,False,False,3,False,False,False
Comforter,['regular'],"['cyrillic', 'latin', 'latin-ext', 'vietnamese']",v9,2025-09-10,{'regular': 'https://fonts.gstatic.com/s/comforter/v9/H4clBXOCl8nQnlaql3Qa7ZG8iqeuag.woff2'},handwriting,webfonts#webfont,https://fonts.gstatic.com/s/comforter/v9/H4clBXOCl8nQnlaql3Qq6Zu9.woff2,,,1228,2025,recent_12m,False,False,1,set(),0,False,False,False,4,False,False,False
Noto Serif Malayalam,['regular'],"['latin', 'latin-ext', 'malayalam']",v32,2025-09-10,{'regular': 'https://fonts.gstatic.com/s/notoserifmalayalam/v32/JIAsUU5sdmdP_HMcVcZFcH7DeVBeGVgSMFM4UJWbN_un.woff2'},serif,webfonts#webfont,https://fonts.gstatic.com/s/notoserifmalayalam/v32/JIAZUU5sdmdP_HMcVcZFcH7DeVBeGVgSMEk2cmVDq1ihUXL1t-xvnFYG.woff2,"[{'tag': 'wght', 'start': 100, 'end': 900}]",,1229,2025,recent_12m,False,True,9,{'wght'},1,False,False,False,3,False,False,False
Lovers Quarrel,['regular'],"['latin', 'latin-ext', 'vietnamese']",v25,2025-09-08,{'regular': 'https://fonts.gstatic.com/s/loversquarrel/v25/Yq6N-LSKXTL-5bCy8ksBzpQ_-zApY7pO6siz.woff2'},handwriting,webfonts#webfont,https://fonts.gstatic.com/s/loversquarrel/v25/Yq6N-LSKXTL-5bCy8ksBzpQ_-wAtabs.woff2,,,1230,2025,recent_12m,False,False,1,set(),0,False,False,False,3,False,False,False
Zen Tokyo Zoo,['regular'],"['latin', 'latin-ext']",v8,2025-09-10,{'regular': 'https://fonts.gstatic.com/s/zentokyozoo/v8/NGSyv5ffC0J_BK6aFNtr6sRv8ahuRWe9amg.woff2'},display,webfonts#webfont,https://fonts.gstatic.com/s/zentokyozoo/v8/NGSyv5ffC0J_BK6aFNtr6sRvwaxkRA.woff2,,,1231,2025,recent_12m,False,False,1,set(),0,False,False,False,2,False,False,False
Erica One,['regular'],"['latin', 'latin-ext']",v29,2025-09-16,{'regular': 'https://fonts.gstatic.com/s/ericaone/v29/WBLnrEXccV9VGrOKmGD1Xk_MJMGxiQ.woff2'},display,webfonts#webfont,https://fonts.gstatic.com/s/ericaone/v29/WBLnrEXccV9VGrOKmGDFWkXN.woff2,,,1232,2025,recent_12m,False,False,1,set(),0,False,False,False,2,False,False,False
Engagement,['regular'],"['latin', 'latin-ext']",v29,2025-09-02,{'regular': 'https://fonts.gstatic.com/s/engagement/v29/x3dlckLDZbqa7RUs9MFVXN8ssybsHQI.woff2'},handwriting,webfonts#webfont,https://fonts.gstatic.com/s/engagement/v29/x3dlckLDZbqa7RUs9MFVbNsmsg.woff2,,,1233,2025,recent_12m,False,False,1,set(),0,False,False,False,2,False,False,False
Noto Sans Linear A,['regular'],"['latin', 'latin-ext', 'linear-a']",v19,2025-09-11,{'regular': 'https://fonts.gstatic.com/s/notosanslineara/v19/oPWS_l16kP4jCuhpgEGmwJOiA18FZj22y2HQAGQicw.woff2'},sans-serif,webfonts#webfont,https://fonts.gstatic.com/s/notosanslineara/v19/oPWS_l16kP4jCuhpgEGmwJOiA18FZj2Gz2vR.woff2,,,1234,2025,recent_12m,False,False,1,set(),0,False,False,False,3,False,False,False
Imperial Script,['regular'],"['latin', 'latin-ext', 'vietnamese']",v8,2025-09-11,{'regular': 'https://fonts.gstatic.com/s/imperialscript/v8/5DCPAKrpzy_H98IV2ISnZBbGrVNvOOnlvttWNg.woff2'},handwriting,webfonts#webfont,https://fonts.gstatic.com/s/imperialscript/v8/5DCPAKrpzy_H98IV2ISnZBbGrVNfPOPk.woff2,,,1235,2025,recent_12m,False,False,1,set(),0,False,False,False,3,False,False,False
Underdog,['regular'],"['cyrillic', 'latin', 'latin-ext']",v24,2025-09-10,{'regular': 'https://fonts.gstatic.com/s/underdog/v24/CHygV-jCElj7diMroVSnU14GN2Il.woff2'},display,webfonts#webfont,https://fonts.gstatic.com/s/underdog/v24/CHygV-jCElj7diMroWSjWV8.woff2,,,1236,2025,recent_12m,False,False,1,set(),0,False,False,False,3,False,False,False
Delius Swash Caps,['regular'],['latin'],v25,2025-09-05,{'regular': 'https://fonts.gstatic.com/s/deliusswashcaps/v25/oY1E8fPLr7v4JWCExZpWebxVKORpXXeYKmeBvEYs.woff2'},handwriting,webfonts#webfont,https://fonts.gstatic.com/s/deliusswashcaps/v25/oY1E8fPLr7v4JWCExZpWebxVKORpXUecIGY.woff2,,,1237,2025,recent_12m,False,False,1,set(),0,False,False,False,1,False,False,False
Bodoni Moda SC,"['regular', 'italic']","['latin', 'latin-ext', 'math', 'symbols']",v3,2025-09-10,"{'regular': 'https://fonts.gstatic.com/s/bodonimodasc/v3/LYjbdGTykkIgA8197UwkzHp8F__acpC69i6N.woff2', 'italic': 'https://fonts.gstatic.com/s/bodonimodasc/v3/LYjZdGTykkIgA8197UwkzHp8F8_deJGY8z6Np1k.woff2'}",serif,webfonts#webfont,https://fonts.gstatic.com/s/bodonimodasc/v3/LYjhdGTykkIgA8197UwkzHp8F-XUUG5UNs2KqliEb-g_DaUdIA6SfiYHbA7ubJ2R9Q.woff2,"[{'tag': 'opsz', 'start': 6, 'end': 96}, {'tag': 'wght', 'start': 400, 'end': 900}]",,1238,2025,recent_12m,True,True,6,"{'opsz', 'wght'}",2,False,False,True,4,False,False,False
Fascinate,['regular'],"['latin', 'latin-ext']",v23,2025-09-16,{'regular': 'https://fonts.gstatic.com/s/fascinate/v23/z7NWdRrufC8XJK0IIEli0bbQRPyNrw.woff2'},display,webfonts#webfont,https://fonts.gstatic.com/s/fascinate/v23/z7NWdRrufC8XJK0IIElS1bzR.woff2,,,1239,2025,recent_12m,False,False,1,set(),0,False,False,False,2,False,False,False
Suwannaphum,"['100', '300', 'regular', '700', '900']","['khmer', 'latin']",v33,2025-09-02,"{'100': 'https://fonts.gstatic.com/s/suwannaphum/v33/jAnAgHV7GtDvc8jbe8hXXL3B9cGWXx2VZmk.woff2', '300': 'https://fonts.gstatic.com/s/suwannaphum/v33/jAnfgHV7GtDvc8jbe8hXXL0J1-S5cRGcf3Ai.woff2', 'regular': 'https://fonts.gstatic.com/s/suwannaphum/v33/jAnCgHV7GtDvc8jbe8hXXIWg_8C0Wg2V.woff2', '700': 'https://fonts.gstatic.com/s/suwannaphum/v33/jAnfgHV7GtDvc8jbe8hXXL0Z0OS5cRGcf3Ai.woff2', '900': 'https://fonts.gstatic.com/s/suwannaphum/v33/jAnfgHV7GtDvc8jbe8hXXL0h0uS5cRGcf3Ai.woff2'}",serif,webfonts#webfont,https://fonts.gstatic.com/s/suwannaphum/v33/jAnCgHV7GtDvc8jbe8hXXLWk9cE.woff2,,,1240,2025,recent_12m,False,False,5,set(),0,False,False,False,2,False,False,False
Kapakana,['regular'],"['japanese', 'latin', 'latin-ext']",v19,2025-09-11,{'regular': 'https://fonts.gstatic.com/s/kapakana/v19/sykw-yN0m6InS7OD9AqS1NbNp02R.woff2'},handwriting,webfonts#webfont,https://fonts.gstatic.com/s/kapakana/v19/sykt-yN0m6InS7OD9BCc9iYVO-6XOlDimtAJtBzW.woff2,"[{'tag': 'wght', 'start': 300, 'end': 400}]",,1241,2025,recent_12m,False,True,2,{'wght'},1,False,False,False,3,False,False,False
Autour One,['regular'],"['latin', 'latin-ext']",v25,2025-09-11,{'regular': 'https://fonts.gstatic.com/s/autourone/v25/UqyVK80cP25l3fJgbdfbk5xWVscxdKE.woff2'},display,webfonts#webfont,https://fonts.gstatic.com/s/autourone/v25/UqyVK80cP25l3fJgbdfbo5hcVw.woff2,,,1242,2025,recent_12m,False,False,1,set(),0,False,False,False,2,False,False,False
Noto Sans Tai Viet,['regular'],"['latin', 'latin-ext', 'tai-viet']",v20,2025-09-16,{'regular': 'https://fonts.gstatic.com/s/notosanstaiviet/v20/8QIUdj3HhN_lv4jf9vsE-9GMOLsaSPZr7o4fWsRO9w.woff2'},sans-serif,webfonts#webfont,https://fonts.gstatic.com/s/notosanstaiviet/v20/8QIUdj3HhN_lv4jf9vsE-9GMOLsaSPZb6oQe.woff2,,,1243,2025,recent_12m,False,False,1,set(),0,False,False,False,3,False,False,False
Gupter,"['regular', '500', '700']",['latin'],v18,2025-09-11,"{'regular': 'https://fonts.gstatic.com/s/gupter/v18/2-cm9JNmxJqPO1QUZJa_Wu_lpA.woff2', '500': 'https://fonts.gstatic.com/s/gupter/v18/2-cl9JNmxJqPO1Qslb-bV8T5rZhaZg.woff2', '700': 'https://fonts.gstatic.com/s/gupter/v18/2-cl9JNmxJqPO1Qs3bmbV8T5rZhaZg.woff2'}",serif,webfonts#webfont,https://fonts.gstatic.com/s/gupter/v18/2-cm9JNmxJqPO1QkYJy-.woff2,,,1244,2025,recent_12m,False,False,3,set(),0,False,False,False,1,False,False,False
Gorditas,"['regular', '700']",['latin'],v24,2025-09-11,"{'regular': 'https://fonts.gstatic.com/s/gorditas/v24/ll8_K2aTVD26DsPEtQDtDa4AlxYb.woff2', '700': 'https://fonts.gstatic.com/s/gorditas/v24/ll84K2aTVD26DsPEtThUIooNvAoShA1i.woff2'}",display,webfonts#webfont,https://fonts.gstatic.com/s/gorditas/v24/ll8_K2aTVD26DsPEtTDpB68.woff2,,,1245,2025,recent_12m,False,False,2,set(),0,False,False,False,1,False,False,False
Handjet,['regular'],"['arabic', 'armenian', 'cyrillic', 'cyrillic-ext', 'greek', 'hebrew', 'latin', 'latin-ext', 'vietnamese']",v22,2025-09-16,{'regular': 'https://fonts.gstatic.com/s/handjet/v22/oY1e8eXHq7n1OnbQtugdDtx0c4Q.woff2'},display,webfonts#webfont,https://fonts.gstatic.com/s/handjet/v22/oY1n8eXHq7n1OnbQrOY_2FrEwYEMLlcdP1mCtZaLaTutCwcIhGZ0lGU0akFcO3XFHTmaYkQmEQ.woff2,"[{'tag': 'ELGR', 'start': 1, 'end': 2}, {'tag': 'ELSH', 'start': 0, 'end': 16}, {'tag': 'wght', 'start': 100, 'end': 900}]",,1246,2025,recent_12m,False,True,9,"{'wght', 'ELSH', 'ELGR'}",3,False,False,False,9,False,False,False
Odor Mean Chey,['regular'],"['khmer', 'latin']",v31,2025-09-08,{'regular': 'https://fonts.gstatic.com/s/odormeanchey/v31/raxkHiKDttkTe1aOGcJMR1A_4mrd2zqUKafv.woff2'},serif,webfonts#webfont,https://fonts.gstatic.com/s/odormeanchey/v31/raxkHiKDttkTe1aOGcJMR1A_4lrZ0Ts.woff2,,,1247,2025,recent_12m,False,False,1,set(),0,False,False,False,2,False,False,False
Gentium Plus,"['regular', 'italic', '700', '700italic']","['cyrillic', 'cyrillic-ext', 'greek', 'greek-ext', 'latin', 'latin-ext', 'vietnamese']",v2,2025-05-30,"{'regular': 'https://fonts.gstatic.com/s/gentiumplus/v2/Iurd6Ytw-oSPaZ00r2bNe8VpiZtM6G0t9w.woff2', 'italic': 'https://fonts.gstatic.com/s/gentiumplus/v2/IurD6Ytw-oSPaZ00r2bNe8VZjpFNymg9957e.woff2', '700': 'https://fonts.gstatic.com/s/gentiumplus/v2/IurC6Ytw-oSPaZ00r2bNe8VRMLRo5UYx_ofHsw.woff2', '700italic': 'https://fonts.gstatic.com/s/gentiumplus/v2/IurA6Ytw-oSPaZ00r2bNe8VZjqn05Uww3ILXs-h6.woff2'}",serif,webfonts#webfont,https://fonts.gstatic.com/s/gentiumplus/v2/Iurd6Ytw-oSPaZ00r2bNe8VZjZFN.woff2,,,1248,2025,older,True,False,2,set(),0,False,False,False,7,False,False,False
Katibeh,['regular'],"['arabic', 'latin', 'latin-ext']",v22,2025-09-10,{'regular': 'https://fonts.gstatic.com/s/katibeh/v22/ZGjXol5MQJog4bxDaChRVDNdGDs.woff2'},display,webfonts#webfont,https://fonts.gstatic.com/s/katibeh/v22/ZGjXol5MQJog4bxDWCxbVQ.woff2,,,1249,2025,recent_12m,False,False,1,set(),0,False,False,False,3,False,False,False
Edu NSW ACT Cursive,['regular'],"['latin', 'latin-ext']",v3,2025-09-05,{'regular': 'https://fonts.gstatic.com/s/edunswactcursive/v3/xn78YGUw02PnIPEjskHSG_2fCaz9DzhQd8rv3bT4Ycc.woff2'},handwriting,webfonts#webfont,https://fonts.gstatic.com/s/edunswactcursive/v3/xn7LYGUw02PnIPEjskHSG_2fCaz9DzhQbcTNLWxkwsHVCrd5ghiUh3E.woff2,"[{'tag': 'wght', 'start': 400, 'end': 700}]",,1250,2025,recent_12m,False,True,4,{'wght'},1,False,False,False,2,False,False,False
Yeon Sung,['regular'],"['korean', 'latin']",v22,2025-09-05,{'regular': 'https://fonts.gstatic.com/s/yeonsung/v22/QldMNTpbohAGtsJvUn6xTFNazqx2xg.woff2'},display,webfonts#webfont,https://fonts.gstatic.com/s/yeonsung/v22/QldMNTpbohAGtsJvUn6BSFlb.woff2,,,1251,2025,recent_12m,False,False,1,set(),0,False,False,False,2,True,False,False
Braah One,['regular'],"['gurmukhi', 'latin', 'latin-ext', 'vietnamese']",v8,2025-09-11,{'regular': 'https://fonts.gstatic.com/s/braahone/v8/KFOlCnWUpt6LsxxxiylvBh05IsDqlA.woff2'},sans-serif,webfonts#webfont,https://fonts.gstatic.com/s/braahone/v8/KFOlCnWUpt6LsxxxiylfAhc4.woff2,,,1252,2025,recent_12m,False,False,1,set(),0,False,False,False,4,False,False,False
Joan,['regular'],"['latin', 'latin-ext']",v12,2025-09-05,{'regular': 'https://fonts.gstatic.com/s/joan/v12/ZXupe1oZsqWRbRJH8X1p_Ng.woff2'},serif,webfonts#webfont,https://fonts.gstatic.com/s/joan/v12/ZXupe1oZsqWRXRZN8A.woff2,,,1253,2025,recent_12m,False,False,1,set(),0,False,False,False,2,False,False,False
Chocolate Classical Sans,['regular'],"['chinese-traditional', 'cyrillic', 'latin', 'latin-ext', 'vietnamese']",v16,2026-03-11,{'regular': 'https://fonts.gstatic.com/s/chocolateclassicalsans/v16/nuFqD-PLTZX4XIgT-P2ToCDudWHHflqUpTpfjWdDOY2J9mHITw.woff2'},sans-serif,webfonts#webfont,https://fonts.gstatic.com/s/chocolateclassicalsans/v16/nuFqD-PLTZX4XIgT-P2ToCDudWHHflqUpTpfjWdzPYeI.woff2,,,1254,2026,recent_12m,False,False,1,set(),0,False,False,False,5,False,False,False
Cantora One,['regular'],"['latin', 'latin-ext']",v20,2025-09-10,{'regular': 'https://fonts.gstatic.com/s/cantoraone/v20/gyB4hws1JdgnKy56GB_JX6zYZ4vZVbgZ.woff2'},sans-serif,webfonts#webfont,https://fonts.gstatic.com/s/cantoraone/v20/gyB4hws1JdgnKy56GB_JX5zcbYo.woff2,,,1255,2025,recent_12m,False,False,1,set(),0,False,False,False,2,False,False,False
LXGW WenKai TC,"['300', 'regular', '700']","['chinese-traditional', 'cyrillic', 'cyrillic-ext', 'greek', 'greek-ext', 'latin', 'latin-ext', 'lisu', 'vietnamese']",v10,2026-03-11,"{'300': 'https://fonts.gstatic.com/s/lxgwwenkaitc/v10/w8gAH20td8wNsI3f40DmtXZb4_MmBfksTClICyan.woff2', 'regular': 'https://fonts.gstatic.com/s/lxgwwenkaitc/v10/w8gDH20td8wNsI3f40DmtXZb48uPLd0hZzVB.woff2', '700': 'https://fonts.gstatic.com/s/lxgwwenkaitc/v10/w8gAH20td8wNsI3f40DmtXZb4_M2AvksTClICyan.woff2'}",handwriting,webfonts#webfont,https://fonts.gstatic.com/s/lxgwwenkaitc/v10/w8gDH20td8wNsI3f40DmtXZb4_uLJ9w.woff2,,,1256,2026,recent_12m,False,False,3,set(),0,False,False,False,9,False,False,False
Noto Serif Telugu,['regular'],"['latin', 'latin-ext', 'telugu']",v29,2025-09-11,{'regular': 'https://fonts.gstatic.com/s/notoseriftelugu/v29/tDbW2pCbnkEKmXNVmt2M1q6f4HWbbiSCZ0bc5Qj9.woff2'},serif,webfonts#webfont,https://fonts.gstatic.com/s/notoseriftelugu/v29/tDbl2pCbnkEKmXNVmt2M1q6f4HWbbj6MRbYEeav7Fe9D9TCAuIee.woff2,"[{'tag': 'wght', 'start': 100, 'end': 900}]",,1257,2025,recent_12m,False,True,9,{'wght'},1,False,False,False,3,False,False,False
Mystery Quest,['regular'],"['latin', 'latin-ext']",v21,2025-09-16,{'regular': 'https://fonts.gstatic.com/s/mysteryquest/v21/-nF6OG414u0E6k0wynSGlujRHwQlD_9Qz9E.woff2'},display,webfonts#webfont,https://fonts.gstatic.com/s/mysteryquest/v21/-nF6OG414u0E6k0wynSGlujRLwAvDg.woff2,,,1258,2025,recent_12m,False,False,1,set(),0,False,False,False,2,False,False,False
Atkinson Hyperlegible Mono,"['regular', 'italic']","['latin', 'latin-ext']",v8,2025-09-16,"{'regular': 'https://fonts.gstatic.com/s/atkinsonhyperlegiblemono/v8/tss4AoFBci4C4gvhPXrt3wjT1MqSzhA4t7IIcncBizKvjl2hHT0i.woff2', 'italic': 'https://fonts.gstatic.com/s/atkinsonhyperlegiblemono/v8/tss6AoFBci4C4gvhPXrt3wjT1MqSzhA4t7IIcncBiwKohFyDGC0i8Cc.woff2'}",sans-serif,webfonts#webfont,https://fonts.gstatic.com/s/atkinsonhyperlegiblemono/v8/tssNAoFBci4C4gvhPXrt3wjT1MqSzhA4t7IIcncBiyihrK15gZ4k_SaZHNeSDCMa.woff2,"[{'tag': 'wght', 'start': 200, 'end': 800}]",,1259,2025,recent_12m,True,True,7,{'wght'},1,False,False,False,2,False,False,False
Barrio,['regular'],"['latin', 'latin-ext']",v20,2025-09-11,{'regular': 'https://fonts.gstatic.com/s/barrio/v20/wEO8EBXBk8hBIDiEcAYhWdsX1Q.woff2'},display,webfonts#webfont,https://fonts.gstatic.com/s/barrio/v20/wEO8EBXBk8hBIDi0dAwg.woff2,,,1260,2025,recent_12m,False,False,1,set(),0,False,False,False,2,False,False,False
Jersey 10 Charted,['regular'],"['latin', 'latin-ext']",v4,2025-09-17,{'regular': 'https://fonts.gstatic.com/s/jersey10charted/v4/oY1E8fPFr6XiNWqEp90XSbwUGfF8SneYKmeBvEYs.woff2'},display,webfonts#webfont,https://fonts.gstatic.com/s/jersey10charted/v4/oY1E8fPFr6XiNWqEp90XSbwUGfF8SkecIGY.woff2,,,1261,2025,recent_12m,False,False,1,set(),0,False,False,False,2,False,False,False
Tillana,"['regular', '500', '600', '700', '800']","['devanagari', 'latin', 'latin-ext']",v15,2025-09-11,"{'regular': 'https://fonts.gstatic.com/s/tillana/v15/VuJxdNvf35P4qJ1OeKPXOIFneRo.woff2', '500': 'https://fonts.gstatic.com/s/tillana/v15/VuJ0dNvf35P4qJ1OQFL-HIxMZRNcp0o.woff2', '600': 'https://fonts.gstatic.com/s/tillana/v15/VuJ0dNvf35P4qJ1OQH75HIxMZRNcp0o.woff2', '700': 'https://fonts.gstatic.com/s/tillana/v15/VuJ0dNvf35P4qJ1OQBr4HIxMZRNcp0o.woff2', '800': 'https://fonts.gstatic.com/s/tillana/v15/VuJ0dNvf35P4qJ1OQAb7HIxMZRNcp0o.woff2'}",display,webfonts#webfont,https://fonts.gstatic.com/s/tillana/v15/VuJxdNvf35P4qJ1OSKfdOQ.woff2,,,1262,2025,recent_12m,False,False,5,set(),0,False,False,False,3,False,False,False
Noto Serif Kannada,['regular'],"['kannada', 'latin', 'latin-ext']",v30,2025-09-11,{'regular': 'https://fonts.gstatic.com/s/notoserifkannada/v30/v6-JGZHLJFKIhClqUYqXDiWqpxQxWSPyVYQDIsKCHg.woff2'},serif,webfonts#webfont,https://fonts.gstatic.com/s/notoserifkannada/v30/v6-8GZHLJFKIhClqUYqXDiWqpxQxWSPoW6bz-l4hGHiNgcYDQeVD7g.woff2,"[{'tag': 'wght', 'start': 100, 'end': 900}]",,1263,2025,recent_12m,False,True,9,{'wght'},1,False,False,False,3,False,False,False
Sura,"['regular', '700']","['devanagari', 'latin', 'latin-ext']",v21,2025-09-10,"{'regular': 'https://fonts.gstatic.com/s/sura/v21/SZc23FL5PbyzFftUWzXtjUM.woff2', '700': 'https://fonts.gstatic.com/s/sura/v21/SZc53FL5PbyzLUJ7fzjGkUrS8DI.woff2'}",serif,webfonts#webfont,https://fonts.gstatic.com/s/sura/v21/SZc23FL5PbyzJf9eWg.woff2,,,1264,2025,recent_12m,False,False,2,set(),0,False,False,False,3,False,False,False
Trykker,['regular'],"['latin', 'latin-ext']",v22,2025-09-10,{'regular': 'https://fonts.gstatic.com/s/trykker/v22/KtktALyWZJXudUPzhNzoOd2j22U.woff2'},serif,webfonts#webfont,https://fonts.gstatic.com/s/trykker/v22/KtktALyWZJXudUPztNjiOA.woff2,,,1265,2025,recent_12m,False,False,1,set(),0,False,False,False,2,False,False,False
Tiro Devanagari Marathi,"['regular', 'italic']","['devanagari', 'latin', 'latin-ext']",v7,2026-06-29,"{'regular': 'https://fonts.gstatic.com/s/tirodevanagarimarathi/v7/fC1xPZBSZHrRhS3rd4M0MAPNJUHl4znXCxAkotDuDJYM2lAZ.woff2', 'italic': 'https://fonts.gstatic.com/s/tirodevanagarimarathi/v7/fC1zPZBSZHrRhS3rd4M0MAPNJUHl4znXCxAkouDpBpcu30AZbUY.woff2'}",serif,webfonts#webfont,https://fonts.gstatic.com/s/tirodevanagarimarathi/v7/fC1xPZBSZHrRhS3rd4M0MAPNJUHl4znXCxAkouDqBpc.woff2,,,1266,2026,recent_12m,True,False,1,set(),0,False,False,False,3,False,False,False
Passions Conflict,['regular'],"['latin', 'latin-ext', 'vietnamese']",v9,2025-09-05,{'regular': 'https://fonts.gstatic.com/s/passionsconflict/v9/kmKnZrcrFhfafnWX9x0GuEC-zowow5NbYRI4CN2V.woff2'},handwriting,webfonts#webfont,https://fonts.gstatic.com/s/passionsconflict/v9/kmKnZrcrFhfafnWX9x0GuEC-zowow6NfaxM.woff2,,,1267,2025,recent_12m,False,False,1,set(),0,False,False,False,3,False,False,False
Orbit,['regular'],"['korean', 'latin', 'latin-ext']",v3,2026-03-03,{'regular': 'https://fonts.gstatic.com/s/orbit/v3/_LOCmz7I-uHd2mjBeqciRwRm.woff2'},sans-serif,webfonts#webfont,https://fonts.gstatic.com/s/orbit/v3/_LOCmz7I-uHd2ljFcKY.woff2,,,1268,2026,recent_12m,False,False,1,set(),0,False,False,False,3,True,False,False
Sonsie One,['regular'],"['latin', 'latin-ext']",v22,2025-09-16,{'regular': 'https://fonts.gstatic.com/s/sonsieone/v22/PbymFmP_EAnPqbKaoc18YV680lbp8JM.woff2'},display,webfonts#webfont,https://fonts.gstatic.com/s/sonsieone/v22/PbymFmP_EAnPqbKaoc18UVq20w.woff2,,,1269,2025,recent_12m,False,False,1,set(),0,False,False,False,2,False,False,False
Playwrite NO,['regular'],['latin'],v10,2025-09-05,{'regular': 'https://fonts.gstatic.com/s/playwriteno/v10/nuF-D_fYSZviRJYb-P2TrQOvAziqFTrghA.woff2'},handwriting,webfonts#webfont,https://fonts.gstatic.com/s/playwriteno/v10/nuFrD_fYSZviRJYb-P2TrQO1DRpazaZDgnw-49wgLKat-w.woff2,"[{'tag': 'wght', 'start': 100, 'end': 400}]",,1270,2025,recent_12m,False,True,4,{'wght'},1,False,False,False,1,False,False,False
Geom,"['regular', 'italic']","['greek', 'latin', 'latin-ext']",v1,2025-12-10,"{'regular': 'https://fonts.gstatic.com/s/geom/v1/X7nq4bw6Cf6jwtGdHC67_M0.woff2', 'italic': 'https://fonts.gstatic.com/s/geom/v1/X7nk4bw6Cf6j8taXHQy-7M35Gw.woff2'}",sans-serif,webfonts#webfont,https://fonts.gstatic.com/s/geom/v1/X7n_4bw6Cf6j2N-_7PYnX8v0Ggg5rG5yniA.woff2,"[{'tag': 'wght', 'start': 300, 'end': 900}]",,1271,2025,recent_12m,True,True,7,{'wght'},1,False,False,False,3,False,False,False
Linden Hill,"['regular', 'italic']","['latin', 'latin-ext']",v27,2025-09-10,"{'regular': 'https://fonts.gstatic.com/s/lindenhill/v27/-F61fjxoKSg9Yc3hZgO8ygFN7CwC009k.woff2', 'italic': 'https://fonts.gstatic.com/s/lindenhill/v27/-F63fjxoKSg9Yc3hZgO8yjFK5i0g1l9kn-s.woff2'}",serif,webfonts#webfont,https://fonts.gstatic.com/s/lindenhill/v27/-F61fjxoKSg9Yc3hZgO8yjFJ5i0.woff2,,,1272,2025,recent_12m,True,False,1,set(),0,False,False,False,2,False,False,False
Cagliostro,['regular'],['latin'],v22,2025-09-11,{'regular': 'https://fonts.gstatic.com/s/cagliostro/v22/ZgNWjP5HM73BV5amnX-TjGDEM4COoE4.woff2'},sans-serif,webfonts#webfont,https://fonts.gstatic.com/s/cagliostro/v22/ZgNWjP5HM73BV5amnX-TvGTOMg.woff2,,,1273,2025,recent_12m,False,False,1,set(),0,False,False,False,1,False,False,False
Amiri Quran,['regular'],"['arabic', 'latin']",v19,2025-08-26,{'regular': 'https://fonts.gstatic.com/s/amiriquran/v19/_Xmo-Hk0rD6DbUL4_vH8Zq5o7Cycsu-2.woff2'},serif,webfonts#webfont,https://fonts.gstatic.com/s/amiriquran/v19/_Xmo-Hk0rD6DbUL4_vH8Zp5s5i0.woff2,,,1274,2025,recent_12m,False,False,1,set(),0,False,False,False,2,False,False,False
Unlock,['regular'],"['latin', 'latin-ext']",v28,2025-09-08,{'regular': 'https://fonts.gstatic.com/s/unlock/v28/7Au-p_8ykD-cDl7GLQjSwkUVOQ.woff2'},display,webfonts#webfont,https://fonts.gstatic.com/s/unlock/v28/7Au-p_8ykD-cDl72KQLT.woff2,,,1275,2025,recent_12m,False,False,1,set(),0,False,False,False,2,False,False,False
Marhey,['regular'],"['arabic', 'latin', 'latin-ext']",v8,2025-09-08,{'regular': 'https://fonts.gstatic.com/s/marhey/v8/x3dhck7Laq-T7wlhlIUldNsetg.woff2'},display,webfonts#webfont,https://fonts.gstatic.com/s/marhey/v8/x3d8ck7Laq-T7wl7mqfVrEe9sDvtBctwC2YdiQ.woff2,"[{'tag': 'wght', 'start': 300, 'end': 700}]",,1276,2025,recent_12m,False,True,5,{'wght'},1,False,False,False,3,False,False,False
Rum Raisin,['regular'],"['latin', 'latin-ext']",v24,2025-09-10,{'regular': 'https://fonts.gstatic.com/s/rumraisin/v24/nwpRtKu3Ih8D5avB4h2uJ3qIywA7eMM.woff2'},sans-serif,webfonts#webfont,https://fonts.gstatic.com/s/rumraisin/v24/nwpRtKu3Ih8D5avB4h2uF36Cyg.woff2,,,1277,2025,recent_12m,False,False,1,set(),0,False,False,False,2,False,False,False
Noto Serif Ahom,['regular'],"['ahom', 'latin', 'latin-ext']",v21,2025-09-08,{'regular': 'https://fonts.gstatic.com/s/notoserifahom/v21/FeVIS0hfp6cprmEUffAW_fUL_AN-x-YrPFiwaw.woff2'},serif,webfonts#webfont,https://fonts.gstatic.com/s/notoserifahom/v21/FeVIS0hfp6cprmEUffAW_fUL_ANOw-wq.woff2,,,1278,2025,recent_12m,False,False,1,set(),0,False,False,False,3,False,False,False
Stint Ultra Condensed,['regular'],"['latin', 'latin-ext']",v25,2025-09-11,{'regular': 'https://fonts.gstatic.com/s/stintultracondensed/v25/-W_gXIrsVjjeyEnPC45qD2NoFPtBE0xCh2A-rxUO2cNvdg.woff2'},serif,webfonts#webfont,https://fonts.gstatic.com/s/stintultracondensed/v25/-W_gXIrsVjjeyEnPC45qD2NoFPtBE0xCh2AOqx8P.woff2,,,1279,2025,recent_12m,False,False,1,set(),0,False,False,False,2,False,False,False
Akaya Telivigala,['regular'],"['latin', 'latin-ext', 'telugu']",v28,2025-09-02,{'regular': 'https://fonts.gstatic.com/s/akayatelivigala/v28/lJwc-oo_iG9wXqU3rCTD395tp0uifdfdsIH0YH8.woff2'},display,webfonts#webfont,https://fonts.gstatic.com/s/akayatelivigala/v28/lJwc-oo_iG9wXqU3rCTD395tp0uiTdPXsQ.woff2,,,1280,2025,recent_12m,False,False,1,set(),0,False,False,False,3,False,False,False
Inika,"['regular', '700']","['latin', 'latin-ext']",v22,2025-09-05,"{'regular': 'https://fonts.gstatic.com/s/inika/v22/rnCm-x5X3QP-phTCRcc2s2XH.woff2', '700': 'https://fonts.gstatic.com/s/inika/v22/rnCr-x5X3QP-pix7auM7mHnOSOuk.woff2'}",serif,webfonts#webfont,https://fonts.gstatic.com/s/inika/v22/rnCm-x5X3QP-piTGT8Y.woff2,,,1281,2025,recent_12m,False,False,2,set(),0,False,False,False,2,False,False,False
Rubik Scribble,['regular'],"['cyrillic', 'cyrillic-ext', 'hebrew', 'latin', 'latin-ext', 'math', 'symbols']",v1,2025-05-30,{'regular': 'https://fonts.gstatic.com/s/rubikscribble/v1/snfzs0Cp48d67SuHQOpjXLsQpbqeSjORSo9W.woff2'},display,webfonts#webfont,https://fonts.gstatic.com/s/rubikscribble/v1/snfzs0Cp48d67SuHQOpjXLsQpYqaQDI.woff2,,,1282,2025,older,False,False,1,set(),0,False,False,False,7,False,False,False
My Soul,['regular'],"['latin', 'latin-ext', 'vietnamese']",v7,2025-09-05,{'regular': 'https://fonts.gstatic.com/s/mysoul/v7/3XFqErcuy945_u6KF_Alk2nnXf0.woff2'},handwriting,webfonts#webfont,https://fonts.gstatic.com/s/mysoul/v7/3XFqErcuy945_u6KJ_Qvkg.woff2,,,1283,2025,recent_12m,False,False,1,set(),0,False,False,False,3,False,False,False
Nabla,['regular'],"['cyrillic-ext', 'latin', 'latin-ext', 'math', 'vietnamese']",v17,2025-09-16,{'regular': 'https://fonts.gstatic.com/s/nabla/v17/j8_l6-LI0Lvpe6kUse78FCl4.woff2'},display,webfonts#webfont,https://fonts.gstatic.com/s/nabla/v17/j8_D6-LI0Lvpe7Makz5UhJt9C3uqg_X_75gyGS4jAxsNIjrRBRFeFQ.woff2,"[{'tag': 'EDPT', 'start': 0, 'end': 200}, {'tag': 'EHLT', 'start': 0, 'end': 24}]","['COLRv1', 'SVG']",1284,2025,recent_12m,False,True,1,"{'EDPT', 'EHLT'}",2,False,False,False,5,False,False,False
Seymour One,['regular'],"['cyrillic', 'latin', 'latin-ext']",v25,2025-09-16,{'regular': 'https://fonts.gstatic.com/s/seymourone/v25/4iCp6Khla9xbjQpoWGGd0myNPYBvgpUI.woff2'},sans-serif,webfonts#webfont,https://fonts.gstatic.com/s/seymourone/v25/4iCp6Khla9xbjQpoWGGd0lyJN4E.woff2,,,1285,2025,recent_12m,False,False,1,set(),0,False,False,False,3,False,False,False
Bilbo,['regular'],"['latin', 'latin-ext', 'vietnamese']",v21,2025-09-16,{'regular': 'https://fonts.gstatic.com/s/bilbo/v21/o-0EIpgpwWwZ210kpIRz4wxE.woff2'},handwriting,webfonts#webfont,https://fonts.gstatic.com/s/bilbo/v21/o-0EIpgpwWwZ220groU.woff2,,,1286,2025,recent_12m,False,False,1,set(),0,False,False,False,3,False,False,False
Junge,['regular'],['latin'],v26,2025-09-11,{'regular': 'https://fonts.gstatic.com/s/junge/v26/gokgH670Gl1lUqAYvhB7SnKm.woff2'},serif,webfonts#webfont,https://fonts.gstatic.com/s/junge/v26/gokgH670Gl1lUpActBE.woff2,,,1287,2025,recent_12m,False,False,1,set(),0,False,False,False,1,False,False,False
Mate SC,['regular'],"['latin', 'latin-ext']",v23,2025-09-05,{'regular': 'https://fonts.gstatic.com/s/matesc/v23/-nF8OGQ1-uoVr2wKyiDZ95OkJwA.woff2'},serif,webfonts#webfont,https://fonts.gstatic.com/s/matesc/v23/-nF8OGQ1-uoVr2wK-iTT9g.woff2,,,1288,2025,recent_12m,False,False,1,set(),0,False,False,False,2,False,False,False
Kaisei HarunoUmi,"['regular', '500', '700']","['cyrillic', 'japanese', 'latin', 'latin-ext']",v11,2025-09-16,"{'regular': 'https://fonts.gstatic.com/s/kaiseiharunoumi/v11/HI_RiZQSLqBQoAHhK_C6N_nzy_jcGs75sM8u3mk.woff2', '500': 'https://fonts.gstatic.com/s/kaiseiharunoumi/v11/HI_WiZQSLqBQoAHhK_C6N_nzy_jcIj_QlMIFwmC9FAU.woff2', '700': 'https://fonts.gstatic.com/s/kaiseiharunoumi/v11/HI_WiZQSLqBQoAHhK_C6N_nzy_jcInfWlMIFwmC9FAU.woff2'}",serif,webfonts#webfont,https://fonts.gstatic.com/s/kaiseiharunoumi/v11/HI_RiZQSLqBQoAHhK_C6N_nzy_jcKsrzsQ.woff2,,,1289,2025,recent_12m,False,False,3,set(),0,False,False,False,4,False,False,False
Playwrite DE Grund,['regular'],['latin'],v11,2025-09-16,{'regular': 'https://fonts.gstatic.com/s/playwritedegrund/v11/EJRLQhwoXdccriFurnRxqv-1MFyKy69g9aeepi2lHw.woff2'},handwriting,webfonts#webfont,https://fonts.gstatic.com/s/playwritedegrund/v11/EJR-QhwoXdccriFurnRxqv-1MFyKy696-4VufrEGGbTZz2qHVwGeOA.woff2,"[{'tag': 'wght', 'start': 100, 'end': 400}]",,1290,2025,recent_12m,False,True,4,{'wght'},1,False,False,False,1,False,False,False
Moderustic,['regular'],"['cyrillic', 'cyrillic-ext', 'greek', 'latin', 'latin-ext']",v3,2025-09-10,{'regular': 'https://fonts.gstatic.com/s/moderustic/v3/2-ci9J9s3o6eLFNHFdXYcuvXoZFDf2Q.woff2'},sans-serif,webfonts#webfont,https://fonts.gstatic.com/s/moderustic/v3/2-c39J9s3o6eLFNHFdXYaOX1UUnf3GLnYjALsQNf7Zc.woff2,"[{'tag': 'wght', 'start': 300, 'end': 800}]",,1291,2025,recent_12m,False,True,6,{'wght'},1,False,False,False,5,False,False,False
Poor Story,['regular'],"['korean', 'latin']",v24,2025-09-08,{'regular': 'https://fonts.gstatic.com/s/poorstory/v24/jizfREFUsnUct9P6cDfd4OynLD0Z4zM.woff2'},display,webfonts#webfont,https://fonts.gstatic.com/s/poorstory/v24/jizfREFUsnUct9P6cDfd0OitLQ.woff2,,,1292,2025,recent_12m,False,False,1,set(),0,False,False,False,2,True,False,False
Cactus Classical Serif,['regular'],"['chinese-traditional', 'cyrillic', 'latin', 'latin-ext', 'vietnamese']",v15,2026-03-11,{'regular': 'https://fonts.gstatic.com/s/cactusclassicalserif/v15/sZlVdQ6K-zJOCzUaS90zMNN-Ep-OoC8dZr0JFuVIFX-pv-E.woff2'},serif,webfonts#webfont,https://fonts.gstatic.com/s/cactusclassicalserif/v15/sZlVdQ6K-zJOCzUaS90zMNN-Ep-OoC8dZr0JJuFCFA.woff2,,,1293,2026,recent_12m,False,False,1,set(),0,False,False,False,5,False,False,False
Ramaraja,['regular'],"['latin', 'telugu']",v17,2025-09-10,{'regular': 'https://fonts.gstatic.com/s/ramaraja/v17/SlGTmQearpYAYG1CABIhqnB6aSQU.woff2'},serif,webfonts#webfont,https://fonts.gstatic.com/s/ramaraja/v17/SlGTmQearpYAYG1CACIloHE.woff2,,,1294,2025,recent_12m,False,False,1,set(),0,False,False,False,2,False,False,False
Climate Crisis,['regular'],"['cyrillic', 'cyrillic-ext', 'latin', 'latin-ext']",v15,2026-03-11,{'regular': 'https://fonts.gstatic.com/s/climatecrisis/v15/wEOkEB3AntNeKCPBVW9XOKlmp2oao7fHQOnM.woff2'},display,webfonts#webfont,https://fonts.gstatic.com/s/climatecrisis/v15/wEOpEB3AntNeKCPBVW9XOKlmp3AUgWFN1DvIvcM0gFpKjK8q.woff2,"[{'tag': 'YEAR', 'start': 1979, 'end': 2050}]",,1295,2026,recent_12m,False,True,1,{'YEAR'},1,False,False,False,4,False,False,False
Siemreap,['regular'],['khmer'],v30,2025-09-17,{'regular': 'https://fonts.gstatic.com/s/siemreap/v30/Gg82N5oFbgLvHAfNl2YenA8DLXpe.woff2'},sans-serif,webfonts#webfont,https://fonts.gstatic.com/s/siemreap/v30/Gg82N5oFbgLvHAfNl1Yalg4.woff2,,,1296,2025,recent_12m,False,False,1,set(),0,False,False,False,1,False,False,False
Carrois Gothic SC,['regular'],['latin'],v16,2025-09-08,{'regular': 'https://fonts.gstatic.com/s/carroisgothicsc/v16/ZgNJjOVHM6jfUZCmyUqT2A2HVKjc-28iNHabY4dN.woff2'},sans-serif,webfonts#webfont,https://fonts.gstatic.com/s/carroisgothicsc/v16/ZgNJjOVHM6jfUZCmyUqT2A2HVKjc-18mPnc.woff2,,,1297,2025,recent_12m,False,False,1,set(),0,False,False,False,1,False,False,False
National Park,['regular'],"['latin', 'latin-ext', 'vietnamese']",v4,2025-09-11,{'regular': 'https://fonts.gstatic.com/s/nationalpark/v4/GftD7vJOtg4NO-gmoY4nmcqP41gfThX-Zsw.woff2'},sans-serif,webfonts#webfont,https://fonts.gstatic.com/s/nationalpark/v4/GftQ7vJOtg4NO-gmoY4nmcqP-VY9vs1ixcqgHfJ_b6XNfIc.woff2,"[{'tag': 'wght', 'start': 200, 'end': 800}]",,1298,2025,recent_12m,False,True,7,{'wght'},1,False,False,False,3,False,False,False
Tac One,['regular'],"['latin', 'latin-ext', 'math', 'symbols', 'vietnamese']",v5,2025-05-30,{'regular': 'https://fonts.gstatic.com/s/tacone/v5/ahcZv8Cj3zw7qDr8fOshU-FwnU0.woff2'},sans-serif,webfonts#webfont,https://fonts.gstatic.com/s/tacone/v5/ahcZv8Cj3zw7qDr8TO8rUg.woff2,,,1299,2025,older,False,False,1,set(),0,False,False,False,5,False,False,False
Dekko,['regular'],"['devanagari', 'latin', 'latin-ext']",v23,2025-09-08,{'regular': 'https://fonts.gstatic.com/s/dekko/v23/46khlb_wWjfSrttAR0vsfl1B.woff2'},handwriting,webfonts#webfont,https://fonts.gstatic.com/s/dekko/v23/46khlb_wWjfSrutETUo.woff2,,,1300,2025,recent_12m,False,False,1,set(),0,False,False,False,3,False,False,False
Dorsa,['regular'],['latin'],v29,2025-09-10,{'regular': 'https://fonts.gstatic.com/s/dorsa/v29/yYLn0hjd0OGwqo443XCFxAnQ.woff2'},sans-serif,webfonts#webfont,https://fonts.gstatic.com/s/dorsa/v29/yYLn0hjd0OGwqr4813E.woff2,,,1301,2025,recent_12m,False,False,1,set(),0,False,False,False,1,False,False,False
Keania One,['regular'],"['latin', 'latin-ext']",v26,2025-09-11,{'regular': 'https://fonts.gstatic.com/s/keaniaone/v26/zOL54pXJk65E8pXardnuycFuv-hHkOs.woff2'},display,webfonts#webfont,https://fonts.gstatic.com/s/keaniaone/v26/zOL54pXJk65E8pXardnu-cVkvg.woff2,,,1302,2025,recent_12m,False,False,1,set(),0,False,False,False,2,False,False,False
Darumadrop One,['regular'],"['japanese', 'latin', 'latin-ext']",v14,2025-09-08,{'regular': 'https://fonts.gstatic.com/s/darumadropone/v14/cY9cfjeIW11dpCKgRLi675a87IhCBJOxZQPp.woff2'},display,webfonts#webfont,https://fonts.gstatic.com/s/darumadropone/v14/cY9cfjeIW11dpCKgRLi675a87LhGDpI.woff2,,,1303,2025,recent_12m,False,False,1,set(),0,False,False,False,3,False,False,False
Playwrite CU,['regular'],['latin'],v6,2025-09-08,{'regular': 'https://fonts.gstatic.com/s/playwritecu/v6/VuJ2dNDb2p7tvoFGLMPdf9xGZDFZt0rNpQ.woff2'},handwriting,webfonts#webfont,https://fonts.gstatic.com/s/playwritecu/v6/VuJjdNDb2p7tvoFGLMPdf9xcahOpb9ZuoyXseRmxVeXxmg.woff2,"[{'tag': 'wght', 'start': 100, 'end': 400}]",,1304,2025,recent_12m,False,True,4,{'wght'},1,False,False,False,1,False,False,False
Port Lligat Slab,['regular'],['latin'],v27,2025-09-08,{'regular': 'https://fonts.gstatic.com/s/portlligatslab/v27/LDIpaoiQNgArA8kR7ulhZ8P_NYOss78b9yGLmfI.woff2'},serif,webfonts#webfont,https://fonts.gstatic.com/s/portlligatslab/v27/LDIpaoiQNgArA8kR7ulhZ8P_NYOsg7sR9g.woff2,,,1305,2025,recent_12m,False,False,1,set(),0,False,False,False,1,False,False,False
Paprika,['regular'],"['latin', 'latin-ext']",v24,2025-09-11,{'regular': 'https://fonts.gstatic.com/s/paprika/v24/8QIJdijZitv49rDfuI0Oq7jkAOw.woff2'},display,webfonts#webfont,https://fonts.gstatic.com/s/paprika/v24/8QIJdijZitv49rDfiIkEqg.woff2,,,1306,2025,recent_12m,False,False,1,set(),0,False,False,False,2,False,False,False
Wellfleet,['regular'],"['latin', 'latin-ext']",v25,2025-09-10,{'regular': 'https://fonts.gstatic.com/s/wellfleet/v25/nuF7D_LfQJb3VYgX6eyT5maLDhO2HA.woff2'},serif,webfonts#webfont,https://fonts.gstatic.com/s/wellfleet/v25/nuF7D_LfQJb3VYgX6eyj4myK.woff2,,,1307,2025,recent_12m,False,False,1,set(),0,False,False,False,2,False,False,False
Sono,['regular'],"['latin', 'latin-ext', 'vietnamese']",v12,2025-09-11,{'regular': 'https://fonts.gstatic.com/s/sono/v12/aFTb7PNiY3U2EKndohWxGYU.woff2'},sans-serif,webfonts#webfont,https://fonts.gstatic.com/s/sono/v12/aFT97PNiY3U2Cqf_aYEN64CYaK18YWJEsV6u-QLiOsxVtkWtE355.woff2,"[{'tag': 'MONO', 'start': 0, 'end': 1}, {'tag': 'wght', 'start': 200, 'end': 800}]",,1308,2025,recent_12m,False,True,7,"{'MONO', 'wght'}",2,False,False,False,3,False,False,False
Shippori Antique B1,['regular'],"['japanese', 'latin', 'latin-ext']",v11,2025-09-05,{'regular': 'https://fonts.gstatic.com/s/shipporiantiqueb1/v11/2Eb7L_JwClR7Zl_UAKZ0mUHw3oMKd40grRRCj9-5Y8Y.woff2'},sans-serif,webfonts#webfont,https://fonts.gstatic.com/s/shipporiantiqueb1/v11/2Eb7L_JwClR7Zl_UAKZ0mUHw3oMKd40gnRBIjg.woff2,,,1309,2025,recent_12m,False,False,1,set(),0,False,False,False,3,False,False,False
Yuji Boku,['regular'],"['cyrillic', 'japanese', 'latin', 'latin-ext']",v8,2025-09-05,{'regular': 'https://fonts.gstatic.com/s/yujiboku/v8/P5sAzZybeNzXsA9xj1FkiL2r2dgvJA.woff2'},serif,webfonts#webfont,https://fonts.gstatic.com/s/yujiboku/v8/P5sAzZybeNzXsA9xj1FUjLeq.woff2,,,1310,2025,recent_12m,False,False,1,set(),0,False,False,False,4,False,False,False
Content,"['regular', '700']",['khmer'],v27,2024-12-04,"{'regular': 'https://fonts.gstatic.com/s/content/v27/zrfl0HLayePhU_AwUaXyIiL0RCg.woff2', '700': 'https://fonts.gstatic.com/s/content/v27/zrfg0HLayePhU_AwaRzdBi_fWCHvkAI.woff2'}",display,webfonts#webfont,https://fonts.gstatic.com/s/content/v27/zrfl0HLayePhU_AwYaH4Iw.woff2,,,1311,2024,older,False,False,2,set(),0,False,False,False,1,False,False,False
Montserrat Underline,"['regular', 'italic']","['cyrillic', 'cyrillic-ext', 'latin', 'latin-ext', 'vietnamese']",v3,2025-09-05,"{'regular': 'https://fonts.gstatic.com/s/montserratunderline/v3/mFTuWaYfw6zH4dthXcyms01NtC8I_7U5uR4sxoPdAYRC.woff2', 'italic': 'https://fonts.gstatic.com/s/montserratunderline/v3/mFTgWaYfw6zH4dthXcyms01NtC8I_7U5uS4rzIL_BJRCymA.woff2'}",sans-serif,webfonts#webfont,https://fonts.gstatic.com/s/montserratunderline/v3/mFTbWaYfw6zH4dthXcyms01NtC8I_7U5uQQi5HMFnSdEx2F5WihMuLze.woff2,"[{'tag': 'wght', 'start': 100, 'end': 900}]",,1312,2025,recent_12m,True,True,9,{'wght'},1,False,False,False,5,False,False,False
Winky Sans,"['regular', 'italic']","['latin', 'latin-ext']",v3,2025-09-02,"{'regular': 'https://fonts.gstatic.com/s/winkysans/v3/ll85K2SDUiG1Hpf2p06bB68ikgYbnRQ.woff2', 'italic': 'https://fonts.gstatic.com/s/winkysans/v3/ll87K2SDUiG1Hpf2p06bN6gokyQejRR7AQ.woff2'}",sans-serif,webfonts#webfont,https://fonts.gstatic.com/s/winkysans/v3/ll8sK2SDUiG1Hpf2p06bHaEAYt6HPhJ2AGWKiA6E0zs.woff2,"[{'tag': 'wght', 'start': 300, 'end': 900}]",,1313,2025,recent_12m,True,True,7,{'wght'},1,False,False,False,2,False,False,False
Risque,['regular'],"['latin', 'latin-ext']",v24,2025-09-08,{'regular': 'https://fonts.gstatic.com/s/risque/v24/VdGfAZUfHosahXxoDEYVBJ-T5g.woff2'},display,webfonts#webfont,https://fonts.gstatic.com/s/risque/v24/VdGfAZUfHosahXxYCEwU.woff2,,,1314,2025,recent_12m,False,False,1,set(),0,False,False,False,2,False,False,False
Edu AU VIC WA NT Guides,['regular'],"['latin', 'latin-ext']",v3,2025-09-08,{'regular': 'https://fonts.gstatic.com/s/eduauvicwantguides/v3/TuGBUUJ4V48KZ9Nr3ZV46JQkJxtkFIKnvy00LDxgIzIU5RwD.woff2'},handwriting,webfonts#webfont,https://fonts.gstatic.com/s/eduauvicwantguides/v3/TuG-UUJ4V48KZ9Nr3ZV46JQkJxtkFIKnvy00LCZuAcLMeb8FnyPdK1Zqz4t1.woff2,"[{'tag': 'wght', 'start': 400, 'end': 700}]",,1315,2025,recent_12m,False,True,4,{'wght'},1,False,False,False,2,False,False,False
Noto Sans Tagalog,['regular'],"['latin', 'latin-ext', 'tagalog']",v23,2025-09-16,{'regular': 'https://fonts.gstatic.com/s/notosanstagalog/v23/J7aFnoNzCnFcV9ZI-sUYuvote1R0wwEFA8jHexnL.woff2'},sans-serif,webfonts#webfont,https://fonts.gstatic.com/s/notosanstagalog/v23/J7aFnoNzCnFcV9ZI-sUYuvote1R0wzEBCck.woff2,,,1316,2025,recent_12m,False,False,1,set(),0,False,False,False,3,False,False,False
Stoke,"['300', 'regular']","['latin', 'latin-ext']",v26,2025-09-10,"{'300': 'https://fonts.gstatic.com/s/stoke/v26/z7NXdRb7aTMfKNvFVgxH_pjcTeWU.woff2', 'regular': 'https://fonts.gstatic.com/s/stoke/v26/z7NadRb7aTMfKONsfihK1YTV.woff2'}",serif,webfonts#webfont,https://fonts.gstatic.com/s/stoke/v26/z7NadRb7aTMfKNNodCk.woff2,,,1317,2025,recent_12m,False,False,2,set(),0,False,False,False,2,False,False,False
Noto Sans Buhid,['regular'],"['buhid', 'latin', 'latin-ext']",v23,2025-09-16,{'regular': 'https://fonts.gstatic.com/s/notosansbuhid/v23/Dxxy8jiXMW75w3OmoDXVWJD7YwzAfqtgnaFoGA.woff2'},sans-serif,webfonts#webfont,https://fonts.gstatic.com/s/notosansbuhid/v23/Dxxy8jiXMW75w3OmoDXVWJD7YwzweqFh.woff2,,,1318,2025,recent_12m,False,False,1,set(),0,False,False,False,3,False,False,False
Castoro Titling,['regular'],"['latin', 'latin-ext']",v10,2025-09-10,{'regular': 'https://fonts.gstatic.com/s/castorotitling/v10/buEupouwccj03leTfjUAhEZWlrNqZwckeo9RMw.woff2'},display,webfonts#webfont,https://fonts.gstatic.com/s/castorotitling/v10/buEupouwccj03leTfjUAhEZWlrNaYw0l.woff2,,,1319,2025,recent_12m,False,False,1,set(),0,False,False,False,2,False,False,False
Lugrasimo,['regular'],"['latin', 'latin-ext']",v5,2025-06-02,{'regular': 'https://fonts.gstatic.com/s/lugrasimo/v5/qkBXXvoF_s_eT9c7Y7ae4ZRLkAXbMQ.woff2'},handwriting,webfonts#webfont,https://fonts.gstatic.com/s/lugrasimo/v5/qkBXXvoF_s_eT9c7Y7au5Z5K.woff2,,,1320,2025,older,False,False,1,set(),0,False,False,False,2,False,False,False
Caramel,['regular'],"['latin', 'latin-ext', 'vietnamese']",v8,2025-09-02,{'regular': 'https://fonts.gstatic.com/s/caramel/v8/P5sCzZKBbMTf_ShyxCFuiZ-uydg.woff2'},handwriting,webfonts#webfont,https://fonts.gstatic.com/s/caramel/v8/P5sCzZKBbMTf_Shy9CVkiA.woff2,,,1321,2025,recent_12m,False,False,1,set(),0,False,False,False,3,False,False,False
Federant,['regular'],['latin'],v31,2025-09-11,{'regular': 'https://fonts.gstatic.com/s/federant/v31/2sDdZGNfip_eirT0_U0mRUG0AqUc.woff2'},display,webfonts#webfont,https://fonts.gstatic.com/s/federant/v31/2sDdZGNfip_eirT0_X0iT0A.woff2,,,1322,2025,recent_12m,False,False,1,set(),0,False,False,False,1,False,False,False
Noto Sans Thaana,['regular'],"['latin', 'latin-ext', 'thaana']",v26,2025-09-05,{'regular': 'https://fonts.gstatic.com/s/notosansthaana/v26/C8c44dM-vnz-s-3jaEsxlxHkBH-Wfu8xrSKMDvI.woff2'},sans-serif,webfonts#webfont,https://fonts.gstatic.com/s/notosansthaana/v26/C8c14dM-vnz-s-3jaEsxlxHkBH-WZOETXfoQrfQ9Y4XrbiLglO8.woff2,"[{'tag': 'wght', 'start': 100, 'end': 900}]",,1323,2025,recent_12m,False,True,9,{'wght'},1,False,False,False,3,False,False,False
Srisakdi,"['regular', '700']","['latin', 'latin-ext', 'thai', 'vietnamese']",v18,2025-09-08,"{'regular': 'https://fonts.gstatic.com/s/srisakdi/v18/yMJRMIlvdpDbkB0A-jq5fSx5i814.woff2', '700': 'https://fonts.gstatic.com/s/srisakdi/v18/yMJWMIlvdpDbkB0A-gIAUgh0oNFxW0Hz.woff2'}",display,webfonts#webfont,https://fonts.gstatic.com/s/srisakdi/v18/yMJRMIlvdpDbkB0A-gq9dy0.woff2,,,1324,2025,recent_12m,False,False,2,set(),0,False,False,False,4,False,False,False
Gulzar,['regular'],"['arabic', 'latin', 'latin-ext']",v14,2025-09-05,{'regular': 'https://fonts.gstatic.com/s/gulzar/v14/Wnz6HAc9eB3HB2ILZDwZqg_MPQ.woff2'},serif,webfonts#webfont,https://fonts.gstatic.com/s/gulzar/v14/Wnz6HAc9eB3HB2I7YDYY.woff2,,,1325,2025,recent_12m,False,False,1,set(),0,False,False,False,3,False,False,False
Noto Sans Mende Kikakui,['regular'],"['latin', 'latin-ext', 'mende-kikakui']",v30,2026-01-20,{'regular': 'https://fonts.gstatic.com/s/notosansmendekikakui/v30/11hRGoLHz17aKjQCWj-JHcLvu2Q5zZrnkbNCLUx6aDJLAHer.woff2'},sans-serif,webfonts#webfont,https://fonts.gstatic.com/s/notosansmendekikakui/v30/11hRGoLHz17aKjQCWj-JHcLvu2Q5zZrnkbNCLXx-YjM.woff2,,,1326,2026,recent_12m,False,False,1,set(),0,False,False,False,3,False,False,False
Chilanka,['regular'],"['latin', 'latin-ext', 'malayalam']",v23,2025-09-16,{'regular': 'https://fonts.gstatic.com/s/chilanka/v23/WWXRlj2DZQiMJYaYRrJVI9EAZhTO.woff2'},handwriting,webfonts#webfont,https://fonts.gstatic.com/s/chilanka/v23/WWXRlj2DZQiMJYaYRoJRKdA.woff2,,,1327,2025,recent_12m,False,False,1,set(),0,False,False,False,3,False,False,False
Playpen Sans Arabic,['regular'],"['arabic', 'emoji', 'latin', 'latin-ext', 'math']",v8,2025-09-10,{'regular': 'https://fonts.gstatic.com/s/playpensansarabic/v8/KtkxAKiSeo38bkPvhIqjU6aCgha2der-fYtq4szgE-Q.woff2'},handwriting,webfonts#webfont,https://fonts.gstatic.com/s/playpensansarabic/v8/KtkGAKiSeo38bkPvhIqjU6aCgha2der-Z4VIEhR8sOKet-ZBoIPdDuw.woff2,"[{'tag': 'wght', 'start': 100, 'end': 800}]",,1328,2025,recent_12m,False,True,8,{'wght'},1,False,False,False,5,False,False,False
Plaster,['regular'],"['latin', 'latin-ext']",v25,2025-09-16,{'regular': 'https://fonts.gstatic.com/s/plaster/v25/DdTm79QatW80eRh4EitJOtLOeLI.woff2'},display,webfonts#webfont,https://fonts.gstatic.com/s/plaster/v25/DdTm79QatW80eRh4Ii9DOw.woff2,,,1329,2025,recent_12m,False,False,1,set(),0,False,False,False,2,False,False,False
Gwendolyn,"['regular', '700']","['latin', 'latin-ext', 'vietnamese']",v9,2025-09-10,"{'regular': 'https://fonts.gstatic.com/s/gwendolyn/v9/qkBXXvoO_M3CSss-d7ee4ZRLkAXbMQ.woff2', '700': 'https://fonts.gstatic.com/s/gwendolyn/v9/qkBSXvoO_M3CSss-d7emWLtvnS7HONiSFQ.woff2'}",handwriting,webfonts#webfont,https://fonts.gstatic.com/s/gwendolyn/v9/qkBXXvoO_M3CSss-d7eu5Z5K.woff2,,,1330,2025,recent_12m,False,False,2,set(),0,False,False,False,3,False,False,False
Vend Sans,"['regular', 'italic']","['latin', 'latin-ext']",v1,2025-08-26,"{'regular': 'https://fonts.gstatic.com/s/vendsans/v1/E21l_d7ijufNwCJPEUssVgVUAuu3cw.woff2', 'italic': 'https://fonts.gstatic.com/s/vendsans/v1/E21j_d7ijufNwCJPEUscUQ9VIO6nc-qA.woff2'}",sans-serif,webfonts#webfont,https://fonts.gstatic.com/s/vendsans/v1/E212_d7ijufNwCJPEUs2WCek2ncUdeeBqlmq_zbDQQ.woff2,"[{'tag': 'wght', 'start': 300, 'end': 700}]",,1331,2025,recent_12m,True,True,5,{'wght'},1,False,False,False,2,False,False,False
Sekuya,['regular'],"['latin', 'latin-ext']",v1,2025-12-10,{'regular': 'https://fonts.gstatic.com/s/sekuya/v1/fdN_9suEu39Dg3wk3ypfnF8U4A.woff2'},display,webfonts#webfont,https://fonts.gstatic.com/s/sekuya/v1/fdN_9suEu39Dg3wU2yBe.woff2,,,1332,2025,recent_12m,False,False,1,set(),0,False,False,False,2,False,False,False
Fascinate Inline,['regular'],"['latin', 'latin-ext']",v24,2025-09-10,{'regular': 'https://fonts.gstatic.com/s/fascinateinline/v24/jVyR7mzzB3zc-jp6QCAu60poNqIy1gjCfRXxWZQ.woff2'},display,webfonts#webfont,https://fonts.gstatic.com/s/fascinateinline/v24/jVyR7mzzB3zc-jp6QCAu60poNqIy5gzIfA.woff2,,,1333,2025,recent_12m,False,False,1,set(),0,False,False,False,2,False,False,False
Stint Ultra Expanded,['regular'],"['latin', 'latin-ext']",v24,2025-09-08,{'regular': 'https://fonts.gstatic.com/s/stintultraexpanded/v24/CSRg4yNNh-GbW3o3JkwoDcdvMKMf0oBAd0qtATQkWwam.woff2'},serif,webfonts#webfont,https://fonts.gstatic.com/s/stintultraexpanded/v24/CSRg4yNNh-GbW3o3JkwoDcdvMKMf0oBAd3qpCzU.woff2,,,1334,2025,recent_12m,False,False,1,set(),0,False,False,False,2,False,False,False
Yaldevi,['regular'],"['latin', 'latin-ext', 'sinhala']",v17,2025-09-10,{'regular': 'https://fonts.gstatic.com/s/yaldevi/v17/cY9Ffj6VW0NMrDWtFtLgy9HTkak.woff2'},sans-serif,webfonts#webfont,https://fonts.gstatic.com/s/yaldevi/v17/cY9afj6VW0NMrDWtDNzCOwlPMq9SLpdxJwvpZRM.woff2,"[{'tag': 'wght', 'start': 200, 'end': 700}]",,1335,2025,recent_12m,False,True,6,{'wght'},1,False,False,False,3,False,False,False
Shalimar,['regular'],"['latin', 'latin-ext', 'vietnamese']",v9,2025-09-08,{'regular': 'https://fonts.gstatic.com/s/shalimar/v9/uU9MCBoE6I6iNWFUvTP08PCOg0uX.woff2'},handwriting,webfonts#webfont,https://fonts.gstatic.com/s/shalimar/v9/uU9MCBoE6I6iNWFUvQPw-vE.woff2,,,1336,2025,recent_12m,False,False,1,set(),0,False,False,False,3,False,False,False
Playwrite IS,['regular'],['latin'],v10,2025-09-11,{'regular': 'https://fonts.gstatic.com/s/playwriteis/v10/JTUQjI4o_SGg9lecLGptrD1hyyTn89dtpQ.woff2'},handwriting,webfonts#webfont,https://fonts.gstatic.com/s/playwriteis/v10/JTUFjI4o_SGg9lecLGptrD17xQYXK0vOoz6jq6R9WX50pg.woff2,"[{'tag': 'wght', 'start': 100, 'end': 400}]",,1337,2025,recent_12m,False,True,4,{'wght'},1,False,False,False,1,False,False,False
Playwrite VN Guides,['regular'],['latin'],v1,2025-05-30,{'regular': 'https://fonts.gstatic.com/s/playwritevnguides/v1/JIAvUUlydXJZq1IQU8oDBn2CUkROHFEAfXYXfpmSLuI.woff2'},handwriting,webfonts#webfont,https://fonts.gstatic.com/s/playwritevnguides/v1/JIAvUUlydXJZq1IQU8oDBn2CUkROHFEATXIdfw.woff2,,,1338,2025,older,False,False,1,set(),0,False,False,False,1,False,False,False
Playwrite IN,['regular'],['latin'],v11,2025-09-08,{'regular': 'https://fonts.gstatic.com/s/playwritein/v11/uk-kEGGpoLQ97mfv2J3cZzup4g50_o9T7Q.woff2'},handwriting,webfonts#webfont,https://fonts.gstatic.com/s/playwritein/v11/uk-xEGGpoLQ97mfv2J3cZzuz7CyEJhPw65lkM7mMAR4t3g.woff2,"[{'tag': 'wght', 'start': 100, 'end': 400}]",,1339,2025,recent_12m,False,True,4,{'wght'},1,False,False,False,1,False,False,False
Girassol,['regular'],"['latin', 'latin-ext']",v24,2025-09-05,{'regular': 'https://fonts.gstatic.com/s/girassol/v24/JTUUjIo_-DK48laaNC9Iz2pJzxbi.woff2'},display,webfonts#webfont,https://fonts.gstatic.com/s/girassol/v24/JTUUjIo_-DK48laaNB9MxWs.woff2,,,1340,2025,recent_12m,False,False,1,set(),0,False,False,False,2,False,False,False
Text Me One,['regular'],"['latin', 'latin-ext']",v26,2025-09-16,{'regular': 'https://fonts.gstatic.com/s/textmeone/v26/i7dOIFdlayuLUvgoFvHQFWZZalayGhyV.woff2'},sans-serif,webfonts#webfont,https://fonts.gstatic.com/s/textmeone/v26/i7dOIFdlayuLUvgoFvHQFVZdYFc.woff2,,,1341,2025,recent_12m,False,False,1,set(),0,False,False,False,2,False,False,False
Diphylleia,['regular'],"['korean', 'latin', 'latin-ext']",v2,2025-05-30,{'regular': 'https://fonts.gstatic.com/s/diphylleia/v2/DtVmJxCtRKMixK4_HXsIulkm6gDXvwE.woff2'},serif,webfonts#webfont,https://fonts.gstatic.com/s/diphylleia/v2/DtVmJxCtRKMixK4_HXsIil0s6w.woff2,,,1342,2025,older,False,False,1,set(),0,False,False,False,3,True,False,False
Bungee Outline,['regular'],"['latin', 'latin-ext', 'vietnamese']",v24,2025-09-10,{'regular': 'https://fonts.gstatic.com/s/bungeeoutline/v24/_6_mEDvmVP24UvU2MyiGDslL3QgyYhJqPXxo.woff2'},display,webfonts#webfont,https://fonts.gstatic.com/s/bungeeoutline/v24/_6_mEDvmVP24UvU2MyiGDslL3Tg2aBM.woff2,,,1343,2025,recent_12m,False,False,1,set(),0,False,False,False,3,False,False,False
Tourney,"['regular', 'italic']","['latin', 'latin-ext', 'vietnamese']",v16,2025-09-10,"{'regular': 'https://fonts.gstatic.com/s/tourney/v16/AlZw_ztDtYzv1tzqzQkrcVX9TB0.woff2', 'italic': 'https://fonts.gstatic.com/s/tourney/v16/AlZy_ztDtYzv1tzq_Q4hcHf4XB0Tow.woff2'}",display,webfonts#webfont,https://fonts.gstatic.com/s/tourney/v16/AlZa_ztDtYzv1tzq1wcJnbVt7xseomk-tNs7qrzTWbyt8n7GOQFCZDB0.woff2,"[{'tag': 'wdth', 'start': 75, 'end': 125}, {'tag': 'wght', 'start': 100, 'end': 900}]",,1344,2025,recent_12m,True,True,9,"{'wdth', 'wght'}",2,True,False,False,3,False,False,False
Manufacturing Consent,['regular'],"['latin', 'latin-ext']",v1,2025-06-25,{'regular': 'https://fonts.gstatic.com/s/manufacturingconsent/v1/N0bL2TVONuFkPkuHfiECSLCwuZS-D-IsakikQqQvbfFYLA.woff2'},display,webfonts#webfont,https://fonts.gstatic.com/s/manufacturingconsent/v1/N0bL2TVONuFkPkuHfiECSLCwuZS-D-IsakiURq4u.woff2,,,1345,2025,older,False,False,1,set(),0,False,False,False,2,False,False,False
Libre Barcode EAN13 Text,['regular'],['latin'],v25,2025-09-17,{'regular': 'https://fonts.gstatic.com/s/librebarcodeean13text/v25/wlpigxXFDU1_oCu9nfZytgIqSG0XRcJm_OQiB96PBWEki52WfA.woff2'},display,webfonts#webfont,https://fonts.gstatic.com/s/librebarcodeean13text/v25/wlpigxXFDU1_oCu9nfZytgIqSG0XRcJm_OQiB96_AWsl.woff2,,,1346,2025,recent_12m,False,False,1,set(),0,False,False,False,1,False,False,False
Ravi Prakash,['regular'],"['latin', 'telugu']",v21,2025-09-16,{'regular': 'https://fonts.gstatic.com/s/raviprakash/v21/gokpH6fsDkVrF9Bv9X8SOAKHndZEq6TTFw.woff2'},display,webfonts#webfont,https://fonts.gstatic.com/s/raviprakash/v21/gokpH6fsDkVrF9Bv9X8SOAK3mdxF.woff2,,,1347,2025,recent_12m,False,False,1,set(),0,False,False,False,2,False,False,False
Condiment,['regular'],"['latin', 'latin-ext']",v26,2025-09-11,{'regular': 'https://fonts.gstatic.com/s/condiment/v26/pONk1hggFNmwvXALyH6Sron4o1vyCQ.woff2'},handwriting,webfonts#webfont,https://fonts.gstatic.com/s/condiment/v26/pONk1hggFNmwvXALyH6iqoP5.woff2,,,1348,2025,recent_12m,False,False,1,set(),0,False,False,False,2,False,False,False
Rubik Moonrocks,['regular'],"['cyrillic', 'cyrillic-ext', 'hebrew', 'latin', 'latin-ext']",v7,2025-09-10,{'regular': 'https://fonts.gstatic.com/s/rubikmoonrocks/v7/845ANMAmAI2VUZMLu_W0M7HqlDHnWMD7JGy1Sw.woff2'},display,webfonts#webfont,https://fonts.gstatic.com/s/rubikmoonrocks/v7/845ANMAmAI2VUZMLu_W0M7HqlDHXXMr6.woff2,,,1349,2025,recent_12m,False,False,1,set(),0,False,False,False,5,False,False,False
Momo Trust Sans,['regular'],"['latin', 'latin-ext', 'vietnamese']",v4,2025-11-20,{'regular': 'https://fonts.gstatic.com/s/momotrustsans/v4/BXRzvFfHh_fFyXlQWZgO0TyUN7P30LeyoRkJIA.woff2'},sans-serif,webfonts#webfont,https://fonts.gstatic.com/s/momotrustsans/v4/BXR8vFfHh_fFyXlQWZgO0TyUN7Pt3pVCeYWqJnZSW7RpXTsfew.woff2,"[{'tag': 'wght', 'start': 200, 'end': 800}]",,1350,2025,recent_12m,False,True,7,{'wght'},1,False,False,False,3,False,False,False
Farsan,['regular'],"['gujarati', 'latin', 'latin-ext', 'vietnamese']",v24,2025-09-16,{'regular': 'https://fonts.gstatic.com/s/farsan/v24/VEMwRoJ0vY_zsyz636-pxDX9rQ.woff2'},display,webfonts#webfont,https://fonts.gstatic.com/s/farsan/v24/VEMwRoJ0vY_zsyzK26Wo.woff2,,,1351,2025,recent_12m,False,False,1,set(),0,False,False,False,4,False,False,False
Kotta One,['regular'],"['latin', 'latin-ext']",v21,2025-09-05,{'regular': 'https://fonts.gstatic.com/s/kottaone/v21/S6u_w41LXzPc_jlfNWqPGQ3s5dwt7w.woff2'},serif,webfonts#webfont,https://fonts.gstatic.com/s/kottaone/v21/S6u_w41LXzPc_jlfNWq_HQft.woff2,,,1352,2025,recent_12m,False,False,1,set(),0,False,False,False,2,False,False,False
Spirax,['regular'],['latin'],v22,2025-09-10,{'regular': 'https://fonts.gstatic.com/s/spirax/v22/buE3poKgYNLy0F3cW0tt-Csn-Q.woff2'},display,webfonts#webfont,https://fonts.gstatic.com/s/spirax/v22/buE3poKgYNLy0F3sX0Fs.woff2,,,1353,2025,recent_12m,False,False,1,set(),0,False,False,False,1,False,False,False
Beiruti,['regular'],"['arabic', 'latin', 'latin-ext', 'vietnamese']",v5,2025-09-10,{'regular': 'https://fonts.gstatic.com/s/beiruti/v5/JTUXjIU69Cmr9FGceApn4WZA1g8.woff2'},sans-serif,webfonts#webfont,https://fonts.gstatic.com/s/beiruti/v5/JTUIjIU69Cmr9FGcYgRFEb7cdQn2-9a95zuii2k.woff2,"[{'tag': 'wght', 'start': 200, 'end': 900}]",,1354,2025,recent_12m,False,True,8,{'wght'},1,False,False,False,4,False,False,False
Story Script,['regular'],"['latin', 'latin-ext', 'vietnamese']",v3,2025-08-26,{'regular': 'https://fonts.gstatic.com/s/storyscript/v3/mem5YaSw02SQ0OlzDuR8Isk-UOJoCqeDjg.woff2'},sans-serif,webfonts#webfont,https://fonts.gstatic.com/s/storyscript/v3/mem5YaSw02SQ0OlzDuR8IskOVOhp.woff2,,,1355,2025,recent_12m,False,False,1,set(),0,False,False,False,3,False,False,False
Almendra SC,['regular'],['latin'],v31,2025-09-10,{'regular': 'https://fonts.gstatic.com/s/almendrasc/v31/Iure6Yx284eebowr7hbyTZZMprVA4XQ0.woff2'},serif,webfonts#webfont,https://fonts.gstatic.com/s/almendrasc/v31/Iure6Yx284eebowr7hbyTaZIrLQ.woff2,,,1356,2025,recent_12m,False,False,1,set(),0,False,False,False,1,False,False,False
Texturina,"['regular', 'italic']","['latin', 'latin-ext', 'vietnamese']",v32,2025-09-16,"{'regular': 'https://fonts.gstatic.com/s/texturina/v32/c4mi1nxpEtL3pXiAulRJn6159KOnWA.woff2', 'italic': 'https://fonts.gstatic.com/s/texturina/v32/c4mk1nxpEtL3pXiAulR5mKd41qa3WFv8.woff2'}",serif,webfonts#webfont,https://fonts.gstatic.com/s/texturina/v32/c4mM1nxpEtL3pXiAulRTkY-HGmNEX1b9NspjMwhAgliHhVrXy2eYGsUh0Zs.woff2,"[{'tag': 'opsz', 'start': 12, 'end': 72}, {'tag': 'wght', 'start': 100, 'end': 900}]",,1357,2025,recent_12m,True,True,9,"{'opsz', 'wght'}",2,False,False,True,3,False,False,False
Ruge Boogie,['regular'],"['latin', 'latin-ext', 'vietnamese']",v30,2025-09-11,{'regular': 'https://fonts.gstatic.com/s/rugeboogie/v30/JIA3UVFwbHRF_GIWSMhKNROnPzUveSxy.woff2'},handwriting,webfonts#webfont,https://fonts.gstatic.com/s/rugeboogie/v30/JIA3UVFwbHRF_GIWSMhKNSOjNTQ.woff2,,,1358,2025,recent_12m,False,False,1,set(),0,False,False,False,3,False,False,False
Momo Trust Display,['regular'],"['latin', 'latin-ext', 'vietnamese']",v2,2025-10-29,{'regular': 'https://fonts.gstatic.com/s/momotrustdisplay/v2/WWXPlieNYgyPZLyBUuEkKZFhFHyjqb1ummxNNgNa1A.woff2'},sans-serif,webfonts#webfont,https://fonts.gstatic.com/s/momotrustdisplay/v2/WWXPlieNYgyPZLyBUuEkKZFhFHyjqb1enmZM.woff2,,,1359,2025,recent_12m,False,False,1,set(),0,False,False,False,3,False,False,False
Emblema One,['regular'],"['latin', 'latin-ext']",v22,2025-09-10,{'regular': 'https://fonts.gstatic.com/s/emblemaone/v22/nKKT-GQ0F5dSY8vzG0rOEIREHl57G_f_.woff2'},display,webfonts#webfont,https://fonts.gstatic.com/s/emblemaone/v22/nKKT-GQ0F5dSY8vzG0rOELRAFF8.woff2,,,1360,2025,recent_12m,False,False,1,set(),0,False,False,False,2,False,False,False
Offside,['regular'],"['latin', 'latin-ext']",v26,2025-09-05,{'regular': 'https://fonts.gstatic.com/s/offside/v26/HI_KiYMWKa9QrAykQ5TiRp-dhpQ.woff2'},display,webfonts#webfont,https://fonts.gstatic.com/s/offside/v26/HI_KiYMWKa9QrAykc5DoRw.woff2,,,1361,2025,recent_12m,False,False,1,set(),0,False,False,False,2,False,False,False
Monomakh,['regular'],"['cyrillic', 'cyrillic-ext', 'latin', 'latin-ext']",v1,2025-05-30,{'regular': 'https://fonts.gstatic.com/s/monomakh/v1/Wnz4HAk3Yh_SC3FACTYYiArcPRKo.woff2'},display,webfonts#webfont,https://fonts.gstatic.com/s/monomakh/v1/Wnz4HAk3Yh_SC3FACQYcggs.woff2,,,1362,2025,older,False,False,1,set(),0,False,False,False,4,False,False,False
Simonetta,"['regular', 'italic', '900', '900italic']","['latin', 'latin-ext']",v29,2025-09-11,"{'regular': 'https://fonts.gstatic.com/s/simonetta/v29/x3dickHVYrCU5BU15c4BefACvy_1BA.woff2', 'italic': 'https://fonts.gstatic.com/s/simonetta/v29/x3dkckHVYrCU5BU15c4xfvoDnSrlBBsy.woff2', '900': 'https://fonts.gstatic.com/s/simonetta/v29/x3dnckHVYrCU5BU15c45-N0msgTpDQIrGg.woff2', '900italic': 'https://fonts.gstatic.com/s/simonetta/v29/x3d5ckHVYrCU5BU15c4xfsKCsA7oLwc7Gn88.woff2'}",display,webfonts#webfont,https://fonts.gstatic.com/s/simonetta/v29/x3dickHVYrCU5BU15c4xffoD.woff2,,,1363,2025,recent_12m,True,False,2,set(),0,False,False,False,2,False,False,False
Playwrite GB S,"['regular', 'italic']",['latin'],v12,2025-09-08,"{'regular': 'https://fonts.gstatic.com/s/playwritegbs/v12/oPWW_kFkk-s1Xclhmlemy7jsNR5ybHiez1PV.woff2', 'italic': 'https://fonts.gstatic.com/s/playwritegbs/v12/oPWU_kFkk-s1Xclhmlemy7jsNS51Znm8ykPVEGQ.woff2'}",handwriting,webfonts#webfont,https://fonts.gstatic.com/s/playwritegbs/v12/oPWb_kFkk-s1Xclhmlemy7jsNQR8TohGU_DTHWU6uhDMxp2N.woff2,"[{'tag': 'wght', 'start': 100, 'end': 400}]",,1364,2025,recent_12m,True,True,4,{'wght'},1,False,False,False,1,False,False,False
Glass Antiqua,['regular'],"['latin', 'latin-ext']",v26,2025-09-16,{'regular': 'https://fonts.gstatic.com/s/glassantiqua/v26/xfu30Wr0Wn3NOQM2piC0uXOjnLrwN6fRUkY.woff2'},display,webfonts#webfont,https://fonts.gstatic.com/s/glassantiqua/v26/xfu30Wr0Wn3NOQM2piC0uXOjrL76Ng.woff2,,,1365,2025,recent_12m,False,False,1,set(),0,False,False,False,2,False,False,False
Encode Sans SC,['regular'],"['latin', 'latin-ext', 'vietnamese']",v14,2025-09-11,{'regular': 'https://fonts.gstatic.com/s/encodesanssc/v14/jVyT7nLwCGzQ9zE7ZyRg0QRXHOxS3AngeAXx.woff2'},sans-serif,webfonts#webfont,https://fonts.gstatic.com/s/encodesanssc/v14/jVyp7nLwCGzQ9zE7ZyRg0QRXHPZc_uUA6Kb3VJWLE_Pdtm7lcD6qvXT1HHhmwc5HOQ.woff2,"[{'tag': 'wdth', 'start': 75, 'end': 125}, {'tag': 'wght', 'start': 100, 'end': 900}]",,1366,2025,recent_12m,False,True,9,"{'wdth', 'wght'}",2,True,False,False,3,False,False,False
SN Pro,"['regular', 'italic']","['cyrillic', 'cyrillic-ext', 'latin', 'latin-ext', 'vietnamese']",v1,2026-01-28,"{'regular': 'https://fonts.gstatic.com/s/snpro/v1/NGS1v5zWIAwPIq7RaJ5PuKoY0A.woff2', 'italic': 'https://fonts.gstatic.com/s/snpro/v1/NGS3v5zWIAwPIq7hb5ROmq8I0LVF.woff2'}",sans-serif,webfonts#webfont,https://fonts.gstatic.com/s/snpro/v1/NGSov5zWIAwPIq7LZry_YDa71rhEQaf_YmiDwg.woff2,"[{'tag': 'wght', 'start': 200, 'end': 900}]",,1367,2026,recent_12m,True,True,8,{'wght'},1,False,False,False,5,False,False,False
Almendra Display,['regular'],"['latin', 'latin-ext']",v33,2025-09-05,{'regular': 'https://fonts.gstatic.com/s/almendradisplay/v33/0FlPVOGWl1Sb4O3tETtADHRRlZhzXSreTyer338.woff2'},display,webfonts#webfont,https://fonts.gstatic.com/s/almendradisplay/v33/0FlPVOGWl1Sb4O3tETtADHRRlZhzbS7UTg.woff2,,,1368,2025,recent_12m,False,False,1,set(),0,False,False,False,2,False,False,False
Inspiration,['regular'],"['latin', 'latin-ext', 'vietnamese']",v7,2025-06-02,{'regular': 'https://fonts.gstatic.com/s/inspiration/v7/x3dkckPPZa6L4wIg5cZOEvoDnSrlBBsy.woff2'},handwriting,webfonts#webfont,https://fonts.gstatic.com/s/inspiration/v7/x3dkckPPZa6L4wIg5cZOEsoHlys.woff2,,,1369,2025,older,False,False,1,set(),0,False,False,False,3,False,False,False
Donegal One,['regular'],"['latin', 'latin-ext']",v22,2025-09-08,{'regular': 'https://fonts.gstatic.com/s/donegalone/v22/m8JWjfRYea-ZnFz6fsK9FZRARG-K3Mud.woff2'},serif,webfonts#webfont,https://fonts.gstatic.com/s/donegalone/v22/m8JWjfRYea-ZnFz6fsK9FaRETm4.woff2,,,1370,2025,recent_12m,False,False,1,set(),0,False,False,False,2,False,False,False
Rubik Wet Paint,['regular'],"['cyrillic', 'cyrillic-ext', 'hebrew', 'latin', 'latin-ext']",v2,2025-05-30,{'regular': 'https://fonts.gstatic.com/s/rubikwetpaint/v2/HTx0L20uMDGHgdULcpTF3Oe4d_-F_jz313DuvQ.woff2'},display,webfonts#webfont,https://fonts.gstatic.com/s/rubikwetpaint/v2/HTx0L20uMDGHgdULcpTF3Oe4d_-1-jb2.woff2,,,1371,2025,older,False,False,1,set(),0,False,False,False,5,False,False,False
Send Flowers,['regular'],"['latin', 'latin-ext', 'vietnamese']",v7,2025-09-11,{'regular': 'https://fonts.gstatic.com/s/sendflowers/v7/If2PXTjtZS-0Xqy13uCQSULvwgjjouU1iw.woff2'},handwriting,webfonts#webfont,https://fonts.gstatic.com/s/sendflowers/v7/If2PXTjtZS-0Xqy13uCQSULfxgLi.woff2,,,1372,2025,recent_12m,False,False,1,set(),0,False,False,False,3,False,False,False
Sofadi One,['regular'],['latin'],v22,2025-09-11,{'regular': 'https://fonts.gstatic.com/s/sofadione/v22/JIA2UVBxdnVBuElZaMFGcDaIETkmYDU.woff2'},display,webfonts#webfont,https://fonts.gstatic.com/s/sofadione/v22/JIA2UVBxdnVBuElZaMFGQDKCEA.woff2,,,1373,2025,recent_12m,False,False,1,set(),0,False,False,False,1,False,False,False
Noto Serif Hebrew,['regular'],"['hebrew', 'latin', 'latin-ext']",v30,2025-09-08,{'regular': 'https://fonts.gstatic.com/s/notoserifhebrew/v30/k3kKo9MMPvpLmixYH7euCwmkS9Dohi_72KiSGg-H.woff2'},serif,webfonts#webfont,https://fonts.gstatic.com/s/notoserifhebrew/v30/k3k0o9MMPvpLmixYH7euCwmkS9DohjX1-kRyiqyBqIxnoLbp93i9IKrXKF_qVAwSMG41vw.woff2,"[{'tag': 'wdth', 'start': 62.5, 'end': 100}, {'tag': 'wght', 'start': 100, 'end': 900}]",,1374,2025,recent_12m,False,True,9,"{'wdth', 'wght'}",2,True,False,False,3,False,False,False
Lexend Tera,['regular'],"['latin', 'latin-ext', 'vietnamese']",v29,2025-09-05,{'regular': 'https://fonts.gstatic.com/s/lexendtera/v29/RrQUbo98_jt_IXnBPwCWtZhFRYMgGtWA.woff2'},sans-serif,webfonts#webfont,https://fonts.gstatic.com/s/lexendtera/v29/RrQDbo98_jt_IXnBPwCWtYJLZ3P4hnaGKFiM5zMjd5b1.woff2,"[{'tag': 'wght', 'start': 100, 'end': 900}]",,1375,2025,recent_12m,False,True,9,{'wght'},1,False,False,False,3,False,False,False
Bungee Hairline,['regular'],"['latin', 'latin-ext', 'vietnamese']",v26,2025-09-08,{'regular': 'https://fonts.gstatic.com/s/bungeehairline/v26/snfys0G548t04270a_ljTLUVrv-7ZR2dQ5ZPqQ.woff2'},display,webfonts#webfont,https://fonts.gstatic.com/s/bungeehairline/v26/snfys0G548t04270a_ljTLUVrv-LYRec.woff2,,,1376,2025,recent_12m,False,False,1,set(),0,False,False,False,3,False,False,False
Ysabeau Infant,"['regular', 'italic']","['cyrillic', 'cyrillic-ext', 'greek', 'latin', 'latin-ext', 'math', 'symbols', 'vietnamese']",v4,2025-09-16,"{'regular': 'https://fonts.gstatic.com/s/ysabeauinfant/v4/hv-PlzpqOkkV94kBTQVdX1EWI8p6dREcBXxP.woff2', 'italic': 'https://fonts.gstatic.com/s/ysabeauinfant/v4/hv-NlzpqOkkV94kBTQVdX1EWI_p9fxA-AGxPlDU.woff2'}",sans-serif,webfonts#webfont,https://fonts.gstatic.com/s/ysabeauinfant/v4/hv-ClzpqOkkV94kBTQVdX1EWI9B0V-HEmd9JmTQYFo83Kpqg.woff2,"[{'tag': 'wght', 'start': 1, 'end': 1000}]",,1377,2025,recent_12m,True,True,10,{'wght'},1,False,False,False,8,False,False,False
Anek Gurmukhi,['regular'],"['gurmukhi', 'latin', 'latin-ext']",v13,2025-09-05,{'regular': 'https://fonts.gstatic.com/s/anekgurmukhi/v13/0QImMXRO_YSkA0quVLY79JnH07n8_ApHqqk.woff2'},sans-serif,webfonts#webfont,https://fonts.gstatic.com/s/anekgurmukhi/v13/0QIAMXRO_YSkA0quVLY79JnHybfeEOrXCa9Dmd9Ql6a6R_vEMc5TaLkbd5tZXaQ0.woff2,"[{'tag': 'wdth', 'start': 75, 'end': 125}, {'tag': 'wght', 'start': 100, 'end': 800}]",,1378,2025,recent_12m,False,True,8,"{'wdth', 'wght'}",2,True,False,False,3,False,False,False
Comforter Brush,['regular'],"['cyrillic', 'latin', 'latin-ext', 'vietnamese']",v9,2025-09-05,{'regular': 'https://fonts.gstatic.com/s/comforterbrush/v9/Y4GTYa1xVSggrfzZI5WMjxRaOz0jxbL9Th8YYA.woff2'},handwriting,webfonts#webfont,https://fonts.gstatic.com/s/comforterbrush/v9/Y4GTYa1xVSggrfzZI5WMjxRaOz0Twbj8.woff2,,,1379,2025,recent_12m,False,False,1,set(),0,False,False,False,4,False,False,False
Jacques Francois,['regular'],['latin'],v26,2025-09-08,{'regular': 'https://fonts.gstatic.com/s/jacquesfrancois/v26/ZXu9e04ZvKeOOHIe1TMahbcIU2cgmcbqoeRWfbs.woff2'},serif,webfonts#webfont,https://fonts.gstatic.com/s/jacquesfrancois/v26/ZXu9e04ZvKeOOHIe1TMahbcIU2cgqcLgoA.woff2,,,1380,2025,recent_12m,False,False,1,set(),0,False,False,False,1,False,False,False
Alumni Sans Pinstripe,"['regular', 'italic']","['cyrillic', 'cyrillic-ext', 'latin', 'latin-ext', 'vietnamese']",v8,2025-09-16,"{'regular': 'https://fonts.gstatic.com/s/alumnisanspinstripe/v8/ZgNNjOFFPq_AUJD1umyS30W-Xub8zD1ObhezZ7VIpcDA5w.woff2', 'italic': 'https://fonts.gstatic.com/s/alumnisanspinstripe/v8/ZgNDjOFFPq_AUJD1umyS30W-Xub8zD1ObheDYL9Jh8XQ5_cY.woff2'}",sans-serif,webfonts#webfont,https://fonts.gstatic.com/s/alumnisanspinstripe/v8/ZgNNjOFFPq_AUJD1umyS30W-Xub8zD1ObheDY79J.woff2,,,1381,2025,recent_12m,True,False,1,set(),0,False,False,False,5,False,False,False
Sixtyfour,['regular'],"['latin', 'latin-ext', 'math', 'symbols']",v3,2025-09-05,{'regular': 'https://fonts.gstatic.com/s/sixtyfour/v3/OD5BuMCT1numDm3nakX3qUq4DL6w2w.woff2'},monospace,webfonts#webfont,https://fonts.gstatic.com/s/sixtyfour/v3/OD5vuMCT1numDm3nakXtp2h4jg463t9haG_3mBkVsV20uFT3BAE5f43ZlSU.woff2,"[{'tag': 'BLED', 'start': 0, 'end': 100}, {'tag': 'SCAN', 'start': -53, 'end': 100}]",,1382,2025,recent_12m,False,True,1,"{'BLED', 'SCAN'}",2,False,False,False,4,False,False,False
Koh Santepheap,"['100', '300', 'regular', '700', '900']","['khmer', 'latin']",v15,2025-09-10,"{'100': 'https://fonts.gstatic.com/s/kohsantepheap/v15/gNMfW3p6SJbwyGj2rBZyeOrTjNuFHVmTtjNJUWU.woff2', '300': 'https://fonts.gstatic.com/s/kohsantepheap/v15/gNMeW3p6SJbwyGj2rBZyeOrTjNtNP3y8mD9ASHz5.woff2', 'regular': 'https://fonts.gstatic.com/s/kohsantepheap/v15/gNMdW3p6SJbwyGj2rBZyeOrTjOPkF1ixsyNJ.woff2', '700': 'https://fonts.gstatic.com/s/kohsantepheap/v15/gNMeW3p6SJbwyGj2rBZyeOrTjNtdOHy8mD9ASHz5.woff2', '900': 'https://fonts.gstatic.com/s/kohsantepheap/v15/gNMeW3p6SJbwyGj2rBZyeOrTjNtlOny8mD9ASHz5.woff2'}",serif,webfonts#webfont,https://fonts.gstatic.com/s/kohsantepheap/v15/gNMdW3p6SJbwyGj2rBZyeOrTjNPgHVk.woff2,,,1383,2025,recent_12m,False,False,5,set(),0,False,False,False,2,False,False,False
Bruno Ace,['regular'],"['latin', 'latin-ext']",v7,2025-09-08,{'regular': 'https://fonts.gstatic.com/s/brunoace/v7/WwkcxPa2E06x4trkOj_kNaoMWNMg3Q.woff2'},display,webfonts#webfont,https://fonts.gstatic.com/s/brunoace/v7/WwkcxPa2E06x4trkOj_UMaAN.woff2,,,1384,2025,recent_12m,False,False,1,set(),0,False,False,False,2,False,False,False
Huninn,['regular'],"['chinese-traditional', 'cyrillic', 'latin', 'latin-ext', 'vietnamese']",v8,2026-03-11,{'regular': 'https://fonts.gstatic.com/s/huninn/v8/OpNNnoINg9bQ4xkpiyHQjittXw.woff2'},sans-serif,webfonts#webfont,https://fonts.gstatic.com/s/huninn/v8/OpNNnoINg9bQ4xkZjyvR.woff2,,,1385,2026,recent_12m,False,False,1,set(),0,False,False,False,5,False,False,False
Bruno Ace SC,['regular'],"['latin', 'latin-ext']",v7,2025-09-11,{'regular': 'https://fonts.gstatic.com/s/brunoacesc/v7/ptROTiycffFLBuiHjdJDl634KCFrpe8uZA.woff2'},display,webfonts#webfont,https://fonts.gstatic.com/s/brunoacesc/v7/ptROTiycffFLBuiHjdJDl63ILCtq.woff2,,,1386,2025,recent_12m,False,False,1,set(),0,False,False,False,2,False,False,False
Noto Sans Sora Sompeng,['regular'],"['latin', 'latin-ext', 'sora-sompeng']",v26,2025-09-10,{'regular': 'https://fonts.gstatic.com/s/notosanssorasompeng/v26/PlIsFkO5O6RzLfvNNVSioxM2_OTrEhPyDLolMP6O7-gt-ec.woff2'},sans-serif,webfonts#webfont,https://fonts.gstatic.com/s/notosanssorasompeng/v26/PlIRFkO5O6RzLfvNNVSioxM2_OTrEhPyDLolKvCsHzCxWuGkYHR81_Dob3M.woff2,"[{'tag': 'wght', 'start': 400, 'end': 700}]",,1387,2025,recent_12m,False,True,4,{'wght'},1,False,False,False,3,False,False,False
Noto Sans Canadian Aboriginal,['regular'],"['canadian-aboriginal', 'latin', 'latin-ext', 'math', 'symbols']",v28,2025-09-16,{'regular': 'https://fonts.gstatic.com/s/notosanscanadianaboriginal/v28/4C_gLjTuEqPj-8J01CwaGkiZ9os0iGVkezM1mUT-j_Lmly1UyBEnAtbz.woff2'},sans-serif,webfonts#webfont,https://fonts.gstatic.com/s/notosanscanadianaboriginal/v28/4C_TLjTuEqPj-8J01CwaGkiZ9os0iGVkezM1mUT-j_Lmlzda6uH_nnX1bzigWLnPyQEh.woff2,"[{'tag': 'wght', 'start': 100, 'end': 900}]",,1388,2025,recent_12m,False,True,9,{'wght'},1,False,False,False,5,False,False,False
Reem Kufi Fun,['regular'],"['arabic', 'latin', 'latin-ext', 'vietnamese']",v13,2025-09-02,{'regular': 'https://fonts.gstatic.com/s/reemkufifun/v13/uK_14rOFYukkmyUEbF43fIryfkcbWc7gPbQ.woff2'},sans-serif,webfonts#webfont,https://fonts.gstatic.com/s/reemkufifun/v13/uK_m4rOFYukkmyUEbF43fIryZEk5qRZ8nrKChoYj3kChpPs.woff2,"[{'tag': 'wght', 'start': 400, 'end': 700}]",['COLRv0'],1389,2025,recent_12m,False,True,4,{'wght'},1,False,False,False,4,False,False,False
Tilt Prism,['regular'],"['latin', 'latin-ext', 'vietnamese']",v16,2025-09-10,{'regular': 'https://fonts.gstatic.com/s/tiltprism/v16/5h1fiZgyPHoZ3YikNzWGZ2mQCUZIv3A.woff2'},display,webfonts#webfont,https://fonts.gstatic.com/s/tiltprism/v16/5h11iZgyPHoZ3YikNzWGfWey2dCAZXT-bH9V4VGn-FJ7tLI25oc_rIbAoD6q.woff2,"[{'tag': 'XROT', 'start': -45, 'end': 45}, {'tag': 'YROT', 'start': -45, 'end': 45}]",,1390,2025,recent_12m,False,True,1,"{'YROT', 'XROT'}",2,False,False,False,3,False,False,False
Tiro Gurmukhi,"['regular', 'italic']","['gurmukhi', 'latin', 'latin-ext']",v8,2026-06-29,"{'regular': 'https://fonts.gstatic.com/s/tirogurmukhi/v8/x3dmckXSYq-Uqjc048JUF7JvlyvHAQsyA2Y.woff2', 'italic': 'https://fonts.gstatic.com/s/tirogurmukhi/v8/x3d4ckXSYq-Uqjc048JUF7JvpyzNACk3E2YljQ.woff2'}",serif,webfonts#webfont,https://fonts.gstatic.com/s/tirogurmukhi/v8/x3dmckXSYq-Uqjc048JUF7Jvpy_NAA.woff2,,,1391,2026,recent_12m,True,False,1,set(),0,False,False,False,3,False,False,False
Playwrite AU NSW,['regular'],['latin'],v11,2025-09-08,{'regular': 'https://fonts.gstatic.com/s/playwriteaunsw/v11/6qLbKY4NtxD-qVlIPUIPenElWCCEQxYAZkM1pn4.woff2'},handwriting,webfonts#webfont,https://fonts.gstatic.com/s/playwriteaunsw/v11/6qLWKY4NtxD-qVlIPUIPenElWCCEWRgilpupBXi19xZjMY97Rjw.woff2,"[{'tag': 'wght', 'start': 100, 'end': 400}]",,1392,2025,recent_12m,False,True,4,{'wght'},1,False,False,False,1,False,False,False
Wittgenstein,"['regular', 'italic']","['latin', 'latin-ext']",v4,2025-09-08,"{'regular': 'https://fonts.gstatic.com/s/wittgenstein/v4/WBLirEDOakJCHParhXGwMgvoKeqtgE5h0A.woff2', 'italic': 'https://fonts.gstatic.com/s/wittgenstein/v4/WBL8rEDOakJCHParhXGwMgvYLuCsoktx0E87.woff2'}",serif,webfonts#webfont,https://fonts.gstatic.com/s/wittgenstein/v4/WBL3rEDOakJCHParhXGwMgvyJ8hdWNLC1kI61G4TzBrxZg.woff2,"[{'tag': 'wght', 'start': 400, 'end': 900}]",,1393,2025,recent_12m,True,True,6,{'wght'},1,False,False,False,2,False,False,False
Romanesco,['regular'],"['latin', 'latin-ext']",v22,2025-09-16,{'regular': 'https://fonts.gstatic.com/s/romanesco/v22/w8gYH2ozQOY7_r_J7mSn2XwLqOqSBg.woff2'},handwriting,webfonts#webfont,https://fonts.gstatic.com/s/romanesco/v22/w8gYH2ozQOY7_r_J7mSX3XYK.woff2,,,1394,2025,recent_12m,False,False,1,set(),0,False,False,False,2,False,False,False
Jacquard 12,['regular'],"['latin', 'latin-ext', 'math', 'symbols']",v8,2025-09-17,{'regular': 'https://fonts.gstatic.com/s/jacquard12/v8/vm8ydRLuXETEweL79J4rGc3MUnr34c9-.woff2'},display,webfonts#webfont,https://fonts.gstatic.com/s/jacquard12/v8/vm8ydRLuXETEweL79J4rGf3IWHs.woff2,,,1395,2025,recent_12m,False,False,1,set(),0,False,False,False,4,False,False,False
Micro 5,['regular'],"['latin', 'latin-ext', 'math', 'symbols']",v2,2025-05-30,{'regular': 'https://fonts.gstatic.com/s/micro5/v2/H4cnBX2MkcfEngTr0gMQ7LO5mqc.woff2'},display,webfonts#webfont,https://fonts.gstatic.com/s/micro5/v2/H4cnBX2MkcfEngTr4gca7Q.woff2,,,1396,2025,older,False,False,1,set(),0,False,False,False,4,False,False,False
Geostar Fill,['regular'],['latin'],v27,2025-06-02,{'regular': 'https://fonts.gstatic.com/s/geostarfill/v27/AMOWz4SWuWiXFfjEohxQ9os0VlK2w9lb4g.woff2'},display,webfonts#webfont,https://fonts.gstatic.com/s/geostarfill/v27/AMOWz4SWuWiXFfjEohxQ9osEUli3.woff2,,,1397,2025,older,False,False,1,set(),0,False,False,False,1,False,False,False
Noto Sans Samaritan,['regular'],"['latin', 'latin-ext', 'samaritan']",v17,2025-09-10,{'regular': 'https://fonts.gstatic.com/s/notosanssamaritan/v17/buEqppe9f8_vkXadMBJJo0tSmaYjFkxOUotjNlOVMzQ.woff2'},sans-serif,webfonts#webfont,https://fonts.gstatic.com/s/notosanssamaritan/v17/buEqppe9f8_vkXadMBJJo0tSmaYjFkxOYo9pNw.woff2,,,1398,2025,recent_12m,False,False,1,set(),0,False,False,False,3,False,False,False
Festive,['regular'],"['latin', 'latin-ext', 'vietnamese']",v11,2025-09-08,{'regular': 'https://fonts.gstatic.com/s/festive/v11/cY9Ffj6KX1xcoDWhFtLgy9HTkak.woff2'},handwriting,webfonts#webfont,https://fonts.gstatic.com/s/festive/v11/cY9Ffj6KX1xcoDWhJtbqyg.woff2,,,1399,2025,recent_12m,False,False,1,set(),0,False,False,False,3,False,False,False
Oi,['regular'],"['arabic', 'cyrillic', 'cyrillic-ext', 'greek', 'latin', 'latin-ext', 'tamil', 'vietnamese']",v21,2025-09-05,{'regular': 'https://fonts.gstatic.com/s/oi/v21/w8gXH2EuRqtfut6yjBOG.woff2'},display,webfonts#webfont,https://fonts.gstatic.com/s/oi/v21/w8gXH2EuRptbsN8.woff2,,,1400,2025,recent_12m,False,False,1,set(),0,False,False,False,8,False,False,False
Ranga,"['regular', '700']","['devanagari', 'latin', 'latin-ext']",v22,2025-04-23,"{'regular': 'https://fonts.gstatic.com/s/ranga/v22/C8ct4cYisGb28p6HLDwZwmGE.woff2', '700': 'https://fonts.gstatic.com/s/ranga/v22/C8cg4cYisGb28qY-AxgU6X2NZAn2.woff2'}",display,webfonts#webfont,https://fonts.gstatic.com/s/ranga/v22/C8ct4cYisGb28q6DJj0.woff2,,,1401,2025,older,False,False,2,set(),0,False,False,False,3,False,False,False
Smokum,['regular'],"['latin', 'latin-ext']",v30,2025-06-02,{'regular': 'https://fonts.gstatic.com/s/smokum/v30/TK3iWkUbAhopmrdGGzUHte5fKg.woff2'},display,webfonts#webfont,https://fonts.gstatic.com/s/smokum/v30/TK3iWkUbAhopmrd2Hz8G.woff2,,,1402,2025,older,False,False,1,set(),0,False,False,False,2,False,False,False
BBH Bartle,['regular'],['latin'],v1,2025-12-10,{'regular': 'https://fonts.gstatic.com/s/bbhbartle/v1/zYXjKVYuMYMaN-IMqP3RSmuTkd7_CIc.woff2'},sans-serif,webfonts#webfont,https://fonts.gstatic.com/s/bbhbartle/v1/zYXjKVYuMYMaN-IMqP3Rem-ZkA.woff2,,,1403,2025,recent_12m,False,False,1,set(),0,False,False,False,1,False,False,False
Piedra,['regular'],"['latin', 'latin-ext']",v27,2025-09-05,{'regular': 'https://fonts.gstatic.com/s/piedra/v27/ke8kOg8aN0Bn7hTumUyHN_M3gA.woff2'},display,webfonts#webfont,https://fonts.gstatic.com/s/piedra/v27/ke8kOg8aN0Bn7hTenUaG.woff2,,,1404,2025,recent_12m,False,False,1,set(),0,False,False,False,2,False,False,False
Kite One,['regular'],"['latin', 'latin-ext']",v23,2025-09-10,{'regular': 'https://fonts.gstatic.com/s/kiteone/v23/70lQu7shLnA_E02vyq1e6HnGO4uA.woff2'},sans-serif,webfonts#webfont,https://fonts.gstatic.com/s/kiteone/v23/70lQu7shLnA_E02vyp1a4ng.woff2,,,1405,2025,recent_12m,False,False,1,set(),0,False,False,False,2,False,False,False
Noto Serif Lao,['regular'],"['lao', 'latin', 'latin-ext']",v29,2025-09-16,{'regular': 'https://fonts.gstatic.com/s/notoseriflao/v29/3y946bYwcCjmsU8JEzCMxEwQfFpFsZsUPves.woff2'},serif,webfonts#webfont,https://fonts.gstatic.com/s/notoseriflao/v29/3y9C6bYwcCjmsU8JEzCMxEwQfEBLk3f0rlSqCdaM_LlSNZ59oNw0BWH8VeMKnvKplw.woff2,"[{'tag': 'wdth', 'start': 62.5, 'end': 100}, {'tag': 'wght', 'start': 100, 'end': 900}]",,1406,2025,recent_12m,False,True,9,"{'wdth', 'wght'}",2,True,False,False,3,False,False,False
Luxurious Roman,['regular'],"['latin', 'latin-ext', 'vietnamese']",v10,2025-09-08,{'regular': 'https://fonts.gstatic.com/s/luxuriousroman/v10/buEupou_ZcP1w0yTKxJJokVSmbpqZwckeo9RMw.woff2'},display,webfonts#webfont,https://fonts.gstatic.com/s/luxuriousroman/v10/buEupou_ZcP1w0yTKxJJokVSmbpaYw0l.woff2,,,1407,2025,recent_12m,False,False,1,set(),0,False,False,False,3,False,False,False
GFS Neohellenic,"['regular', 'italic', '700', '700italic']","['greek', 'greek-ext', 'latin', 'vietnamese']",v27,2025-09-16,"{'regular': 'https://fonts.gstatic.com/s/gfsneohellenic/v27/8QIRdiDOrfiq0b7R8O1Iw9WLcY5TKKhP46UDUw.woff2', 'italic': 'https://fonts.gstatic.com/s/gfsneohellenic/v27/8QITdiDOrfiq0b7R8O1Iw9WLcY5jL6JOwaATU91X.woff2', '700': 'https://fonts.gstatic.com/s/gfsneohellenic/v27/8QIUdiDOrfiq0b7R8O1Iw9WLcY5rkYdr7o4fWsRO9w.woff2', '700italic': 'https://fonts.gstatic.com/s/gfsneohellenic/v27/8QIWdiDOrfiq0b7R8O1Iw9WLcY5jL5r37oQeeMFe985V.woff2'}",sans-serif,webfonts#webfont,https://fonts.gstatic.com/s/gfsneohellenic/v27/8QIRdiDOrfiq0b7R8O1Iw9WLcY5jLKJO.woff2,,,1408,2025,recent_12m,True,False,2,set(),0,False,False,False,4,False,False,False
Meera Inimai,['regular'],"['latin', 'tamil']",v14,2025-09-05,{'regular': 'https://fonts.gstatic.com/s/meerainimai/v14/845fNMM5EIqOW5MPuvO3ILep-mjDVevnLQ.woff2'},sans-serif,webfonts#webfont,https://fonts.gstatic.com/s/meerainimai/v14/845fNMM5EIqOW5MPuvO3ILeZ_mLC.woff2,,,1409,2025,recent_12m,False,False,1,set(),0,False,False,False,2,False,False,False
Intel One Mono,"['regular', 'italic']","['latin', 'latin-ext', 'symbols2', 'vietnamese']",v2,2025-07-16,"{'regular': 'https://fonts.gstatic.com/s/intelonemono/v2/P5sbzZuLY8Lb_G1RikFkwPjBvvkyD4tEBiLF.woff2', 'italic': 'https://fonts.gstatic.com/s/intelonemono/v2/P5sZzZuLY8Lb_G1RikFkwPjBvsk1BYpmAzLFRQI.woff2'}",monospace,webfonts#webfont,https://fonts.gstatic.com/s/intelonemono/v2/P5sWzZuLY8Lb_G1RikFkwPjBvuM8LXucmoHDSAMgofchnTVS.woff2,"[{'tag': 'wght', 'start': 300, 'end': 700}]",,1410,2025,older,True,True,5,{'wght'},1,False,False,False,4,False,False,False
Jacques Francois Shadow,['regular'],['latin'],v27,2025-09-05,{'regular': 'https://fonts.gstatic.com/s/jacquesfrancoisshadow/v27/KR1FBtOz8PKTMk-kqdkLVrvR0ECFrB6Pin-2_q8QsHuV5ULS.woff2'},display,webfonts#webfont,https://fonts.gstatic.com/s/jacquesfrancoisshadow/v27/KR1FBtOz8PKTMk-kqdkLVrvR0ECFrB6Pin-2_p8Uuno.woff2,,,1411,2025,recent_12m,False,False,1,set(),0,False,False,False,1,False,False,False
Felipa,['regular'],"['latin', 'latin-ext']",v27,2025-09-11,{'regular': 'https://fonts.gstatic.com/s/felipa/v27/FwZa7-owz1Eu4F_wTdSEwM2zpA.woff2'},handwriting,webfonts#webfont,https://fonts.gstatic.com/s/felipa/v27/FwZa7-owz1Eu4F_ASd6F.woff2,,,1412,2025,recent_12m,False,False,1,set(),0,False,False,False,2,False,False,False
Jim Nightshade,['regular'],"['latin', 'latin-ext']",v21,2025-09-11,{'regular': 'https://fonts.gstatic.com/s/jimnightshade/v21/PlIkFlu9Pb08Q8HLM1PxmB0g-OS9V3qKaMxD.woff2'},handwriting,webfonts#webfont,https://fonts.gstatic.com/s/jimnightshade/v21/PlIkFlu9Pb08Q8HLM1PxmB0g-NS5XXs.woff2,,,1413,2025,recent_12m,False,False,1,set(),0,False,False,False,2,False,False,False
Libertinus Sans,"['regular', 'italic', '700']","['cyrillic', 'cyrillic-ext', 'greek', 'greek-ext', 'latin', 'latin-ext', 'vietnamese']",v1,2025-07-30,"{'regular': 'https://fonts.gstatic.com/s/libertinussans/v1/YA9Lr0-a6k7ZLbw_dle4knJh2cqMi93V_dB0Yw.woff2', 'italic': 'https://fonts.gstatic.com/s/libertinussans/v1/YA9Jr0-a6k7ZLbw_dle4knJh2cq8jNfU39VkYzCp.woff2', '700': 'https://fonts.gstatic.com/s/libertinussans/v1/YA9Or0-a6k7ZLbw_dle4knJh2cq0MvLx8Ptoaimwmw.woff2'}",sans-serif,webfonts#webfont,https://fonts.gstatic.com/s/libertinussans/v1/YA9Lr0-a6k7ZLbw_dle4knJh2cq8j9fU.woff2,,,1414,2025,recent_12m,True,False,2,set(),0,False,False,False,7,False,False,False
Marko One,['regular'],['latin'],v24,2025-09-16,{'regular': 'https://fonts.gstatic.com/s/markoone/v24/9Btq3DFG0cnVM5lw1haaL5UfrHPzUw.woff2'},serif,webfonts#webfont,https://fonts.gstatic.com/s/markoone/v24/9Btq3DFG0cnVM5lw1haqK58e.woff2,,,1415,2025,recent_12m,False,False,1,set(),0,False,False,False,1,False,False,False
Butcherman,['regular'],"['latin', 'latin-ext']",v25,2025-09-10,{'regular': 'https://fonts.gstatic.com/s/butcherman/v25/2EbiL-thF0loflXUBOdb1zCzq_5uT84.woff2'},display,webfonts#webfont,https://fonts.gstatic.com/s/butcherman/v25/2EbiL-thF0loflXUBOdb5zS5qg.woff2,,,1416,2025,recent_12m,False,False,1,set(),0,False,False,False,2,False,False,False
Galdeano,['regular'],['latin'],v23,2025-09-16,{'regular': 'https://fonts.gstatic.com/s/galdeano/v23/uU9MCBoQ4YOqOW1boDP08PCOg0uX.woff2'},sans-serif,webfonts#webfont,https://fonts.gstatic.com/s/galdeano/v23/uU9MCBoQ4YOqOW1boAPw-vE.woff2,,,1417,2025,recent_12m,False,False,1,set(),0,False,False,False,1,False,False,False
Akt,['regular'],"['cyrillic', 'cyrillic-ext', 'greek', 'greek-ext', 'latin', 'latin-ext', 'vietnamese']",v2,2026-05-13,{'regular': 'https://fonts.gstatic.com/s/akt/v2/d6lEkaygQdnyjW4u5SIXyA.woff2'},sans-serif,webfonts#webfont,https://fonts.gstatic.com/s/akt/v2/d6lTkaygQdnog0zePb60zivs1xAnlmRRPA.woff2,"[{'tag': 'wght', 'start': 100, 'end': 900}]",,1418,2026,recent_12m,False,True,9,{'wght'},1,False,False,False,7,False,False,False
Elsie Swash Caps,"['regular', '900']","['latin', 'latin-ext']",v25,2025-09-16,"{'regular': 'https://fonts.gstatic.com/s/elsieswashcaps/v25/845DNN8xGZyVX5MVo_upKf7KnjK0fe_VKGWsUo8.woff2', '900': 'https://fonts.gstatic.com/s/elsieswashcaps/v25/845ENN8xGZyVX5MVo_upKf7KnjK0RW74DGiHToawrdU.woff2'}",display,webfonts#webfont,https://fonts.gstatic.com/s/elsieswashcaps/v25/845DNN8xGZyVX5MVo_upKf7KnjK0TevfKQ.woff2,,,1419,2025,recent_12m,False,False,2,set(),0,False,False,False,2,False,False,False
Praise,['regular'],"['latin', 'latin-ext', 'vietnamese']",v9,2025-09-16,{'regular': 'https://fonts.gstatic.com/s/praise/v9/qkBUXvUZ-cnFXcFyC_O67L9XmQ.woff2'},handwriting,webfonts#webfont,https://fonts.gstatic.com/s/praise/v9/qkBUXvUZ-cnFXcFCD_m7.woff2,,,1420,2025,recent_12m,False,False,1,set(),0,False,False,False,3,False,False,False
Playwrite US Modern,['regular'],['latin'],v11,2025-09-16,{'regular': 'https://fonts.gstatic.com/s/playwriteusmodern/v11/H4c7BWmRlMXPhla3hmMaveiYz8nSDkIFNtw6Z7xL8AQ.woff2'},handwriting,webfonts#webfont,https://fonts.gstatic.com/s/playwriteusmodern/v11/H4cMBWmRlMXPhla3hmMaveiYz8nSDkIFLNIYl2TXUwK62YohNj2CYUM.woff2,"[{'tag': 'wght', 'start': 100, 'end': 400}]",,1421,2025,recent_12m,False,True,4,{'wght'},1,False,False,False,1,False,False,False
Anek Odia,['regular'],"['latin', 'latin-ext', 'oriya']",v17,2025-09-11,{'regular': 'https://fonts.gstatic.com/s/anekodia/v17/TK3hWkoJARApz5UCd34juMVDI5S01g.woff2'},sans-serif,webfonts#webfont,https://fonts.gstatic.com/s/anekodia/v17/TK3PWkoJARApz5UCd345tuevwwQX0CwsoYkAWgWYevAauivBUnmZfp3nV5E.woff2,"[{'tag': 'wdth', 'start': 75, 'end': 125}, {'tag': 'wght', 'start': 100, 'end': 800}]",,1422,2025,recent_12m,False,True,8,"{'wdth', 'wght'}",2,True,False,False,3,False,False,False
Edu VIC WA NT Beginner,['regular'],['latin'],v6,2025-09-11,{'regular': 'https://fonts.gstatic.com/s/eduvicwantbeginner/v6/jizLRF1BuW9OwcnNPxLl4KfZCHd9nFtd5Tu7qN6L4o61H_E.woff2'},handwriting,webfonts#webfont,https://fonts.gstatic.com/s/eduvicwantbeginner/v6/jiz2RF1BuW9OwcnNPxLl4KfZCHd9nFtd5Tu7stCpElYpvPfZZ-OXlMmEVQg.woff2,"[{'tag': 'wght', 'start': 400, 'end': 700}]",,1423,2025,recent_12m,False,True,4,{'wght'},1,False,False,False,1,False,False,False
Arbutus,['regular'],"['latin', 'latin-ext']",v30,2025-09-11,{'regular': 'https://fonts.gstatic.com/s/arbutus/v30/NaPYcZ7dG_5J3poob9dtryO8fMU.woff2'},serif,webfonts#webfont,https://fonts.gstatic.com/s/arbutus/v30/NaPYcZ7dG_5J3pooX9Nnrg.woff2,,,1424,2025,recent_12m,False,False,1,set(),0,False,False,False,2,False,False,False
Foldit,['regular'],"['latin', 'latin-ext', 'vietnamese']",v8,2025-09-11,{'regular': 'https://fonts.gstatic.com/s/foldit/v8/aFTV7PF3Y3c9WdjXoze0CYWVaQ.woff2'},display,webfonts#webfont,https://fonts.gstatic.com/s/foldit/v8/aFTI7PF3Y3c9WdjNrRVE0Rk2b7j8XpAMqateYQ.woff2,"[{'tag': 'wght', 'start': 100, 'end': 900}]",['COLRv1'],1425,2025,recent_12m,False,True,9,{'wght'},1,False,False,False,3,False,False,False
Noto Sans Gothic,['regular'],"['gothic', 'latin', 'latin-ext']",v17,2025-09-02,{'regular': 'https://fonts.gstatic.com/s/notosansgothic/v17/TuGKUUVzXI5FBtUq5a8bj6wRbzxTFMD40kFQRx0.woff2'},sans-serif,webfonts#webfont,https://fonts.gstatic.com/s/notosansgothic/v17/TuGKUUVzXI5FBtUq5a8bj6wRbzxTJMTy0w.woff2,,,1426,2025,recent_12m,False,False,1,set(),0,False,False,False,3,False,False,False
Bigelow Rules,['regular'],"['latin', 'latin-ext']",v31,2025-09-11,{'regular': 'https://fonts.gstatic.com/s/bigelowrules/v31/RrQWboly8iR_I3KWSzeRuN0zT4ICH8WAJVk.woff2'},display,webfonts#webfont,https://fonts.gstatic.com/s/bigelowrules/v31/RrQWboly8iR_I3KWSzeRuN0zf4YIHg.woff2,,,1427,2025,recent_12m,False,False,1,set(),0,False,False,False,2,False,False,False
Libre Barcode 39 Extended,['regular'],['latin'],v30,2025-09-17,{'regular': 'https://fonts.gstatic.com/s/librebarcode39extended/v30/8At7Gt6_O5yNS0-K4Nf5U922qSzhJ3dUdfJpwNUgfNFCOZ1GOBw.woff2'},display,webfonts#webfont,https://fonts.gstatic.com/s/librebarcode39extended/v30/8At7Gt6_O5yNS0-K4Nf5U922qSzhJ3dUdfJpwNUgTNVIOA.woff2,,,1428,2025,recent_12m,False,False,1,set(),0,False,False,False,1,False,False,False
Fleur De Leah,['regular'],"['latin', 'latin-ext', 'vietnamese']",v11,2025-09-08,{'regular': 'https://fonts.gstatic.com/s/fleurdeleah/v11/AYCNpXX7ftYZWLhv9UmPJTMC5vOt4I_Gdq0.woff2'},handwriting,webfonts#webfont,https://fonts.gstatic.com/s/fleurdeleah/v11/AYCNpXX7ftYZWLhv9UmPJTMC1ven4Q.woff2,,,1429,2025,recent_12m,False,False,1,set(),0,False,False,False,3,False,False,False
Dr Sugiyama,['regular'],"['latin', 'latin-ext']",v30,2025-09-05,{'regular': 'https://fonts.gstatic.com/s/drsugiyama/v30/HTxoL2k4N3O9n5I1boGI7abUM4-t-g7y.woff2'},handwriting,webfonts#webfont,https://fonts.gstatic.com/s/drsugiyama/v30/HTxoL2k4N3O9n5I1boGI7ZbQOY4.woff2,,,1430,2025,recent_12m,False,False,1,set(),0,False,False,False,2,False,False,False
Neonderthaw,['regular'],"['latin', 'latin-ext', 'vietnamese']",v8,2025-09-11,{'regular': 'https://fonts.gstatic.com/s/neonderthaw/v8/Iure6Yx5-oWVZI0r-17AeZZMprVA4XQ0.woff2'},handwriting,webfonts#webfont,https://fonts.gstatic.com/s/neonderthaw/v8/Iure6Yx5-oWVZI0r-17AeaZIrLQ.woff2,,,1431,2025,recent_12m,False,False,1,set(),0,False,False,False,3,False,False,False
Edu AU VIC WA NT Hand,['regular'],"['latin', 'latin-ext']",v3,2025-09-16,{'regular': 'https://fonts.gstatic.com/s/eduauvicwanthand/v3/C8c94dY1tX2x0uuiUHFS4y7ERV-jfqJ6x06tE9ksa4Q7LA.woff2'},handwriting,webfonts#webfont,https://fonts.gstatic.com/s/eduauvicwanthand/v3/C8cO4dY1tX2x0uuiUHFS4y7ERV-jfqJ6x063HfvcsxiYKifhtCJ1pKpPbA.woff2,"[{'tag': 'wght', 'start': 400, 'end': 700}]",,1432,2025,recent_12m,False,True,4,{'wght'},1,False,False,False,2,False,False,False
Gidugu,['regular'],"['latin', 'latin-ext', 'telugu']",v28,2025-09-08,{'regular': 'https://fonts.gstatic.com/s/gidugu/v28/L0x8DFMkk1Uf6w3RufCmRSlUig.woff2'},sans-serif,webfonts#webfont,https://fonts.gstatic.com/s/gidugu/v28/L0x8DFMkk1Uf6w3hvfqn.woff2,,,1433,2025,recent_12m,False,False,1,set(),0,False,False,False,3,False,False,False
Babylonica,['regular'],"['latin', 'latin-ext', 'vietnamese']",v7,2025-09-08,{'regular': 'https://fonts.gstatic.com/s/babylonica/v7/5aUw9_i2qxWVCAE2aHjTqDd0-VVMoEw.woff2'},handwriting,webfonts#webfont,https://fonts.gstatic.com/s/babylonica/v7/5aUw9_i2qxWVCAE2aHjTmDN--A.woff2,,,1434,2025,recent_12m,False,False,1,set(),0,False,False,False,3,False,False,False
Arsenal SC,"['regular', 'italic', '700', '700italic']","['cyrillic', 'cyrillic-ext', 'latin', 'latin-ext', 'vietnamese']",v1,2025-05-30,"{'regular': 'https://fonts.gstatic.com/s/arsenalsc/v1/x3dlckLHea6e5BEtsfxiXN8ssybsHQI.woff2', 'italic': 'https://fonts.gstatic.com/s/arsenalsc/v1/x3dnckLHea6e5BEtsfxibNgmsgTpDQIrGg.woff2', '700': 'https://fonts.gstatic.com/s/arsenalsc/v1/x3dmckLHea6e5BEtsfxiZGYDlyvHAQsyA2Y.woff2', '700italic': 'https://fonts.gstatic.com/s/arsenalsc/v1/x3d4ckLHea6e5BEtsfxibNgeCyvNACk3E2YljQ.woff2'}",sans-serif,webfonts#webfont,https://fonts.gstatic.com/s/arsenalsc/v1/x3dlckLHea6e5BEtsfxibNsmsg.woff2,,,1435,2025,older,True,False,2,set(),0,False,False,False,5,False,False,False
Jersey 15,['regular'],"['latin', 'latin-ext']",v4,2025-09-17,{'regular': 'https://fonts.gstatic.com/s/jersey15/v4/_6_9EDzuROGsUuk2TWjSZ4ohsCkvSQ.woff2'},display,webfonts#webfont,https://fonts.gstatic.com/s/jersey15/v4/_6_9EDzuROGsUuk2TWjiY4Ag.woff2,,,1436,2025,recent_12m,False,False,1,set(),0,False,False,False,2,False,False,False
Miss Fajardose,['regular'],"['latin', 'latin-ext']",v23,2025-09-05,{'regular': 'https://fonts.gstatic.com/s/missfajardose/v23/E21-_dn5gvrawDdPFVl-N0Ajb8qqWPaJq4no.woff2'},handwriting,webfonts#webfont,https://fonts.gstatic.com/s/missfajardose/v23/E21-_dn5gvrawDdPFVl-N0Ajb_quUvc.woff2,,,1437,2025,recent_12m,False,False,1,set(),0,False,False,False,2,False,False,False
Ewert,['regular'],"['latin', 'latin-ext']",v27,2025-09-10,{'regular': 'https://fonts.gstatic.com/s/ewert/v27/va9I4kzO2tFODYBqS-J3kbDP.woff2'},display,webfonts#webfont,https://fonts.gstatic.com/s/ewert/v27/va9I4kzO2tFODbBuQeM.woff2,,,1438,2025,recent_12m,False,False,1,set(),0,False,False,False,2,False,False,False
Noto Serif Gujarati,['regular'],"['gujarati', 'latin', 'latin-ext', 'math', 'symbols']",v29,2025-09-11,{'regular': 'https://fonts.gstatic.com/s/notoserifgujarati/v29/hESt6WBlOixO-3OJ1FTmTsmqlBRUJBVkaA1pVQOwBDU.woff2'},serif,webfonts#webfont,https://fonts.gstatic.com/s/notoserifgujarati/v29/hESa6WBlOixO-3OJ1FTmTsmqlBRUJBVkcgNLpdsspzP2HuYycLzvOVM.woff2,"[{'tag': 'wght', 'start': 100, 'end': 900}]",,1439,2025,recent_12m,False,True,9,{'wght'},1,False,False,False,5,False,False,False
Lakki Reddy,['regular'],"['latin', 'telugu']",v25,2025-09-10,{'regular': 'https://fonts.gstatic.com/s/lakkireddy/v25/S6u5w49MUSzD9jlCPmvLZQftx9k97-xZ.woff2'},handwriting,webfonts#webfont,https://fonts.gstatic.com/s/lakkireddy/v25/S6u5w49MUSzD9jlCPmvLZTfpzdg.woff2,,,1440,2025,recent_12m,False,False,1,set(),0,False,False,False,2,False,False,False
Kumar One,['regular'],"['gujarati', 'latin', 'latin-ext']",v25,2025-09-08,{'regular': 'https://fonts.gstatic.com/s/kumarone/v25/bMr1mS-P958wYi6YaGeGMe6WU3oT0g.woff2'},display,webfonts#webfont,https://fonts.gstatic.com/s/kumarone/v25/bMr1mS-P958wYi6YaGe2NeSX.woff2,,,1441,2025,recent_12m,False,False,1,set(),0,False,False,False,3,False,False,False
Londrina Shadow,['regular'],['latin'],v28,2025-09-16,{'regular': 'https://fonts.gstatic.com/s/londrinashadow/v28/oPWX_kB4kOQoWNJmjxLV5JuoCUlXQ1aSxkrMCQ.woff2'},display,webfonts#webfont,https://fonts.gstatic.com/s/londrinashadow/v28/oPWX_kB4kOQoWNJmjxLV5JuoCUlnR1yT.woff2,,,1442,2025,recent_12m,False,False,1,set(),0,False,False,False,1,False,False,False
Noto Serif Sinhala,['regular'],"['latin', 'latin-ext', 'sinhala']",v30,2025-09-11,{'regular': 'https://fonts.gstatic.com/s/notoserifsinhala/v30/DtV-JwinQqclnZE2CnsPug9lgGC3y2Fsk8q8DNibFw.woff2'},serif,webfonts#webfont,https://fonts.gstatic.com/s/notoserifsinhala/v30/DtVEJwinQqclnZE2CnsPug9lgGC3y2F2nehQ7Eg4EdBKWxPiDxMivFLgRXs_-pGxR2Mtz6M.woff2,"[{'tag': 'wdth', 'start': 62.5, 'end': 100}, {'tag': 'wght', 'start': 100, 'end': 900}]",,1443,2025,recent_12m,False,True,9,"{'wdth', 'wght'}",2,True,False,False,3,False,False,False
Noto Serif Armenian,['regular'],"['armenian', 'latin', 'latin-ext']",v30,2025-09-05,{'regular': 'https://fonts.gstatic.com/s/notoserifarmenian/v30/3XF2EqMt3YoFsciDRZxptyCUKJmytZ0kT0G1UL5Ayp0.woff2'},serif,webfonts#webfont,https://fonts.gstatic.com/s/notoserifarmenian/v30/3XFMEqMt3YoFsciDRZxptyCUKJmytZ0kVU-XvF7QaZuL85rnQ_zDNzDe5xNnKxyZi8Krx__b.woff2,"[{'tag': 'wdth', 'start': 62.5, 'end': 100}, {'tag': 'wght', 'start': 100, 'end': 900}]",,1444,2025,recent_12m,False,True,9,"{'wdth', 'wght'}",2,True,False,False,3,False,False,False
Nuosu SIL,['regular'],"['latin', 'latin-ext', 'yi']",v12,2025-09-05,{'regular': 'https://fonts.gstatic.com/s/nuosusil/v12/8vIK7wM3wmRn_kc4uAjeEWxbO_zo-w.woff2'},sans-serif,webfonts#webfont,https://fonts.gstatic.com/s/nuosusil/v12/8vIK7wM3wmRn_kc4uAjuFWZa.woff2,,,1445,2025,recent_12m,False,False,1,set(),0,False,False,False,3,False,False,False
Alumni Sans Inline One,"['regular', 'italic']","['latin', 'latin-ext', 'vietnamese']",v7,2025-09-05,"{'regular': 'https://fonts.gstatic.com/s/alumnisansinlineone/v7/RrQBbpJx9zZ3IXTBOASKp5gJAetBdaihcjbpD3UZcr7xbYw.woff2', 'italic': 'https://fonts.gstatic.com/s/alumnisansinlineone/v7/RrQDbpJx9zZ3IXTBOASKp5gJAetBdaihcjbpP3ITc5z0fYxcrQ.woff2'}",display,webfonts#webfont,https://fonts.gstatic.com/s/alumnisansinlineone/v7/RrQBbpJx9zZ3IXTBOASKp5gJAetBdaihcjbpP3ETcw.woff2,,,1446,2025,recent_12m,True,False,1,set(),0,False,False,False,3,False,False,False
Lancelot,['regular'],"['latin', 'latin-ext']",v28,2025-09-02,{'regular': 'https://fonts.gstatic.com/s/lancelot/v28/J7acnppxBGtQEulG4JY9xJ9CGyAa.woff2'},display,webfonts#webfont,https://fonts.gstatic.com/s/lancelot/v28/J7acnppxBGtQEulG4KY5zp4.woff2,,,1447,2025,recent_12m,False,False,1,set(),0,False,False,False,2,False,False,False
Revalia,['regular'],"['latin', 'latin-ext']",v24,2025-09-08,{'regular': 'https://fonts.gstatic.com/s/revalia/v24/WwkexPimBE2-4ZPEeV_uNIgJSNM.woff2'},display,webfonts#webfont,https://fonts.gstatic.com/s/revalia/v24/WwkexPimBE2-4ZPESVvkNQ.woff2,,,1448,2025,recent_12m,False,False,1,set(),0,False,False,False,2,False,False,False
WDXL Lubrifont JP N,['regular'],"['cyrillic', 'japanese', 'latin', 'latin-ext', 'symbols2']",v2,2026-01-07,{'regular': 'https://fonts.gstatic.com/s/wdxllubrifontjpn/v2/8At1GtSkFqazDiO949fzWta9_T-SVxJiIZItoLhFRNU.woff2'},sans-serif,webfonts#webfont,https://fonts.gstatic.com/s/wdxllubrifontjpn/v2/8At1GtSkFqazDiO949fzWta9_T-SVxJiEZYnoQ.woff2,,,1449,2026,recent_12m,False,False,1,set(),0,False,False,False,5,False,False,False
Noto Sans Osmanya,['regular'],"['latin', 'latin-ext', 'osmanya']",v20,2026-01-20,{'regular': 'https://fonts.gstatic.com/s/notosansosmanya/v20/8vIS7xs32H97qzQKnzfeWzUyUpOJmz6hR47NCV5Z.woff2'},sans-serif,webfonts#webfont,https://fonts.gstatic.com/s/notosansosmanya/v20/8vIS7xs32H97qzQKnzfeWzUyUpOJmw6lTY8.woff2,,,1450,2026,recent_12m,False,False,1,set(),0,False,False,False,3,False,False,False
Preahvihear,['regular'],"['khmer', 'latin']",v32,2025-09-16,{'regular': 'https://fonts.gstatic.com/s/preahvihear/v32/6NUS8F-dNQeEYhzj7uluxswB49FJf8Wv.woff2'},sans-serif,webfonts#webfont,https://fonts.gstatic.com/s/preahvihear/v32/6NUS8F-dNQeEYhzj7uluxvwF6dA.woff2,,,1451,2025,recent_12m,False,False,1,set(),0,False,False,False,2,False,False,False
Fruktur,"['regular', 'italic']","['cyrillic-ext', 'latin', 'latin-ext', 'vietnamese']",v28,2025-09-05,"{'regular': 'https://fonts.gstatic.com/s/fruktur/v28/SZc53FHsOru5QYsMfzjGkUrS8DI.woff2', 'italic': 'https://fonts.gstatic.com/s/fruktur/v28/SZc73FHsOru5QYsMTz_MkGjX4DJXgQ.woff2'}",display,webfonts#webfont,https://fonts.gstatic.com/s/fruktur/v28/SZc53FHsOru5QYsMTzzMkA.woff2,,,1452,2025,recent_12m,True,False,1,set(),0,False,False,False,4,False,False,False
Edu NSW ACT Foundation,['regular'],['latin'],v5,2025-09-11,{'regular': 'https://fonts.gstatic.com/s/edunswactfoundation/v5/raxsHjqJtsNBFUi8WO0vUBgc9D-2lV_oQdCAeFVdseyoHko.woff2'},handwriting,webfonts#webfont,https://fonts.gstatic.com/s/edunswactfoundation/v5/raxRHjqJtsNBFUi8WO0vUBgc9D-2lV_oQdCAYlt_QTQ0vUxJki9tosGKci4.woff2,"[{'tag': 'wght', 'start': 400, 'end': 700}]",,1453,2025,recent_12m,False,True,4,{'wght'},1,False,False,False,1,False,False,False
Tulpen One,['regular'],['latin'],v26,2025-06-02,{'regular': 'https://fonts.gstatic.com/s/tulpenone/v26/dFa6ZfeC474skLgesc0CWjgw_HyIRlE.woff2'},display,webfonts#webfont,https://fonts.gstatic.com/s/tulpenone/v26/dFa6ZfeC474skLgesc0Cajw6_Q.woff2,,,1454,2025,older,False,False,1,set(),0,False,False,False,1,False,False,False
Reem Kufi Ink,['regular'],"['arabic', 'latin', 'latin-ext', 'vietnamese']",v11,2025-06-25,{'regular': 'https://fonts.gstatic.com/s/reemkufiink/v11/oPWJ_kJmmu8hCvB9iFumxZSnRjtdQnSX1ko.woff2'},sans-serif,webfonts#webfont,https://fonts.gstatic.com/s/reemkufiink/v11/oPWJ_kJmmu8hCvB9iFumxZSndj9XQw.woff2,,"['COLRv1', 'SVG']",1455,2025,older,False,False,1,set(),0,False,False,False,4,False,False,False
Ruluko,['regular'],"['latin', 'latin-ext']",v22,2025-09-16,{'regular': 'https://fonts.gstatic.com/s/ruluko/v22/xMQVuFNZVaODtm0pDqWzKX_QmA.woff2'},sans-serif,webfonts#webfont,https://fonts.gstatic.com/s/ruluko/v22/xMQVuFNZVaODtm0ZCq-y.woff2,,,1456,2025,recent_12m,False,False,1,set(),0,False,False,False,2,False,False,False
Rubik Distressed,['regular'],"['cyrillic', 'cyrillic-ext', 'hebrew', 'latin', 'latin-ext']",v1,2025-05-30,{'regular': 'https://fonts.gstatic.com/s/rubikdistressed/v1/GFDxWBdsmnqAVqjtUsZf2dcrQ2ldcWUhatVBaGM.woff2'},display,webfonts#webfont,https://fonts.gstatic.com/s/rubikdistressed/v1/GFDxWBdsmnqAVqjtUsZf2dcrQ2ldQWEraw.woff2,,,1457,2025,older,False,False,1,set(),0,False,False,False,5,False,False,False
Momo Signature,['regular'],"['latin', 'latin-ext', 'vietnamese']",v2,2025-10-29,{'regular': 'https://fonts.gstatic.com/s/momosignature/v2/RrQJbop99C51b06IDAuFoM0yCqctMcmJPECN.woff2'},sans-serif,webfonts#webfont,https://fonts.gstatic.com/s/momosignature/v2/RrQJbop99C51b06IDAuFoM0yCpcpO8g.woff2,,,1458,2025,recent_12m,False,False,1,set(),0,False,False,False,3,False,False,False
Bubbler One,['regular'],"['latin', 'latin-ext']",v22,2025-09-10,{'regular': 'https://fonts.gstatic.com/s/bubblerone/v22/f0Xy0eqj68ppQV9KBLmAouHC26MPePkt.woff2'},sans-serif,webfonts#webfont,https://fonts.gstatic.com/s/bubblerone/v22/f0Xy0eqj68ppQV9KBLmAotHG0aI.woff2,,,1459,2025,recent_12m,False,False,1,set(),0,False,False,False,2,False,False,False
Diplomata SC,['regular'],"['latin', 'latin-ext']",v30,2025-09-05,{'regular': 'https://fonts.gstatic.com/s/diplomatasc/v30/buExpoi3ecvs3kidKgBJo2kf_f5Oaiw4cw.woff2'},display,webfonts#webfont,https://fonts.gstatic.com/s/diplomatasc/v30/buExpoi3ecvs3kidKgBJo2kv-fRP.woff2,,,1460,2025,recent_12m,False,False,1,set(),0,False,False,False,2,False,False,False
Bacasime Antique,['regular'],"['latin', 'latin-ext']",v1,2025-05-30,{'regular': 'https://fonts.gstatic.com/s/bacasimeantique/v1/tDbX2pGXkFYEykldjZSrmI6T_XWZOwGtSUrV_BE.woff2'},serif,webfonts#webfont,https://fonts.gstatic.com/s/bacasimeantique/v1/tDbX2pGXkFYEykldjZSrmI6T_XWZCwWnSA.woff2,,,1461,2025,older,False,False,1,set(),0,False,False,False,2,False,False,False
Jersey 20,['regular'],"['latin', 'latin-ext']",v4,2025-09-17,{'regular': 'https://fonts.gstatic.com/s/jersey20/v4/ZgNRjP1ON6jeW4D12z3cqU_qP4mXuQ.woff2'},display,webfonts#webfont,https://fonts.gstatic.com/s/jersey20/v4/ZgNRjP1ON6jeW4D12z3srUXr.woff2,,,1462,2025,recent_12m,False,False,1,set(),0,False,False,False,2,False,False,False
Dhurjati,['regular'],"['latin', 'telugu']",v27,2025-09-10,{'regular': 'https://fonts.gstatic.com/s/dhurjati/v27/_6_8ED3gSeatXfFiFX33SKQtuTA2.woff2'},sans-serif,webfonts#webfont,https://fonts.gstatic.com/s/dhurjati/v27/_6_8ED3gSeatXfFiFU3zQqU.woff2,,,1463,2025,recent_12m,False,False,1,set(),0,False,False,False,2,False,False,False
Hubballi,['regular'],"['kannada', 'latin', 'latin-ext']",v10,2025-09-02,{'regular': 'https://fonts.gstatic.com/s/hubballi/v10/o-0JIpUj3WIZ1RFN56B-yBBNYuSF.woff2'},sans-serif,webfonts#webfont,https://fonts.gstatic.com/s/hubballi/v10/o-0JIpUj3WIZ1RFN55B6whE.woff2,,,1464,2025,recent_12m,False,False,1,set(),0,False,False,False,3,False,False,False
Ancizar Serif,"['regular', 'italic']","['greek', 'latin', 'latin-ext']",v8,2025-09-16,"{'regular': 'https://fonts.gstatic.com/s/ancizarserif/v8/PN_2RfmxrmD9dEi_Qbtf91W13v3xynMix4Y.woff2', 'italic': 'https://fonts.gstatic.com/s/ancizarserif/v8/PN_oRfmxrmD9dEi_Qbtf91W17vr7y1En14YEUQ.woff2'}",serif,webfonts#webfont,https://fonts.gstatic.com/s/ancizarserif/v8/PN_lRfmxrmD9dEi_Qbtf91W1xPPTOqu-ZIAJUN3Z_cARv4Y.woff2,"[{'tag': 'wght', 'start': 300, 'end': 900}]",,1465,2025,recent_12m,True,True,7,{'wght'},1,False,False,False,3,False,False,False
Updock,['regular'],"['latin', 'latin-ext', 'vietnamese']",v7,2025-09-02,{'regular': 'https://fonts.gstatic.com/s/updock/v7/nuF4D_3dVZ70UI9SibK3602XBw.woff2'},handwriting,webfonts#webfont,https://fonts.gstatic.com/s/updock/v7/nuF4D_3dVZ70UI9ijbi2.woff2,,,1466,2025,recent_12m,False,False,1,set(),0,False,False,False,3,False,False,False
Big Shoulders Stencil,['regular'],"['latin', 'latin-ext', 'vietnamese']",v4,2025-09-05,{'regular': 'https://fonts.gstatic.com/s/bigshouldersstencil/v4/TwMQ-JIEQ1Je5sI6Bx1TKHD83rT3u3NSCfbfyIRDT8Yy-w.woff2'},display,webfonts#webfont,https://fonts.gstatic.com/s/bigshouldersstencil/v4/TwM2-JIEQ1Je5sI6Bx1TKHD83rT3u3NSCfbFxqa9oQbR_CiZMgOzPB7iSLKdsgE9Sp2x5dZIlKo.woff2,"[{'tag': 'opsz', 'start': 10, 'end': 72}, {'tag': 'wght', 'start': 100, 'end': 900}]",,1467,2025,recent_12m,False,True,9,"{'opsz', 'wght'}",2,False,False,True,3,False,False,False
Noto Serif Khmer,['regular'],"['khmer', 'latin', 'latin-ext']",v29,2025-09-11,{'regular': 'https://fonts.gstatic.com/s/notoserifkhmer/v29/-F6qfidqLzI2JPCkXAO2hmogq0148lJPg-IUDNg.woff2'},serif,webfonts#webfont,https://fonts.gstatic.com/s/notoserifkhmer/v29/-F6UfidqLzI2JPCkXAO2hmogq0146FxtbwKEr951z5s6lI40sDRH_AVhUKdN6B8AXUxL.woff2,"[{'tag': 'wdth', 'start': 62.5, 'end': 100}, {'tag': 'wght', 'start': 100, 'end': 900}]",,1468,2025,recent_12m,False,True,9,"{'wdth', 'wght'}",2,True,False,False,3,False,False,False
Noto Sans Javanese,['regular'],"['javanese', 'latin', 'latin-ext']",v25,2025-09-11,{'regular': 'https://fonts.gstatic.com/s/notosansjavanese/v25/2V0AKJkDAIA6Hp4zoSScDjV0Y-eoHAHJ9788Rp29eA.woff2'},sans-serif,webfonts#webfont,https://fonts.gstatic.com/s/notosansjavanese/v25/2V01KJkDAIA6Hp4zoSScDjV0Y-eoHAHT-Z3MngEefiidxJnkJFhoZA.woff2,"[{'tag': 'wght', 'start': 400, 'end': 700}]",,1469,2025,recent_12m,False,True,4,{'wght'},1,False,False,False,3,False,False,False
Sirin Stencil,['regular'],['latin'],v27,2025-09-05,{'regular': 'https://fonts.gstatic.com/s/sirinstencil/v27/mem4YaWwznmLx-lzGfN7MdRydc1GBq6al6o.woff2'},display,webfonts#webfont,https://fonts.gstatic.com/s/sirinstencil/v27/mem4YaWwznmLx-lzGfN7MdRyRclMBw.woff2,,,1470,2025,recent_12m,False,False,1,set(),0,False,False,False,1,False,False,False
Geist Pixel,['regular'],"['latin', 'latin-ext']",v1,2026-06-30,{'regular': 'https://fonts.gstatic.com/s/geistpixel/v1/CSR74zxZluGGW3oyI0A_AMcvYtd2vfwk.woff2'},display,webfonts#webfont,https://fonts.gstatic.com/s/geistpixel/v1/CSRs4zxZluGGW3oyI0A_AN0hQBvYDU4hBmqoKzA8Wz6i.woff2,"[{'tag': 'ELSH', 'start': 0, 'end': 100}]",,1471,2026,recent_12m,False,True,1,{'ELSH'},1,False,False,False,2,False,False,False
Chathura,"['100', '300', 'regular', '700', '800']","['latin', 'telugu']",v22,2025-09-16,"{'100': 'https://fonts.gstatic.com/s/chathura/v22/_gP91R7-rzUuVjim42dEq0GbTvZyuDo.woff2', '300': 'https://fonts.gstatic.com/s/chathura/v22/_gP81R7-rzUuVjim42eMiWS0YPp7oSNy.woff2', 'regular': 'https://fonts.gstatic.com/s/chathura/v22/_gP71R7-rzUuVjim418loUC5S-Zy.woff2', '700': 'https://fonts.gstatic.com/s/chathura/v22/_gP81R7-rzUuVjim42ecjmS0YPp7oSNy.woff2', '800': 'https://fonts.gstatic.com/s/chathura/v22/_gP81R7-rzUuVjim42eAjWS0YPp7oSNy.woff2'}",sans-serif,webfonts#webfont,https://fonts.gstatic.com/s/chathura/v22/_gP71R7-rzUuVjim428hq0E.woff2,,,1472,2025,recent_12m,False,False,5,set(),0,False,False,False,2,False,False,False
Joti One,['regular'],"['latin', 'latin-ext']",v28,2025-09-16,{'regular': 'https://fonts.gstatic.com/s/jotione/v28/Z9XVDmdJQAmWm9TwaYTb4u2El6GC.woff2'},display,webfonts#webfont,https://fonts.gstatic.com/s/jotione/v28/Z9XVDmdJQAmWm9TwabTf6Ow.woff2,,,1473,2025,recent_12m,False,False,1,set(),0,False,False,False,2,False,False,False
Tiro Kannada,"['regular', 'italic']","['kannada', 'latin', 'latin-ext']",v6,2025-05-30,"{'regular': 'https://fonts.gstatic.com/s/tirokannada/v6/CSR44ztKmvqaDxEDJFY7CIYKTfl6tOU9Eg.woff2', 'italic': 'https://fonts.gstatic.com/s/tirokannada/v6/CSRm4ztKmvqaDxEDJFY7CIY6SvN7luAtEnKp.woff2'}",serif,webfonts#webfont,https://fonts.gstatic.com/s/tirokannada/v6/CSR44ztKmvqaDxEDJFY7CIY6SfN7.woff2,,,1474,2025,older,True,False,1,set(),0,False,False,False,3,False,False,False
Aref Ruqaa Ink,"['regular', '700']","['arabic', 'latin', 'latin-ext']",v11,2025-05-30,"{'regular': 'https://fonts.gstatic.com/s/arefruqaaink/v11/1q2fY5WOGUFlt84GTOkP6Kdx72TkVIGpgnxL.woff2', '700': 'https://fonts.gstatic.com/s/arefruqaaink/v11/1q2cY5WOGUFlt84GTOkP6Kdx71xde6WkqWBCyxWn.woff2'}",serif,webfonts#webfont,https://fonts.gstatic.com/s/arefruqaaink/v11/1q2fY5WOGUFlt84GTOkP6Kdx71TgXoA.woff2,,"['COLRv1', 'SVG']",1475,2025,older,False,False,2,set(),0,False,False,False,3,False,False,False
Ojuju,['regular'],"['latin', 'latin-ext', 'math', 'symbols', 'vietnamese']",v5,2025-09-08,{'regular': 'https://fonts.gstatic.com/s/ojuju/v5/7r3IqXF7v9ApbqkspYgA3LZg.woff2'},sans-serif,webfonts#webfont,https://fonts.gstatic.com/s/ojuju/v5/7r3bqXF7v9ApbrMih3jYQBVm9-n_SpkJ5mtQ.woff2,"[{'tag': 'wght', 'start': 200, 'end': 800}]",,1476,2025,recent_12m,False,True,7,{'wght'},1,False,False,False,5,False,False,False
Alumni Sans Collegiate One,"['regular', 'italic']","['cyrillic', 'latin', 'latin-ext', 'vietnamese']",v7,2025-09-16,"{'regular': 'https://fonts.gstatic.com/s/alumnisanscollegiateone/v7/MQpB-XChK8G5CtmK_AuGxQrdNvPSXkn0RM-XqjWWhjdfyDiPw2ta.woff2', 'italic': 'https://fonts.gstatic.com/s/alumnisanscollegiateone/v7/MQpD-XChK8G5CtmK_AuGxQrdNvPSXkn0RM-XqjWWhgdYwjmtxntaDFU.woff2'}",sans-serif,webfonts#webfont,https://fonts.gstatic.com/s/alumnisanscollegiateone/v7/MQpB-XChK8G5CtmK_AuGxQrdNvPSXkn0RM-XqjWWhgdbwjk.woff2,,,1477,2025,recent_12m,True,False,1,set(),0,False,False,False,4,False,False,False
Metal,['regular'],"['khmer', 'latin']",v32,2025-09-11,{'regular': 'https://fonts.gstatic.com/s/metal/v32/lW-wwjUJIXTo7i3inoQAUdN2.woff2'},display,webfonts#webfont,https://fonts.gstatic.com/s/metal/v32/lW-wwjUJIXTo7h3mlIU.woff2,,,1478,2025,recent_12m,False,False,1,set(),0,False,False,False,2,False,False,False
Snippet,['regular'],['latin'],v21,2025-05-30,{'regular': 'https://fonts.gstatic.com/s/snippet/v21/bWt47f7XfQH9Gupu2vrAfcp9QWc.woff2'},sans-serif,webfonts#webfont,https://fonts.gstatic.com/s/snippet/v21/bWt47f7XfQH9Gupu6v7KfA.woff2,,,1479,2025,older,False,False,1,set(),0,False,False,False,1,False,False,False
Gideon Roman,['regular'],"['latin', 'latin-ext', 'vietnamese']",v13,2025-09-05,{'regular': 'https://fonts.gstatic.com/s/gideonroman/v13/e3tmeuGrVOys8sxzZgWlmXogfkPWovdU4w.woff2'},display,webfonts#webfont,https://fonts.gstatic.com/s/gideonroman/v13/e3tmeuGrVOys8sxzZgWlmXoQeknX.woff2,,,1480,2025,recent_12m,False,False,1,set(),0,False,False,False,3,False,False,False
Sahitya,"['regular', '700']","['devanagari', 'latin']",v22,2026-06-30,"{'regular': 'https://fonts.gstatic.com/s/sahitya/v22/6qLAKZkOuhnuqlJAaSIFPywEDnI.woff2', '700': 'https://fonts.gstatic.com/s/sahitya/v22/6qLFKZkOuhnuqlJAUZsqGyEvEnvSexI.woff2'}",serif,webfonts#webfont,https://fonts.gstatic.com/s/sahitya/v22/6qLAKZkOuhnuqlJAWSYPPg.woff2,,,1481,2026,recent_12m,False,False,2,set(),0,False,False,False,2,False,False,False
New Amsterdam,['regular'],"['latin', 'latin-ext']",v1,2025-05-30,{'regular': 'https://fonts.gstatic.com/s/newamsterdam/v1/YA9Vr02Y5lucHqUlbEe51kBtl7yGiv_Q7dA.woff2'},sans-serif,webfonts#webfont,https://fonts.gstatic.com/s/newamsterdam/v1/YA9Vr02Y5lucHqUlbEe51kBtp7iMiw.woff2,,,1482,2025,older,False,False,1,set(),0,False,False,False,2,False,False,False
Stack Sans Notch,['regular'],"['latin', 'latin-ext']",v5,2025-11-04,{'regular': 'https://fonts.gstatic.com/s/stacksansnotch/v5/TwMV-JcVXlQd3ooGEx9EbUzgioTr_hgbZJL-1a8.woff2'},sans-serif,webfonts#webfont,https://fonts.gstatic.com/s/stacksansnotch/v5/TwMY-JcVXlQd3ooGEx9EbUzgioTr5BY5lEpidqlSR8fiuS2YEmY.woff2,"[{'tag': 'wght', 'start': 200, 'end': 700}]",,1483,2025,recent_12m,False,True,6,{'wght'},1,False,False,False,2,False,False,False
Playwrite AU QLD,['regular'],['latin'],v11,2025-09-16,{'regular': 'https://fonts.gstatic.com/s/playwriteauqld/v11/SlGLmR-Yo5oYZX5BFVcEwSFSOXBRQg7iqWC_O7Y.woff2'},handwriting,webfonts#webfont,https://fonts.gstatic.com/s/playwriteauqld/v11/SlGGmR-Yo5oYZX5BFVcEwSFSOXBRWADAWbgjmLBhA6-yML2eoGw.woff2,"[{'tag': 'wght', 'start': 100, 'end': 400}]",,1484,2025,recent_12m,False,True,4,{'wght'},1,False,False,False,1,False,False,False
Princess Sofia,['regular'],"['latin', 'latin-ext']",v27,2025-09-16,{'regular': 'https://fonts.gstatic.com/s/princesssofia/v27/qWczB6yguIb8DZ_GXZst16n7GRz-mDUoupoI.woff2'},handwriting,webfonts#webfont,https://fonts.gstatic.com/s/princesssofia/v27/qWczB6yguIb8DZ_GXZst16n7GSz6kjQ.woff2,,,1485,2025,recent_12m,False,False,1,set(),0,False,False,False,2,False,False,False
Bonbon,['regular'],['latin'],v32,2025-09-11,{'regular': 'https://fonts.gstatic.com/s/bonbon/v32/0FlVVPeVlFec4ee_dTEAbQY5-A.woff2'},handwriting,webfonts#webfont,https://fonts.gstatic.com/s/bonbon/v32/0FlVVPeVlFec4eePcTsB.woff2,,,1486,2025,recent_12m,False,False,1,set(),0,False,False,False,1,False,False,False
Sedan SC,['regular'],"['latin', 'latin-ext']",v2,2025-05-30,{'regular': 'https://fonts.gstatic.com/s/sedansc/v2/yMJRMIlvYZ3Jn1Y30Dq5fSx5i814.woff2'},serif,webfonts#webfont,https://fonts.gstatic.com/s/sedansc/v2/yMJRMIlvYZ3Jn1Y30Aq9dy0.woff2,,,1487,2025,older,False,False,1,set(),0,False,False,False,2,False,False,False
Purple Purse,['regular'],"['latin', 'latin-ext']",v25,2025-09-10,{'regular': 'https://fonts.gstatic.com/s/purplepurse/v25/qWctB66gv53iAp-Vfs4My6qyfRb_ujA4ug.woff2'},display,webfonts#webfont,https://fonts.gstatic.com/s/purplepurse/v25/qWctB66gv53iAp-Vfs4My6qCeRz-.woff2,,,1488,2025,recent_12m,False,False,1,set(),0,False,False,False,2,False,False,False
Epunda Sans,"['regular', 'italic']","['latin', 'latin-ext']",v5,2025-09-05,"{'regular': 'https://fonts.gstatic.com/s/epundasans/v5/ea8dads_Rv3-GJfWRrHjgE5Aq16dCmit.woff2', 'italic': 'https://fonts.gstatic.com/s/epundasans/v5/ea8fads_Rv3-GJfWRrHjgH5HoV-_D3itBvg.woff2'}",sans-serif,webfonts#webfont,https://fonts.gstatic.com/s/epundasans/v5/ea8Kads_Rv3-GJfWRrHjgFROia5FlsurC_ndbFTLSLR5.woff2,"[{'tag': 'wght', 'start': 300, 'end': 900}]",,1489,2025,recent_12m,True,True,7,{'wght'},1,False,False,False,2,False,False,False
Konkhmer Sleokchher,['regular'],"['khmer', 'latin', 'latin-ext']",v3,2025-09-02,{'regular': 'https://fonts.gstatic.com/s/konkhmersleokchher/v3/_Xmw-GE-rjmabA_M-aPOZOsCrUv825LFI3t07E0d-W0.woff2'},display,webfonts#webfont,https://fonts.gstatic.com/s/konkhmersleokchher/v3/_Xmw-GE-rjmabA_M-aPOZOsCrUv825LFE39-7Q.woff2,,,1490,2025,recent_12m,False,False,1,set(),0,False,False,False,3,False,False,False
Passero One,['regular'],"['latin', 'latin-ext']",v28,2025-09-10,{'regular': 'https://fonts.gstatic.com/s/passeroone/v28/JTUTjIko8DOq5FeaeEAjgE5E5Arr-s50.woff2'},display,webfonts#webfont,https://fonts.gstatic.com/s/passeroone/v28/JTUTjIko8DOq5FeaeEAjgH5A7gs.woff2,,,1491,2025,recent_12m,False,False,1,set(),0,False,False,False,2,False,False,False
Ribeye Marrow,['regular'],"['latin', 'latin-ext']",v26,2025-09-08,{'regular': 'https://fonts.gstatic.com/s/ribeyemarrow/v26/GFDsWApshnqMRO2JdtRZ2d0vEAkTVWgKdtw.woff2'},display,webfonts#webfont,https://fonts.gstatic.com/s/ribeyemarrow/v26/GFDsWApshnqMRO2JdtRZ2d0vIA0ZVA.woff2,,,1492,2025,recent_12m,False,False,1,set(),0,False,False,False,2,False,False,False
Ubuntu Sans Mono,"['regular', 'italic']","['cyrillic', 'cyrillic-ext', 'greek', 'greek-ext', 'latin', 'latin-ext']",v3,2025-09-02,"{'regular': 'https://fonts.gstatic.com/s/ubuntusansmono/v3/jVyR7mzgBHrR5yE7ZyRg0QRJMKI41gjCfRXxWZQ.woff2', 'italic': 'https://fonts.gstatic.com/s/ubuntusansmono/v3/jVyX7mzgBHrR5yE7ZyRg0QRJMKI45g_IfDf0SZST2g.woff2'}",monospace,webfonts#webfont,https://fonts.gstatic.com/s/ubuntusansmono/v3/jVyc7mzgBHrR5yE7ZyRg0QRJMKI4zAbgjc1t-pKe27Ev_nYQgKY.woff2,"[{'tag': 'wght', 'start': 400, 'end': 700}]",,1493,2025,recent_12m,True,True,4,{'wght'},1,False,False,False,6,False,False,False
Grey Qo,['regular'],"['latin', 'latin-ext', 'vietnamese']",v11,2025-09-16,{'regular': 'https://fonts.gstatic.com/s/greyqo/v11/BXRrvF_Nmv_TyXxNDO5Q9Wf0QcE.woff2'},handwriting,webfonts#webfont,https://fonts.gstatic.com/s/greyqo/v11/BXRrvF_Nmv_TyXxNPOpa9A.woff2,,,1494,2025,recent_12m,False,False,1,set(),0,False,False,False,3,False,False,False
Kirang Haerang,['regular'],"['korean', 'latin']",v22,2025-09-10,{'regular': 'https://fonts.gstatic.com/s/kiranghaerang/v22/E21-_dn_gvvIjhYON1lpIU4-bcqqWPaJq4no.woff2'},display,webfonts#webfont,https://fonts.gstatic.com/s/kiranghaerang/v22/E21-_dn_gvvIjhYON1lpIU4-bfquUvc.woff2,,,1495,2025,recent_12m,False,False,1,set(),0,False,False,False,2,True,False,False
Rubik Pixels,['regular'],"['cyrillic', 'cyrillic-ext', 'hebrew', 'latin', 'latin-ext']",v3,2025-09-08,{'regular': 'https://fonts.gstatic.com/s/rubikpixels/v3/SlGXmQOaupkIeSx4CEpB7AdSbRYRagrQrA.woff2'},display,webfonts#webfont,https://fonts.gstatic.com/s/rubikpixels/v3/SlGXmQOaupkIeSx4CEpB7AdiaRwQ.woff2,,,1496,2025,recent_12m,False,False,1,set(),0,False,False,False,5,False,False,False
Mr Bedfort,['regular'],"['latin', 'latin-ext']",v23,2025-09-08,{'regular': 'https://fonts.gstatic.com/s/mrbedfort/v23/MQpR-WCtNZSWAdTMwBicli-0XZe_Iy8.woff2'},handwriting,webfonts#webfont,https://fonts.gstatic.com/s/mrbedfort/v23/MQpR-WCtNZSWAdTMwBicpiu-XA.woff2,,,1497,2025,recent_12m,False,False,1,set(),0,False,False,False,2,False,False,False
Sedan,"['regular', 'italic']","['latin', 'latin-ext']",v1,2025-05-30,"{'regular': 'https://fonts.gstatic.com/s/sedan/v1/Yq6a-L-VVyD6-eOXiTpovf5b.woff2', 'italic': 'https://fonts.gstatic.com/s/sedan/v1/Yq6U-L-VVyD6-dOQgztKuO5bjxE.woff2'}",serif,webfonts#webfont,https://fonts.gstatic.com/s/sedan/v1/Yq6a-L-VVyD6-dOTgzs.woff2,,,1498,2025,older,True,False,1,set(),0,False,False,False,2,False,False,False
Ponomar,['regular'],"['cyrillic', 'cyrillic-ext', 'latin']",v5,2025-05-30,{'regular': 'https://fonts.gstatic.com/s/ponomar/v5/or3iQ6zp3fKD2wImbJHdArg8hzo.woff2'},display,webfonts#webfont,https://fonts.gstatic.com/s/ponomar/v5/or3iQ6zp3fKD2wImXJXXAw.woff2,,,1499,2025,older,False,False,1,set(),0,False,False,False,3,False,False,False
Rhodium Libre,['regular'],"['devanagari', 'latin', 'latin-ext']",v21,2025-09-02,{'regular': 'https://fonts.gstatic.com/s/rhodiumlibre/v21/1q2AY5adA0tn_ukeHcQHqpx6pEHLeo2gm2U.woff2'},serif,webfonts#webfont,https://fonts.gstatic.com/s/rhodiumlibre/v21/1q2AY5adA0tn_ukeHcQHqpx6lEXBew.woff2,,,1500,2025,recent_12m,False,False,1,set(),0,False,False,False,3,False,False,False
Rubik Iso,['regular'],"['cyrillic', 'cyrillic-ext', 'hebrew', 'latin', 'latin-ext']",v2,2025-05-30,{'regular': 'https://fonts.gstatic.com/s/rubikiso/v2/x3dickHUfr-S4VAI4sABefACvy_1BA.woff2'},display,webfonts#webfont,https://fonts.gstatic.com/s/rubikiso/v2/x3dickHUfr-S4VAI4sAxffoD.woff2,,,1501,2025,older,False,False,1,set(),0,False,False,False,5,False,False,False
BioRhyme Expanded,"['200', '300', 'regular', '700', '800']","['latin', 'latin-ext']",v23,2025-09-08,"{'200': 'https://fonts.gstatic.com/s/biorhymeexpanded/v23/i7dVIE1zZzytGswgU577CDY9LjbffxxcblSCSdTXrb_z.woff2', '300': 'https://fonts.gstatic.com/s/biorhymeexpanded/v23/i7dVIE1zZzytGswgU577CDY9Ljbffxw4bVSCSdTXrb_z.woff2', 'regular': 'https://fonts.gstatic.com/s/biorhymeexpanded/v23/i7dQIE1zZzytGswgU577CDY9LjbffySRRXCPYsje.woff2', '700': 'https://fonts.gstatic.com/s/biorhymeexpanded/v23/i7dVIE1zZzytGswgU577CDY9LjbffxwoalSCSdTXrb_z.woff2', '800': 'https://fonts.gstatic.com/s/biorhymeexpanded/v23/i7dVIE1zZzytGswgU577CDY9Ljbffxw0aVSCSdTXrb_z.woff2'}",serif,webfonts#webfont,https://fonts.gstatic.com/s/biorhymeexpanded/v23/i7dQIE1zZzytGswgU577CDY9LjbffxSVT3E.woff2,,,1502,2025,recent_12m,False,False,5,set(),0,False,False,False,2,False,False,False
Noto Sans Adlam,['regular'],"['adlam', 'latin', 'latin-ext']",v27,2025-09-05,{'regular': 'https://fonts.gstatic.com/s/notosansadlam/v27/neITzCCpqp0s5pPusPamd81eMfjVrFkarSqSwA.woff2'},sans-serif,webfonts#webfont,https://fonts.gstatic.com/s/notosansadlam/v27/neIczCCpqp0s5pPusPamd81eMfjPonvqdbYxxpgufnv0fGjLZQ.woff2,"[{'tag': 'wght', 'start': 400, 'end': 700}]",,1503,2025,recent_12m,False,True,4,{'wght'},1,False,False,False,3,False,False,False
Noto Sans Lao Looped,['regular'],"['lao', 'latin', 'latin-ext']",v10,2025-09-16,{'regular': 'https://fonts.gstatic.com/s/notosanslaolooped/v10/a8IGNpbwKmHXpgXbMIsbSMP7-3U72qUOX4IPoU4xzO9n.woff2'},sans-serif,webfonts#webfont,https://fonts.gstatic.com/s/notosanslaolooped/v10/a8IgNpbwKmHXpgXbMIsbSMP7-3U72qUOX5gBg6LRXExhqHIX9YPTpvqkW4UthhjomPr3A-d65A.woff2,"[{'tag': 'wdth', 'start': 62.5, 'end': 100}, {'tag': 'wght', 'start': 100, 'end': 900}]",,1504,2025,recent_12m,False,True,9,"{'wdth', 'wght'}",2,True,False,False,3,False,False,False
Stalinist One,['regular'],"['cyrillic', 'latin', 'latin-ext']",v58,2025-09-02,{'regular': 'https://fonts.gstatic.com/s/stalinistone/v58/MQpS-WezM9W4Dd7D3B7I-UT7eZqUPyacPbo.woff2'},display,webfonts#webfont,https://fonts.gstatic.com/s/stalinistone/v58/MQpS-WezM9W4Dd7D3B7I-UT7SZ6ePg.woff2,,,1505,2025,recent_12m,False,False,1,set(),0,False,False,False,3,False,False,False
Twinkle Star,['regular'],"['latin', 'latin-ext', 'vietnamese']",v8,2025-09-11,{'regular': 'https://fonts.gstatic.com/s/twinklestar/v8/pe0pMI6IL4dPoFl9LGEmY6WaBvRue1UwVg.woff2'},handwriting,webfonts#webfont,https://fonts.gstatic.com/s/twinklestar/v8/pe0pMI6IL4dPoFl9LGEmY6WqAv5v.woff2,,,1506,2025,recent_12m,False,False,1,set(),0,False,False,False,3,False,False,False
Tiro Telugu,"['regular', 'italic']","['latin', 'latin-ext', 'telugu']",v7,2025-05-30,"{'regular': 'https://fonts.gstatic.com/s/tirotelugu/v7/aFTQ7PxlZWk2EPiSymjXdKSIQqn0X0BO.woff2', 'italic': 'https://fonts.gstatic.com/s/tirotelugu/v7/aFTS7PxlZWk2EPiSymjXdJSPSKjWWlBOoas.woff2'}",serif,webfonts#webfont,https://fonts.gstatic.com/s/tirotelugu/v7/aFTQ7PxlZWk2EPiSymjXdJSMSKg.woff2,,,1507,2025,older,True,False,1,set(),0,False,False,False,3,False,False,False
Noto Sans Tangsa,['regular'],"['latin', 'latin-ext', 'tangsa']",v9,2025-09-16,{'regular': 'https://fonts.gstatic.com/s/notosanstangsa/v9/z7NPdQPmcigbbZAIOl9igP26K470jo6LY_WiBuM.woff2'},sans-serif,webfonts#webfont,https://fonts.gstatic.com/s/notosanstangsa/v9/z7NCdQPmcigbbZAIOl9igP26K470lICpky0-peX5Qp1YkxoQa9s.woff2,"[{'tag': 'wght', 'start': 400, 'end': 700}]",,1508,2025,recent_12m,False,True,4,{'wght'},1,False,False,False,3,False,False,False
TASA Explorer,['regular'],"['latin', 'latin-ext']",v2,2025-08-26,{'regular': 'https://fonts.gstatic.com/s/tasaexplorer/v2/K2F3fZdAt8xjBmxMCPK8UO_SJy_YYWOMluQ.woff2'},sans-serif,webfonts#webfont,https://fonts.gstatic.com/s/tasaexplorer/v2/K2FkfZdAt8xjBmxMCPK8UO_SPSH6kbsQNeItOI6o7ynHgLc.woff2,"[{'tag': 'wght', 'start': 400, 'end': 800}]",,1509,2025,recent_12m,False,True,5,{'wght'},1,False,False,False,2,False,False,False
WDXL Lubrifont SC,['regular'],"['chinese-simplified', 'cyrillic', 'latin', 'latin-ext', 'symbols2']",v2,2026-01-07,{'regular': 'https://fonts.gstatic.com/s/wdxllubrifontsc/v2/gNMeW2VmY6acu0XtugFrduDciOOyfny8mD9ASHz5.woff2'},sans-serif,webfonts#webfont,https://fonts.gstatic.com/s/wdxllubrifontsc/v2/gNMeW2VmY6acu0XtugFrduDciOOyfky4kj4.woff2,,,1510,2026,recent_12m,False,False,1,set(),0,False,False,False,5,False,False,False
Playwrite PL,['regular'],['latin'],v10,2025-09-05,{'regular': 'https://fonts.gstatic.com/s/playwritepl/v10/0QInMXVf_4C2VH-yUr5uz72O9pbS8ANesw.woff2'},handwriting,webfonts#webfont,https://fonts.gstatic.com/s/playwritepl/v10/0QIyMXVf_4C2VH-yUr5uz72U-LQiKJ_9tb1WmRfbxZ2RSg.woff2,"[{'tag': 'wght', 'start': 100, 'end': 400}]",,1511,2025,recent_12m,False,True,4,{'wght'},1,False,False,False,1,False,False,False
Cause,['regular'],"['latin', 'latin-ext']",v2,2026-01-20,{'regular': 'https://fonts.gstatic.com/s/cause/v2/or3sQ6760-mf00NRZpD_B6g8.woff2'},handwriting,webfonts#webfont,https://fonts.gstatic.com/s/cause/v2/or3_Q6760-mf01lfRGAnmws6ijvmTgkFbMHw.woff2,"[{'tag': 'wght', 'start': 100, 'end': 900}]",,1512,2026,recent_12m,False,True,9,{'wght'},1,False,False,False,2,False,False,False
Flavors,['regular'],"['latin', 'latin-ext']",v28,2025-09-16,{'regular': 'https://fonts.gstatic.com/s/flavors/v28/FBV2dDrhxqmveJTpbknlNqkG9UY.woff2'},display,webfonts#webfont,https://fonts.gstatic.com/s/flavors/v28/FBV2dDrhxqmveJTpXk3vNw.woff2,,,1513,2025,recent_12m,False,False,1,set(),0,False,False,False,2,False,False,False
Ancizar Sans,"['regular', 'italic']","['greek', 'latin', 'latin-ext']",v8,2025-09-11,"{'regular': 'https://fonts.gstatic.com/s/ancizarsans/v8/fC1mPYtHY2vX3wj8IbE7PxeMUgLBplm9aw.woff2', 'italic': 'https://fonts.gstatic.com/s/ancizarsans/v8/fC14PYtHY2vX3wj8IbE7Pxe8VQjAhFyta3xN.woff2'}",sans-serif,webfonts#webfont,https://fonts.gstatic.com/s/ancizarsans/v8/fC1zPYtHY2vX3wj8IbE7PxeWXCAxfsUebXFMyzioNpMk3g.woff2,"[{'tag': 'wght', 'start': 100, 'end': 1000}]",,1514,2025,recent_12m,True,True,10,{'wght'},1,False,False,False,3,False,False,False
SUSE Mono,"['regular', 'italic']","['latin', 'latin-ext', 'vietnamese']",v1,2025-09-18,"{'regular': 'https://fonts.gstatic.com/s/susemono/v1/y83ZW4wN6yi9x2mTxJIsIRvFEH7yDQ.woff2', 'italic': 'https://fonts.gstatic.com/s/susemono/v1/y83fW4wN6yi9x2mTxJIcJhHEMnviDehA.woff2'}",sans-serif,webfonts#webfont,https://fonts.gstatic.com/s/susemono/v1/y83KW4wN6yi9x2mTxJI2Lzk1yOJRC-VB656w6gpWoA.woff2,"[{'tag': 'wght', 'start': 100, 'end': 800}]",,1515,2025,recent_12m,True,True,8,{'wght'},1,False,False,False,3,False,False,False
Splash,['regular'],"['latin', 'latin-ext', 'vietnamese']",v8,2025-09-16,{'regular': 'https://fonts.gstatic.com/s/splash/v8/KtksAL2RZoDkbU6hofPGNdS6wg.woff2'},handwriting,webfonts#webfont,https://fonts.gstatic.com/s/splash/v8/KtksAL2RZoDkbU6RpfnH.woff2,,,1516,2025,recent_12m,False,False,1,set(),0,False,False,False,3,False,False,False
Chiron Hei HK,"['regular', 'italic']","['chinese-traditional', 'cyrillic', 'cyrillic-ext', 'greek', 'greek-ext', 'latin', 'latin-ext', 'symbols2', 'vietnamese']",v6,2026-07-23,"{'regular': 'https://fonts.gstatic.com/s/chironheihk/v6/wXKtE3MSr44vpVKPvzqVJaxhvXIZsdDTlos.woff2', 'italic': 'https://fonts.gstatic.com/s/chironheihk/v6/wXKzE3MSr44vpVKPvzqVJaxhjXUTsPLWhot33w.woff2'}",sans-serif,webfonts#webfont,https://fonts.gstatic.com/s/chironheihk/v6/wXK-E3MSr44vpVKPvzqVJaxhp3w7QQhPNY163lJtr28NmzA.woff2,"[{'tag': 'wght', 'start': 200, 'end': 900}]",,1517,2026,recent_12m,True,True,8,{'wght'},1,False,False,False,9,False,False,False
Uchen,['regular'],"['latin', 'tibetan']",v11,2025-09-16,{'regular': 'https://fonts.gstatic.com/s/uchen/v11/nKKZ-GokGZ1baIaXEQGodLxA.woff2'},serif,webfonts#webfont,https://fonts.gstatic.com/s/uchen/v11/nKKZ-GokGZ1baLaTGwA.woff2,,,1518,2025,recent_12m,False,False,1,set(),0,False,False,False,2,False,False,False
Cherish,['regular'],"['latin', 'latin-ext', 'vietnamese']",v9,2025-09-11,{'regular': 'https://fonts.gstatic.com/s/cherish/v9/ll88K2mXUyqsDsTN5iXCI6IJjg8.woff2'},handwriting,webfonts#webfont,https://fonts.gstatic.com/s/cherish/v9/ll88K2mXUyqsDsTN1iHIIg.woff2,,,1519,2025,recent_12m,False,False,1,set(),0,False,False,False,3,False,False,False
Rubik Spray Paint,['regular'],"['cyrillic', 'cyrillic-ext', 'hebrew', 'latin', 'latin-ext']",v1,2025-05-30,{'regular': 'https://fonts.gstatic.com/s/rubikspraypaint/v1/WnzhHBAoeBPUDTB4EWR82y6EXWPH-Ro7QoaBZQxP.woff2'},display,webfonts#webfont,https://fonts.gstatic.com/s/rubikspraypaint/v1/WnzhHBAoeBPUDTB4EWR82y6EXWPH-So_SIc.woff2,,,1520,2025,older,False,False,1,set(),0,False,False,False,5,False,False,False
Agu Display,['regular'],"['latin', 'latin-ext', 'vietnamese']",v3,2025-09-05,{'regular': 'https://fonts.gstatic.com/s/agudisplay/v3/iJWABXKbbi6BeMC1_RX7qEXbxox2ztOU.woff2'},display,webfonts#webfont,https://fonts.gstatic.com/s/agudisplay/v3/iJWXBXKbbi6BeMC1_RX7qF_V5E7aciGRRWUwX4fdkKVK.woff2,"[{'tag': 'MORF', 'start': 0, 'end': 60}]",,1521,2025,recent_12m,False,True,1,{'MORF'},1,False,False,False,3,False,False,False
Shizuru,['regular'],"['japanese', 'latin']",v13,2025-09-10,{'regular': 'https://fonts.gstatic.com/s/shizuru/v13/O4ZSFGfvnxFiCA3i30cJlgUTj2A.woff2'},display,webfonts#webfont,https://fonts.gstatic.com/s/shizuru/v13/O4ZSFGfvnxFiCA3i70MDlw.woff2,,,1522,2025,recent_12m,False,False,1,set(),0,False,False,False,2,False,False,False
Bahianita,['regular'],"['latin', 'latin-ext', 'vietnamese']",v23,2025-09-10,{'regular': 'https://fonts.gstatic.com/s/bahianita/v23/yYLr0hTb3vuqqsBUgxWtwDvV2NJPcA.woff2'},display,webfonts#webfont,https://fonts.gstatic.com/s/bahianita/v23/yYLr0hTb3vuqqsBUgxWdxDHU.woff2,,,1523,2025,recent_12m,False,False,1,set(),0,False,False,False,3,False,False,False
Bahiana,['regular'],"['latin', 'latin-ext']",v25,2025-09-16,{'regular': 'https://fonts.gstatic.com/s/bahiana/v25/uU9PCBUV4YenPWJU7xbb3vyHmlI.woff2'},display,webfonts#webfont,https://fonts.gstatic.com/s/bahiana/v25/uU9PCBUV4YenPWJU3xLR3w.woff2,,,1524,2025,recent_12m,False,False,1,set(),0,False,False,False,2,False,False,False
Lumanosimo,['regular'],"['latin', 'latin-ext']",v5,2025-06-02,{'regular': 'https://fonts.gstatic.com/s/lumanosimo/v5/K2F0fZBYg_JDSEZHEfO8Ao-KAyLzfWo.woff2'},handwriting,webfonts#webfont,https://fonts.gstatic.com/s/lumanosimo/v5/K2F0fZBYg_JDSEZHEfO8MouAAg.woff2,,,1525,2025,older,False,False,1,set(),0,False,False,False,2,False,False,False
Noto Rashi Hebrew,['regular'],"['greek-ext', 'hebrew', 'latin', 'latin-ext']",v28,2025-09-16,{'regular': 'https://fonts.gstatic.com/s/notorashihebrew/v28/EJRMQh82XsIK-QFmqXk4zvLwFVya0utF2omSrzS8.woff2'},serif,webfonts#webfont,https://fonts.gstatic.com/s/notorashihebrew/v28/EJR_Qh82XsIK-QFmqXk4zvLwFVya0vFL-HlKM5e6C6HZB-HURiC7.woff2,"[{'tag': 'wght', 'start': 100, 'end': 900}]",,1526,2025,recent_12m,False,True,9,{'wght'},1,False,False,False,4,False,False,False
Zen Loop,"['regular', 'italic']","['latin', 'latin-ext']",v11,2025-09-11,"{'regular': 'https://fonts.gstatic.com/s/zenloop/v11/h0GrssK16UsnJwHsEK92qwzX5vOG.woff2', 'italic': 'https://fonts.gstatic.com/s/zenloop/v11/h0GtssK16UsnJwHsEJ9xoQ314-OGJ0w.woff2'}",display,webfonts#webfont,https://fonts.gstatic.com/s/zenloop/v11/h0GrssK16UsnJwHsEJ9yoQ0.woff2,,,1527,2025,recent_12m,True,False,1,set(),0,False,False,False,2,False,False,False
Noto Sans Anatolian Hieroglyphs,['regular'],"['anatolian-hieroglyphs', 'latin', 'latin-ext']",v17,2025-09-16,{'regular': 'https://fonts.gstatic.com/s/notosansanatolianhieroglyphs/v17/ijw9s4roRME5LLRxjsRb8A0gKPSWq4BbDmHHu6j2pEtUJzZWXyPIymc5QYo.woff2'},sans-serif,webfonts#webfont,https://fonts.gstatic.com/s/notosansanatolianhieroglyphs/v17/ijw9s4roRME5LLRxjsRb8A0gKPSWq4BbDmHHu6j2pEtUJzZWbyfCyw.woff2,,,1528,2025,recent_12m,False,False,1,set(),0,False,False,False,3,False,False,False
Noto Sans Glagolitic,['regular'],"['cyrillic-ext', 'glagolitic', 'latin', 'latin-ext', 'math', 'symbols']",v19,2025-09-05,{'regular': 'https://fonts.gstatic.com/s/notosansglagolitic/v19/1q2ZY4-BBFBst88SU_tOj4J-4yuNF_HI4ERP4Amu7nM1.woff2'},sans-serif,webfonts#webfont,https://fonts.gstatic.com/s/notosansglagolitic/v19/1q2ZY4-BBFBst88SU_tOj4J-4yuNF_HI4HRL6gg.woff2,,,1529,2025,recent_12m,False,False,1,set(),0,False,False,False,6,False,False,False
Vibes,['regular'],"['arabic', 'latin']",v16,2025-09-10,{'regular': 'https://fonts.gstatic.com/s/vibes/v16/QdVYSTsmIB6tmbdyHpbsuBlh.woff2'},display,webfonts#webfont,https://fonts.gstatic.com/s/vibes/v16/QdVYSTsmIB6tmYd2FJc.woff2,,,1530,2025,recent_12m,False,False,1,set(),0,False,False,False,2,False,False,False
Londrina Sketch,['regular'],['latin'],v27,2025-09-08,{'regular': 'https://fonts.gstatic.com/s/londrinasketch/v27/c4m41npxGMTnomOHtRU68eIJn8qfXGn5Pos6CA.woff2'},display,webfonts#webfont,https://fonts.gstatic.com/s/londrinasketch/v27/c4m41npxGMTnomOHtRU68eIJn8qvWGP4.woff2,,,1531,2025,recent_12m,False,False,1,set(),0,False,False,False,1,False,False,False
Bitcount Prop Single,['regular'],"['latin', 'latin-ext']",v3,2025-09-16,{'regular': 'https://fonts.gstatic.com/s/bitcountpropsingle/v3/-W_hXIv9SyXT0xz0E9pIHCxbW8ZMGEVdhyQbgDsC0Np2.woff2'},display,webfonts#webfont,https://fonts.gstatic.com/s/bitcountpropsingle/v3/-W-gXIv9SyXT0xz0E9pIHCxbW8ZMGEVdhz4VoumsGFhzYseFqK9f_KOwYjYsHSocfu1DlxztzQH877SgJ2SUzQ4SJdODLz0JoLU3vXFrqXQooCdbs921GXZlHGQSgg.woff2,"[{'tag': 'CRSV', 'start': 0, 'end': 1}, {'tag': 'ELSH', 'start': 0, 'end': 100}, {'tag': 'ELXP', 'start': 0, 'end': 100}, {'tag': 'slnt', 'start': -8, 'end': 0}, {'tag': 'wght', 'start': 100, 'end': 900}]",,1532,2025,recent_12m,False,True,9,"{'CRSV', 'ELSH', 'wght', 'ELXP', 'slnt'}",5,False,True,False,2,False,False,False
Bitcount Grid Single,['regular'],"['latin', 'latin-ext']",v3,2025-09-16,{'regular': 'https://fonts.gstatic.com/s/bitcountgridsingle/v3/cY9afi2OU1tLpjaqQveNvbC2qfsuQPDVATvtbxLCBJkS.woff2'},display,webfonts#webfont,https://fonts.gstatic.com/s/bitcountgridsingle/v3/cY8bfi2OU1tLpjaqQveNvbC2qfsuQPDVASHjTcBszBsXfC5C9kAKu8QoqnfqMiS4gVij5yxO41San7UnNMBH-Y9u33JUGFdHpUYahAAdbgvnnHmmgUGanohrVUMHrw.woff2,"[{'tag': 'CRSV', 'start': 0, 'end': 1}, {'tag': 'ELSH', 'start': 0, 'end': 100}, {'tag': 'ELXP', 'start': 0, 'end': 100}, {'tag': 'slnt', 'start': -8, 'end': 0}, {'tag': 'wght', 'start': 100, 'end': 900}]",,1533,2025,recent_12m,False,True,9,"{'CRSV', 'ELSH', 'wght', 'ELXP', 'slnt'}",5,False,True,False,2,False,False,False
Playwrite IE,['regular'],['latin'],v11,2025-09-16,{'regular': 'https://fonts.gstatic.com/s/playwriteie/v11/fC1mPYtWYWnH0hvndYd6GCGMUgLBplm9aw.woff2'},handwriting,webfonts#webfont,https://fonts.gstatic.com/s/playwriteie/v11/fC1zPYtWYWnH0hvndYd6GCGWXCAxfsUebXFMyzioNpMk3g.woff2,"[{'tag': 'wght', 'start': 100, 'end': 400}]",,1534,2025,recent_12m,False,True,4,{'wght'},1,False,False,False,1,False,False,False
Tsukimi Rounded,"['300', 'regular', '500', '600', '700']","['japanese', 'latin', 'latin-ext']",v14,2025-09-10,"{'300': 'https://fonts.gstatic.com/s/tsukimirounded/v14/sJoZ3LJNksWZO0LvnZwkF3HtoB7VkVsqMrMT3T9X8g.woff2', 'regular': 'https://fonts.gstatic.com/s/tsukimirounded/v14/sJoc3LJNksWZO0LvnZwkF3HtoB7tOHMOP5gP1A.woff2', '500': 'https://fonts.gstatic.com/s/tsukimirounded/v14/sJoZ3LJNksWZO0LvnZwkF3HtoB7VyVoqMrMT3T9X8g.woff2', '600': 'https://fonts.gstatic.com/s/tsukimirounded/v14/sJoZ3LJNksWZO0LvnZwkF3HtoB7V5V0qMrMT3T9X8g.woff2', '700': 'https://fonts.gstatic.com/s/tsukimirounded/v14/sJoZ3LJNksWZO0LvnZwkF3HtoB7VgVwqMrMT3T9X8g.woff2'}",sans-serif,webfonts#webfont,https://fonts.gstatic.com/s/tsukimirounded/v14/sJoc3LJNksWZO0LvnZwkF3HtoB7dPHkP.woff2,,,1535,2025,recent_12m,False,False,5,set(),0,False,False,False,3,False,False,False
Mrs Sheppards,['regular'],"['latin', 'latin-ext']",v25,2025-09-08,{'regular': 'https://fonts.gstatic.com/s/mrssheppards/v25/PN_2Rfm9snC0XUGoEZhb91ig3v3xynMix4Y.woff2'},handwriting,webfonts#webfont,https://fonts.gstatic.com/s/mrssheppards/v25/PN_2Rfm9snC0XUGoEZhb91ig7vn7yw.woff2,,,1536,2025,recent_12m,False,False,1,set(),0,False,False,False,2,False,False,False
Hanalei Fill,['regular'],"['latin', 'latin-ext']",v23,2025-09-08,{'regular': 'https://fonts.gstatic.com/s/hanaleifill/v23/fC1mPYtObGbfyQznIaQzPQiMUgLBplm9aw.woff2'},display,webfonts#webfont,https://fonts.gstatic.com/s/hanaleifill/v23/fC1mPYtObGbfyQznIaQzPQi8VgjA.woff2,,,1537,2025,recent_12m,False,False,1,set(),0,False,False,False,2,False,False,False
Oldenburg,['regular'],"['latin', 'latin-ext']",v24,2025-09-16,{'regular': 'https://fonts.gstatic.com/s/oldenburg/v24/fC1jPY5JYWzbywv7c4V6VE6oXyndrw.woff2'},display,webfonts#webfont,https://fonts.gstatic.com/s/oldenburg/v24/fC1jPY5JYWzbywv7c4VKUESp.woff2,,,1538,2025,recent_12m,False,False,1,set(),0,False,False,False,2,False,False,False
Peddana,['regular'],"['latin', 'telugu']",v24,2025-09-08,{'regular': 'https://fonts.gstatic.com/s/peddana/v24/aFTU7PBhaX89UcKWhhiaBYyMcKw.woff2'},serif,webfonts#webfont,https://fonts.gstatic.com/s/peddana/v24/aFTU7PBhaX89UcKWthyQBA.woff2,,,1539,2025,recent_12m,False,False,1,set(),0,False,False,False,2,False,False,False
Lunasima,"['regular', '700']","['cyrillic', 'cyrillic-ext', 'greek', 'greek-ext', 'hebrew', 'latin', 'latin-ext', 'vietnamese']",v1,2025-05-30,"{'regular': 'https://fonts.gstatic.com/s/lunasima/v1/wEO-EBvPh9RSOj7JFAwge94H1VIe.woff2', '700': 'https://fonts.gstatic.com/s/lunasima/v1/wEO5EBvPh9RSOj7JFDSZVPoK_k4XiKvO.woff2'}",sans-serif,webfonts#webfont,https://fonts.gstatic.com/s/lunasima/v1/wEO-EBvPh9RSOj7JFDwkcd8.woff2,,,1540,2025,older,False,False,2,set(),0,False,False,False,8,False,False,False
Snowburst One,['regular'],"['latin', 'latin-ext']",v21,2025-09-02,{'regular': 'https://fonts.gstatic.com/s/snowburstone/v21/MQpS-WezKdujBsXY3B7I-UT7eZqUPyacPbo.woff2'},display,webfonts#webfont,https://fonts.gstatic.com/s/snowburstone/v21/MQpS-WezKdujBsXY3B7I-UT7SZ6ePg.woff2,,,1541,2025,recent_12m,False,False,1,set(),0,False,False,False,2,False,False,False
Triodion,['regular'],"['cyrillic', 'cyrillic-ext', 'latin']",v3,2025-05-30,{'regular': 'https://fonts.gstatic.com/s/triodion/v3/IFSnHe5TgMVEmMQV5mr8u-W10l_X.woff2'},display,webfonts#webfont,https://fonts.gstatic.com/s/triodion/v3/IFSnHe5TgMVEmMQV5lr4seQ.woff2,,,1542,2025,older,False,False,1,set(),0,False,False,False,3,False,False,False
Molle,['italic'],"['latin', 'latin-ext']",v25,2025-09-05,{'italic': 'https://fonts.gstatic.com/s/molle/v25/E21n_dL5hOXFhWEsXz0mVydREus.woff2'},handwriting,webfonts#webfont,https://fonts.gstatic.com/s/molle/v25/E21n_dL5hOXFhWEsbzksVg.woff2,,,1543,2025,recent_12m,True,False,1,set(),0,False,False,False,2,False,False,False
Playwrite AU SA,['regular'],['latin'],v11,2025-09-08,{'regular': 'https://fonts.gstatic.com/s/playwriteausa/v11/YcmusZpNS1SdgmHbGgtRuUElnR3YlwJJtci2kA.woff2'},handwriting,webfonts#webfont,https://fonts.gstatic.com/s/playwriteausa/v11/YcmhsZpNS1SdgmHbGgtRuUElnR3CmSC5bVQVlrclpZgRQuRpCw.woff2,"[{'tag': 'wght', 'start': 100, 'end': 400}]",,1544,2025,recent_12m,False,True,4,{'wght'},1,False,False,False,1,False,False,False
Cossette Texte,"['regular', '700']","['latin', 'latin-ext']",v3,2025-10-29,"{'regular': 'https://fonts.gstatic.com/s/cossettetexte/v3/S6ukw4pDXzTb-m1kPi_7eV-ciP0wxPBQ19bE.woff2', '700': 'https://fonts.gstatic.com/s/cossettetexte/v3/S6unw4pDXzTb-m1kPi_7eV-ciMWJ69Rd_MrNDZes.woff2'}",sans-serif,webfonts#webfont,https://fonts.gstatic.com/s/cossettetexte/v3/S6ukw4pDXzTb-m1kPi_7eV-ciM00zvE.woff2,,,1545,2025,recent_12m,False,False,2,set(),0,False,False,False,2,False,False,False
Bungee Tint,['regular'],"['latin', 'latin-ext', 'vietnamese']",v3,2025-05-30,{'regular': 'https://fonts.gstatic.com/s/bungeetint/v3/J7abnpl_EGtUEuAJwN9WmrtPMDwTpTkB.woff2'},display,webfonts#webfont,https://fonts.gstatic.com/s/bungeetint/v3/J7abnpl_EGtUEuAJwN9WmotLOj0.woff2,,['COLRv0'],1546,2025,older,False,False,1,set(),0,False,False,False,3,False,False,False
Chenla,['regular'],['khmer'],v25,2022-09-22,{'regular': 'https://fonts.gstatic.com/s/chenla/v25/SZc43FDpIKu8WZ9eWhfonUPL6Q.woff2'},display,webfonts#webfont,https://fonts.gstatic.com/s/chenla/v25/SZc43FDpIKu8WZ9uXh3p.woff2,,,1547,2022,older,False,False,1,set(),0,False,False,False,1,False,False,False
Taprom,['regular'],"['khmer', 'latin']",v29,2025-09-08,{'regular': 'https://fonts.gstatic.com/s/taprom/v29/UcCn3F82JHycULbFRik3-0kvHg.woff2'},display,webfonts#webfont,https://fonts.gstatic.com/s/taprom/v29/UcCn3F82JHycULb1QiM2.woff2,,,1548,2025,recent_12m,False,False,1,set(),0,False,False,False,2,False,False,False
Ga Maamli,['regular'],"['latin', 'latin-ext', 'vietnamese']",v3,2025-05-30,{'regular': 'https://fonts.gstatic.com/s/gamaamli/v3/uU9NCBsQ4c-DPW1Yo3rR396CilKOdQ.woff2'},display,webfonts#webfont,https://fonts.gstatic.com/s/gamaamli/v3/uU9NCBsQ4c-DPW1Yo3rh29SD.woff2,,,1549,2025,older,False,False,1,set(),0,False,False,False,3,False,False,False
Trochut,"['regular', 'italic', '700']",['latin'],v24,2025-09-10,"{'regular': 'https://fonts.gstatic.com/s/trochut/v24/CHyjV-fDDlP9bDIw5nGIfVIPLns.woff2', 'italic': 'https://fonts.gstatic.com/s/trochut/v24/CHyhV-fDDlP9bDIw1naCfHAKPns8jw.woff2', '700': 'https://fonts.gstatic.com/s/trochut/v24/CHymV-fDDlP9bDIw3sinWV8kMnIllmA.woff2'}",display,webfonts#webfont,https://fonts.gstatic.com/s/trochut/v24/CHyjV-fDDlP9bDIw1nWCfA.woff2,,,1550,2025,recent_12m,True,False,2,set(),0,False,False,False,1,False,False,False
Playwrite NZ Basic,['regular'],['latin'],v1,2026-01-28,{'regular': 'https://fonts.gstatic.com/s/playwritenzbasic/v1/YcmrsYdNS1SdgmHbGgtRtk4ljD2L-0ttuOOqmaM9pA.woff2'},handwriting,webfonts#webfont,https://fonts.gstatic.com/s/playwritenzbasic/v1/YcmesYdNS1SdgmHbGgtRtk4ljD2L-0t3tsFaQT-eokVSUi0KHoxVcA.woff2,"[{'tag': 'wght', 'start': 100, 'end': 400}]",,1551,2026,recent_12m,False,True,4,{'wght'},1,False,False,False,1,False,False,False
Moulpali,['regular'],"['khmer', 'latin']",v33,2025-09-10,{'regular': 'https://fonts.gstatic.com/s/moulpali/v33/H4ckBXKMl9HagUWymyY_wr-wg763.woff2'},sans-serif,webfonts#webfont,https://fonts.gstatic.com/s/moulpali/v33/H4ckBXKMl9HagUWymxY7yL4.woff2,,,1552,2025,recent_12m,False,False,1,set(),0,False,False,False,2,False,False,False
Noto Sans Batak,['regular'],"['batak', 'latin', 'latin-ext']",v23,2025-08-26,{'regular': 'https://fonts.gstatic.com/s/notosansbatak/v23/gok2H6TwAEdtF9N8-mdTCQvT-Zdgpo_PHuk74A.woff2'},sans-serif,webfonts#webfont,https://fonts.gstatic.com/s/notosansbatak/v23/gok2H6TwAEdtF9N8-mdTCQvT-ZdQooXO.woff2,,,1553,2025,recent_12m,False,False,1,set(),0,False,False,False,3,False,False,False
Parastoo,['regular'],"['arabic', 'latin', 'latin-ext', 'vietnamese']",v3,2025-10-29,{'regular': 'https://fonts.gstatic.com/s/parastoo/v3/-F6yfj90ITQ4d9euQUrVjCVAxzAL.woff2'},serif,webfonts#webfont,https://fonts.gstatic.com/s/parastoo/v3/-F6vfj90ITQ4d9euQVDbrtWYW5MNx1dlT6kFFfll.woff2,"[{'tag': 'wght', 'start': 400, 'end': 700}]",,1554,2025,recent_12m,False,True,4,{'wght'},1,False,False,False,4,False,False,False
Rubik Gemstones,['regular'],"['cyrillic', 'cyrillic-ext', 'hebrew', 'latin', 'latin-ext']",v1,2025-05-30,{'regular': 'https://fonts.gstatic.com/s/rubikgemstones/v1/zrf90HrL0-_8Xb4DFM2rUkWbOVrOjSnGqi1GMw.woff2'},display,webfonts#webfont,https://fonts.gstatic.com/s/rubikgemstones/v1/zrf90HrL0-_8Xb4DFM2rUkWbOVr-iSPH.woff2,,,1555,2025,older,False,False,1,set(),0,False,False,False,5,False,False,False
Cossette Titre,"['regular', '700']","['latin', 'latin-ext']",v3,2025-10-29,"{'regular': 'https://fonts.gstatic.com/s/cossettetitre/v3/11hYGpvKz1nGbxMXUWz9OdPzuiEcrPeE8cA2.woff2', '700': 'https://fonts.gstatic.com/s/cossettetitre/v3/11hbGpvKz1nGbxMXUWz9OdPzuhmlg9OJ2tw_RXR-.woff2'}",sans-serif,webfonts#webfont,https://fonts.gstatic.com/s/cossettetitre/v3/11hYGpvKz1nGbxMXUWz9OdPzuhEYpvY.woff2,,,1556,2025,recent_12m,False,False,2,set(),0,False,False,False,2,False,False,False
Gidole,['regular'],"['cyrillic', 'greek', 'latin', 'latin-ext', 'vietnamese']",v24,2025-05-30,{'regular': 'https://fonts.gstatic.com/s/gidole/v24/sZlFdR6O8zVVEiMaDZtWS6EPcA.woff2'},sans-serif,webfonts#webfont,https://fonts.gstatic.com/s/gidole/v24/sZlFdR6O8zVVEiMqCZFX.woff2,,,1557,2025,older,False,False,1,set(),0,False,False,False,5,False,False,False
Playwrite RO,['regular'],['latin'],v10,2025-09-10,{'regular': 'https://fonts.gstatic.com/s/playwritero/v10/gokpH6fuA1J7QPJ04HFTGSWHndZEq6TTFw.woff2'},handwriting,webfonts#webfont,https://fonts.gstatic.com/s/playwritero/v10/gok8H6fuA1J7QPJ04HFTGSWdk_S0czhwEf0j4a9YrZSGJw.woff2,"[{'tag': 'wght', 'start': 100, 'end': 400}]",,1558,2025,recent_12m,False,True,4,{'wght'},1,False,False,False,1,False,False,False
Kumar One Outline,['regular'],"['gujarati', 'latin', 'latin-ext']",v20,2025-06-25,{'regular': 'https://fonts.gstatic.com/s/kumaroneoutline/v20/Noao6VH62pyLP0fsrZ-v18wlUEcX9zD1RQu8EGKF.woff2'},display,webfonts#webfont,https://fonts.gstatic.com/s/kumaroneoutline/v20/Noao6VH62pyLP0fsrZ-v18wlUEcX9wDxTwo.woff2,,,1559,2025,older,False,False,1,set(),0,False,False,False,3,False,False,False
Love Light,['regular'],"['latin', 'latin-ext', 'vietnamese']",v8,2025-09-05,{'regular': 'https://fonts.gstatic.com/s/lovelight/v8/t5tlIR0TNJyZWimpNAXDjKPCyTHuspo.woff2'},handwriting,webfonts#webfont,https://fonts.gstatic.com/s/lovelight/v8/t5tlIR0TNJyZWimpNAXDvKfIyA.woff2,,,1560,2025,recent_12m,False,False,1,set(),0,False,False,False,3,False,False,False
Butterfly Kids,['regular'],"['latin', 'latin-ext']",v27,2025-09-08,{'regular': 'https://fonts.gstatic.com/s/butterflykids/v27/ll8lK2CWTjuqAsXDqlnIbMNs5S4frxFrAX1D.woff2'},handwriting,webfonts#webfont,https://fonts.gstatic.com/s/butterflykids/v27/ll8lK2CWTjuqAsXDqlnIbMNs5R4bpRA.woff2,,,1561,2025,recent_12m,False,False,1,set(),0,False,False,False,2,False,False,False
Alumni Sans SC,"['regular', 'italic']","['cyrillic', 'cyrillic-ext', 'latin', 'latin-ext', 'vietnamese']",v3,2025-09-08,"{'regular': 'https://fonts.gstatic.com/s/alumnisanssc/v3/Y4GSYaxzVjArrOeNFYbCvkZ8C3UG6pzxRwYB.woff2', 'italic': 'https://fonts.gstatic.com/s/alumnisanssc/v3/Y4GQYaxzVjArrOeNFYbCvkZ8C0UB4J3TQhYBeYo.woff2'}",sans-serif,webfonts#webfont,https://fonts.gstatic.com/s/alumnisanssc/v3/Y4GfYaxzVjArrOeNFYbCvkZ8C28IyGwp26UHdIteaL1mgcie.woff2,"[{'tag': 'wght', 'start': 100, 'end': 900}]",,1562,2025,recent_12m,True,True,9,{'wght'},1,False,False,False,5,False,False,False
Playwrite DK Uloopet,['regular'],['latin'],v6,2025-09-11,{'regular': 'https://fonts.gstatic.com/s/playwritedkuloopet/v6/bWtn7e3Ufwn0Hf1zjprKPYlcDAoHknvYFiCGpTMddp8a.woff2'},handwriting,webfonts#webfont,https://fonts.gstatic.com/s/playwritedkuloopet/v6/bWtS7e3Ufwn0Hf1zjprKPYlcDAoHknvYFjqIh8PF6jwcP5K06lUbKOPh.woff2,"[{'tag': 'wght', 'start': 100, 'end': 400}]",,1563,2025,recent_12m,False,True,4,{'wght'},1,False,False,False,1,False,False,False
Blaka,['regular'],"['arabic', 'latin', 'latin-ext']",v8,2025-09-16,{'regular': 'https://fonts.gstatic.com/s/blaka/v8/8vIG7w8722p_6kdu20D2FV5e.woff2'},display,webfonts#webfont,https://fonts.gstatic.com/s/blaka/v8/8vIG7w8722p_6ndq0UE.woff2,,,1564,2025,recent_12m,False,False,1,set(),0,False,False,False,3,False,False,False
Black And White Picture,['regular'],"['korean', 'latin']",v30,2025-09-16,{'regular': 'https://fonts.gstatic.com/s/blackandwhitepicture/v30/TwMe-JAERlQd3ooUHBUXGmrmioKjjnRSFO-NqI5CbcMi-yWY.woff2'},display,webfonts#webfont,https://fonts.gstatic.com/s/blackandwhitepicture/v30/TwMe-JAERlQd3ooUHBUXGmrmioKjjnRSFO-NqL5GZ8I.woff2,,,1565,2025,recent_12m,False,False,1,set(),0,False,False,False,2,True,False,False
Noto Sans Cypro Minoan,['regular'],"['cypro-minoan', 'latin', 'latin-ext']",v1,2025-05-30,{'regular': 'https://fonts.gstatic.com/s/notosanscyprominoan/v1/2Eb2L_dtDUlkNmPHB_UVtEzp3ZlPGqZ_4nAGq9KSf8_eQSE.woff2'},sans-serif,webfonts#webfont,https://fonts.gstatic.com/s/notosanscyprominoan/v1/2Eb2L_dtDUlkNmPHB_UVtEzp3ZlPGqZ_4nAGm9aYfg.woff2,,,1566,2025,older,False,False,1,set(),0,False,False,False,3,False,False,False
Protest Guerrilla,['regular'],"['latin', 'latin-ext', 'math', 'symbols', 'vietnamese']",v2,2025-05-30,{'regular': 'https://fonts.gstatic.com/s/protestguerrilla/v2/Qw3HZR5PDSL6K3irtrY-VJB2YzARHV0hoJ8y_eiS.woff2'},display,webfonts#webfont,https://fonts.gstatic.com/s/protestguerrilla/v2/Qw3HZR5PDSL6K3irtrY-VJB2YzARHW0lqp4.woff2,,,1567,2025,older,False,False,1,set(),0,False,False,False,5,False,False,False
Workbench,['regular'],"['latin', 'math', 'symbols']",v3,2025-09-11,{'regular': 'https://fonts.gstatic.com/s/workbench/v3/FeVSS05Gp6Et7FcfbPFQ2J5nm29Gww.woff2'},monospace,webfonts#webfont,https://fonts.gstatic.com/s/workbench/v3/FeV8S05Gp6Et7FcfbPFK1rynGd_MxtkvNFmoUDFhgF2VKTGQk6vapeOK2mM.woff2,"[{'tag': 'BLED', 'start': 0, 'end': 100}, {'tag': 'SCAN', 'start': -53, 'end': 100}]",,1568,2025,recent_12m,False,True,1,"{'BLED', 'SCAN'}",2,False,False,False,3,False,False,False
Geomini,['regular'],"['latin', 'latin-ext']",v2,2026-07-09,{'regular': 'https://fonts.gstatic.com/s/geomini/v2/Yq6U-L2BVyv2_q37gztKuO5bjxE.woff2'},sans-serif,webfonts#webfont,https://fonts.gstatic.com/s/geomini/v2/Yq6L-L2BVyv2_q37mTVoSDbHLBc5Sb6OqMCz04g.woff2,"[{'tag': 'wght', 'start': 200, 'end': 800}]",,1569,2026,recent_12m,False,True,7,{'wght'},1,False,False,False,2,False,False,False
Cascadia Mono,"['regular', 'italic']","['arabic', 'braille', 'cyrillic', 'cyrillic-ext', 'greek', 'hebrew', 'latin', 'latin-ext', 'symbols2', 'vietnamese']",v5,2025-09-08,"{'regular': 'https://fonts.gstatic.com/s/cascadiamono/v5/TUZ2zw5pquJF3iuizJDZYqr1WZAt0W3r4WA.woff2', 'italic': 'https://fonts.gstatic.com/s/cascadiamono/v5/TUZozw5pquJF3iuizJDZYqr1aZcn0E_u8WBhSA.woff2'}",sans-serif,webfonts#webfont,https://fonts.gstatic.com/s/cascadiamono/v5/TUZlzw5pquJF3iuizJDZYqr1Q54PIbV3QmZsSTYdsVVlPIo.woff2,"[{'tag': 'wght', 'start': 200, 'end': 700}]",,1570,2025,recent_12m,True,True,6,{'wght'},1,False,False,False,10,False,False,False
Flow Rounded,['regular'],"['cyrillic', 'cyrillic-ext', 'latin', 'latin-ext', 'vietnamese']",v15,2025-09-17,{'regular': 'https://fonts.gstatic.com/s/flowrounded/v15/-zki91mtwsU9qlLiGwD4oQX3pJX-Xup87g.woff2'},display,webfonts#webfont,https://fonts.gstatic.com/s/flowrounded/v15/-zki91mtwsU9qlLiGwD4oQXHoJ__.woff2,,,1571,2025,recent_12m,False,False,1,set(),0,False,False,False,5,False,False,False
Sixtyfour Convergence,['regular'],"['latin', 'latin-ext', 'math', 'symbols']",v5,2025-09-08,{'regular': 'https://fonts.gstatic.com/s/sixtyfourconvergence/v5/m8JMjepPf7mIglv5K__zM9srGA7wurbybZMFaOhGW74OXw.woff2'},monospace,webfonts#webfont,https://fonts.gstatic.com/s/sixtyfourconvergence/v5/m8IQjepPf7mIglv5K__zM9srGA7wurbybZMfZsqG2Q6EWlJro5FJSJ4acT9PoOPwGgieaK7zkSpdXP-GrR9Yw9Tg7E4HGLbUKPlOh102topukg.woff2,"[{'tag': 'BLED', 'start': 0, 'end': 100}, {'tag': 'SCAN', 'start': -53, 'end': 100}, {'tag': 'XELA', 'start': -100, 'end': 100}, {'tag': 'YELA', 'start': -100, 'end': 100}]",['COLRv1'],1572,2025,recent_12m,False,True,1,"{'BLED', 'YELA', 'XELA', 'SCAN'}",4,False,False,False,4,False,False,False
Rubik Beastly,['regular'],"['cyrillic', 'cyrillic-ext', 'hebrew', 'latin', 'latin-ext']",v11,2025-09-05,{'regular': 'https://fonts.gstatic.com/s/rubikbeastly/v11/0QImMXRd5oOmSC2ZQ7o9653X07n8_ApHqqk.woff2'},display,webfonts#webfont,https://fonts.gstatic.com/s/rubikbeastly/v11/0QImMXRd5oOmSC2ZQ7o9653X4732_Q.woff2,,,1573,2025,recent_12m,False,False,1,set(),0,False,False,False,5,False,False,False
Rubik Maze,['regular'],"['cyrillic', 'cyrillic-ext', 'hebrew', 'latin', 'latin-ext']",v2,2025-05-30,{'regular': 'https://fonts.gstatic.com/s/rubikmaze/v2/xMQRuF9ZVa2ftiJEavXSAXvinS-bxV4.woff2'},display,webfonts#webfont,https://fonts.gstatic.com/s/rubikmaze/v2/xMQRuF9ZVa2ftiJEavXSMX_onA.woff2,,,1574,2025,older,False,False,1,set(),0,False,False,False,5,False,False,False
Playwrite CA,['regular'],['latin'],v11,2025-09-16,{'regular': 'https://fonts.gstatic.com/s/playwriteca/v11/z7NTdR_4cT0NOrEAIElil930SdeRpoq5Zg.woff2'},handwriting,webfonts#webfont,https://fonts.gstatic.com/s/playwriteca/v11/z7NGdR_4cT0NOrEAIElil93uR_VhfhYaYOijHiqvUpyw1Q.woff2,"[{'tag': 'wght', 'start': 100, 'end': 400}]",,1575,2025,recent_12m,False,True,4,{'wght'},1,False,False,False,1,False,False,False
LXGW WenKai Mono TC,"['300', 'regular', '700']","['chinese-traditional', 'cyrillic', 'cyrillic-ext', 'greek', 'greek-ext', 'latin', 'latin-ext', 'lisu', 'vietnamese']",v10,2026-03-11,"{'300': 'https://fonts.gstatic.com/s/lxgwwenkaimonotc/v10/pxiVyos4iPVgyWx9WtufHnsIf5nkaB0HssKqhvdljXmo2SA.woff2', 'regular': 'https://fonts.gstatic.com/s/lxgwwenkaimonotc/v10/pxiYyos4iPVgyWx9WtufHnsIf5nkaB0HimuCovpOkXA.woff2', '700': 'https://fonts.gstatic.com/s/lxgwwenkaimonotc/v10/pxiVyos4iPVgyWx9WtufHnsIf5nkaB0HstKthvdljXmo2SA.woff2'}",monospace,webfonts#webfont,https://fonts.gstatic.com/s/lxgwwenkaimonotc/v10/pxiYyos4iPVgyWx9WtufHnsIf5nkaB0Hum-Iow.woff2,,,1576,2026,recent_12m,False,False,3,set(),0,False,False,False,9,False,False,False
Rubik Vinyl,['regular'],"['cyrillic', 'cyrillic-ext', 'hebrew', 'latin', 'latin-ext']",v1,2025-05-30,{'regular': 'https://fonts.gstatic.com/s/rubikvinyl/v1/iJWABXKIfDnIV4mQ5BfjvUXbxox2ztOU.woff2'},display,webfonts#webfont,https://fonts.gstatic.com/s/rubikvinyl/v1/iJWABXKIfDnIV4mQ5BfjvXXfzI0.woff2,,,1577,2025,older,False,False,1,set(),0,False,False,False,5,False,False,False
Noto Serif Tibetan,['regular'],"['latin', 'latin-ext', 'tibetan']",v24,2025-09-05,{'regular': 'https://fonts.gstatic.com/s/notoseriftibetan/v24/gokzH7nwAEdtF9N45n0Vaz7O-pk0wsvrE8In6WYDvA.woff2'},serif,webfonts#webfont,https://fonts.gstatic.com/s/notoseriftibetan/v24/gokGH7nwAEdtF9N45n0Vaz7O-pk0wsvxHeDXMfqguoCmIrYcDS_hdA.woff2,"[{'tag': 'wght', 'start': 100, 'end': 900}]",,1578,2025,recent_12m,False,True,9,{'wght'},1,False,False,False,3,False,False,False
Bitcount Ink,['regular'],"['latin', 'latin-ext']",v2,2025-09-16,{'regular': 'https://fonts.gstatic.com/s/bitcountink/v2/CHykV-zVFUj9azIqslTrFzEuM1AghmBIYQ.woff2'},display,webfonts#webfont,https://fonts.gstatic.com/s/bitcountink/v2/CHw3XOqbPlXqZygxqACCMDRlDHEsWMeZ-ply2TQhrGdTTV70MvuSq-hd_83nDPWRtOLnAR0RGYwUI6_l53HbUsPlZt2f_nGD_DNHtMCB7B9hQwZ0b5o6F6iN-beb4rZZL0lJiDukrkTdyFcJaMYOfDmhx95p-j2BlGfR752-BOzpyNMOV-otpEi0LP8lkm2L_v1iV4b0vZlRFNojp-LpjyYyLnpf.woff2,"[{'tag': 'CRSV', 'start': 0, 'end': 1}, {'tag': 'ELSH', 'start': 0, 'end': 100}, {'tag': 'ELXP', 'start': 0, 'end': 100}, {'tag': 'SZP1', 'start': 0, 'end': 100}, {'tag': 'SZP2', 'start': 0, 'end': 100}, {'tag': 'XPN1', 'start': -100, 'end': 100}, {'tag': 'XPN2', 'start': -100, 'end': 100}, {'tag': 'YPN1', 'start': -100, 'end': 100}, {'tag': 'YPN2', 'start': -100, 'end': 100}, {'tag': 'slnt', 'start': -8, 'end': 0}, {'tag': 'wght', 'start': 100, 'end': 900}]",['COLRv1'],1579,2025,recent_12m,False,True,9,"{'YPN1', 'CRSV', 'XPN2', 'YPN2', 'ELSH', 'SZP2', 'XPN1', 'wght', 'ELXP', 'slnt', 'SZP1'}",11,False,True,False,2,False,False,False
Noto Sans Pahawh Hmong,['regular'],"['latin', 'latin-ext', 'pahawh-hmong']",v21,2026-01-20,{'regular': 'https://fonts.gstatic.com/s/notosanspahawhhmong/v21/bWtp7e_KfBziStx7lIzKKaMUOBEA3UPQDW7krzI_c48aMpM.woff2'},sans-serif,webfonts#webfont,https://fonts.gstatic.com/s/notosanspahawhhmong/v21/bWtp7e_KfBziStx7lIzKKaMUOBEA3UPQDW7knzY1cg.woff2,,,1580,2026,recent_12m,False,False,1,set(),0,False,False,False,3,False,False,False
Playwrite HR,['regular'],['latin'],v6,2025-09-16,{'regular': 'https://fonts.gstatic.com/s/playwritehr/v6/WWXVljmQYQCZM5qaU_dwQYcoYibLwMVWng.woff2'},handwriting,webfonts#webfont,https://fonts.gstatic.com/s/playwritehr/v6/WWXAljmQYQCZM5qaU_dwQYcybAQ7GFn1mFNJPsoBxYDdAQ.woff2,"[{'tag': 'wght', 'start': 100, 'end': 400}]",,1581,2025,recent_12m,False,True,4,{'wght'},1,False,False,False,1,False,False,False
Danfo,['regular'],"['latin', 'latin-ext', 'vietnamese']",v5,2025-09-05,{'regular': 'https://fonts.gstatic.com/s/danfo/v5/snfks0u_98t16SvRCZwCP8F9.woff2'},serif,webfonts#webfont,https://fonts.gstatic.com/s/danfo/v5/snf3s0u_98t16THfK1Csj3N41ZqbYDeJSrdS.woff2,"[{'tag': 'ELSH', 'start': 0, 'end': 100}]",,1582,2025,recent_12m,False,True,1,{'ELSH'},1,False,False,False,3,False,False,False
Noto Sans Hanunoo,['regular'],"['hanunoo', 'latin', 'latin-ext']",v22,2025-09-10,{'regular': 'https://fonts.gstatic.com/s/notosanshanunoo/v22/f0Xs0fCv8dxkDWlZSoXOj6CphMloFsEpEpgL_ix2.woff2'},sans-serif,webfonts#webfont,https://fonts.gstatic.com/s/notosanshanunoo/v22/f0Xs0fCv8dxkDWlZSoXOj6CphMloFvEtGJk.woff2,,,1583,2025,recent_12m,False,False,1,set(),0,False,False,False,3,False,False,False
Sassy Frass,['regular'],"['latin', 'latin-ext', 'vietnamese']",v9,2025-09-16,{'regular': 'https://fonts.gstatic.com/s/sassyfrass/v9/LhWhMVrGOe0FLb97BjhsE99YGNWQg_am.woff2'},handwriting,webfonts#webfont,https://fonts.gstatic.com/s/sassyfrass/v9/LhWhMVrGOe0FLb97BjhsE-9cEtQ.woff2,,,1584,2025,recent_12m,False,False,1,set(),0,False,False,False,3,False,False,False
Rubik 80s Fade,['regular'],"['cyrillic', 'cyrillic-ext', 'hebrew', 'latin', 'latin-ext']",v2,2025-05-30,{'regular': 'https://fonts.gstatic.com/s/rubik80sfade/v2/U9MF6dW37nLSmnwZXyoV-uPXUhH1kbL8IHcK.woff2'},display,webfonts#webfont,https://fonts.gstatic.com/s/rubik80sfade/v2/U9MF6dW37nLSmnwZXyoV-uPXUiHxm7M.woff2,,,1585,2025,older,False,False,1,set(),0,False,False,False,5,False,False,False
Noto Serif Ethiopic,['regular'],"['ethiopic', 'latin', 'latin-ext']",v32,2025-09-11,{'regular': 'https://fonts.gstatic.com/s/notoserifethiopic/v32/V8mZoR7-XjwJ8_Au3Ti5tXj5Rd83frpWNqA_FjYhCmo.woff2'},serif,webfonts#webfont,https://fonts.gstatic.com/s/notoserifethiopic/v32/V8mjoR7-XjwJ8_Au3Ti5tXj5Rd83frpWLK4d-taxqWw2HMWjDxBAg5S_0QsrggxCzSUTkKm8.woff2,"[{'tag': 'wdth', 'start': 62.5, 'end': 100}, {'tag': 'wght', 'start': 100, 'end': 900}]",,1586,2025,recent_12m,False,True,9,"{'wdth', 'wght'}",2,True,False,False,3,False,False,False
Tiro Tamil,"['regular', 'italic']","['latin', 'latin-ext', 'tamil']",v11,2025-09-08,"{'regular': 'https://fonts.gstatic.com/s/tirotamil/v11/m8JXjfVIf7OT22n3M-S_ULFvamODxdI.woff2', 'italic': 'https://fonts.gstatic.com/s/tirotamil/v11/m8JVjfVIf7OT22n3M-S_YLZla0GG1dKEDw.woff2'}",serif,webfonts#webfont,https://fonts.gstatic.com/s/tirotamil/v11/m8JXjfVIf7OT22n3M-S_YLVlaw.woff2,,,1587,2025,recent_12m,True,False,1,set(),0,False,False,False,3,False,False,False
Jacquard 24,['regular'],"['latin', 'latin-ext']",v4,2025-09-17,{'regular': 'https://fonts.gstatic.com/s/jacquard24/v4/jVyO7nf_B2zO5jVpUGU8lgQBdchf9xXp.woff2'},display,webfonts#webfont,https://fonts.gstatic.com/s/jacquard24/v4/jVyO7nf_B2zO5jVpUGU8ljQFf8k.woff2,,,1588,2025,recent_12m,False,False,1,set(),0,False,False,False,2,False,False,False
Noto Sans Coptic,['regular'],"['coptic', 'latin', 'latin-ext']",v22,2025-09-05,{'regular': 'https://fonts.gstatic.com/s/notosanscoptic/v22/iJWfBWmUZi_OHPqn4wq6kgqumOEd786_VG0xR4Y.woff2'},sans-serif,webfonts#webfont,https://fonts.gstatic.com/s/notosanscoptic/v22/iJWfBWmUZi_OHPqn4wq6kgqumOEd38q1VQ.woff2,,,1589,2025,recent_12m,False,False,1,set(),0,False,False,False,3,False,False,False
Kolker Brush,['regular'],"['latin', 'latin-ext', 'vietnamese']",v8,2025-09-16,{'regular': 'https://fonts.gstatic.com/s/kolkerbrush/v8/iJWDBXWRZjfKWdvmzwvvog3-6aJ6x8qNUQ.woff2'},handwriting,webfonts#webfont,https://fonts.gstatic.com/s/kolkerbrush/v8/iJWDBXWRZjfKWdvmzwvvog3O7ah7.woff2,,,1590,2025,recent_12m,False,False,1,set(),0,False,False,False,3,False,False,False
Noto Sans Syriac,['regular'],"['latin', 'latin-ext', 'syriac']",v18,2025-09-05,{'regular': 'https://fonts.gstatic.com/s/notosanssyriac/v18/Ktk2AKuMeZjqPnXgyqribqzQqgW0N4a3WYZB_sU.woff2'},sans-serif,webfonts#webfont,https://fonts.gstatic.com/s/notosanssyriac/v18/Ktk7AKuMeZjqPnXgyqribqzQqgW0LYiVqV7dXcP0C-VD9PaIw5Y.woff2,"[{'tag': 'wght', 'start': 100, 'end': 900}]",,1591,2025,recent_12m,False,True,9,{'wght'},1,False,False,False,3,False,False,False
Are You Serious,['regular'],"['latin', 'latin-ext', 'vietnamese']",v14,2025-09-16,{'regular': 'https://fonts.gstatic.com/s/areyouserious/v14/ll8kK2GVSSr-PtjQ5nONVcNn4306gD9nCGRayg.woff2'},handwriting,webfonts#webfont,https://fonts.gstatic.com/s/areyouserious/v14/ll8kK2GVSSr-PtjQ5nONVcNn430KhDVm.woff2,,,1592,2025,recent_12m,False,False,1,set(),0,False,False,False,3,False,False,False
Rubik Puddles,['regular'],"['cyrillic', 'cyrillic-ext', 'hebrew', 'latin', 'latin-ext']",v2,2025-05-30,{'regular': 'https://fonts.gstatic.com/s/rubikpuddles/v2/1Ptog8bYX_qGnkLkrU5MJsQcJfW0wVMT-aE.woff2'},display,webfonts#webfont,https://fonts.gstatic.com/s/rubikpuddles/v2/1Ptog8bYX_qGnkLkrU5MJsQcFfG-wA.woff2,,,1593,2025,older,False,False,1,set(),0,False,False,False,5,False,False,False
Noto Sans Carian,['regular'],"['carian', 'latin', 'latin-ext']",v17,2025-09-05,{'regular': 'https://fonts.gstatic.com/s/notosanscarian/v17/LDIpaoiONgYwA9Yc6f0gUILeMIOgs78b9yGLmfI.woff2'},sans-serif,webfonts#webfont,https://fonts.gstatic.com/s/notosanscarian/v17/LDIpaoiONgYwA9Yc6f0gUILeMIOgg7sR9g.woff2,,,1594,2025,recent_12m,False,False,1,set(),0,False,False,False,3,False,False,False
Matemasie,['regular'],"['latin', 'latin-ext']",v4,2025-05-30,{'regular': 'https://fonts.gstatic.com/s/matemasie/v4/OD5BuMCN3ne3Gmr7dlL3qUq4DL6w2w.woff2'},sans-serif,webfonts#webfont,https://fonts.gstatic.com/s/matemasie/v4/OD5BuMCN3ne3Gmr7dlLHrUC5.woff2,,,1595,2025,older,False,False,1,set(),0,False,False,False,2,False,False,False
Amarna,"['regular', 'italic']","['latin', 'latin-ext']",v2,2026-02-26,"{'regular': 'https://fonts.gstatic.com/s/amarna/v2/MCoSzAj-18jIHCAEQIo80prgBg.woff2', 'italic': 'https://fonts.gstatic.com/s/amarna/v2/MCoQzAj-18jIHCA0R4A98J_wBugA.woff2'}",sans-serif,webfonts#webfont,https://fonts.gstatic.com/s/amarna/v2/MCoPzAj-18jIHCAeTqjMCgZDAOUBwaalsR93Aw.woff2,"[{'tag': 'wght', 'start': 100, 'end': 700}]",,1596,2026,recent_12m,True,True,7,{'wght'},1,False,False,False,2,False,False,False
Playwrite AT,"['regular', 'italic']",['latin'],v6,2025-09-16,"{'regular': 'https://fonts.gstatic.com/s/playwriteat/v6/Gw69wc7n6kfJN4fVoKON7HIeCzZvt9mVvg.woff2', 'italic': 'https://fonts.gstatic.com/s/playwriteat/v6/Gw6jwc7n6kfJN4fVoKON7HIuDDxuldyFvm1n.woff2'}",handwriting,webfonts#webfont,https://fonts.gstatic.com/s/playwriteat/v6/Gw6owc7n6kfJN4fVoKON7HIEBRSfb0U2uGBm2M76R0zGLQ.woff2,"[{'tag': 'wght', 'start': 100, 'end': 400}]",,1597,2025,recent_12m,True,True,4,{'wght'},1,False,False,False,1,False,False,False
Edu SA Hand,['regular'],"['latin', 'latin-ext']",v3,2025-09-08,{'regular': 'https://fonts.gstatic.com/s/edusahand/v3/mem6YaOmw37C-ogAJfd7Np0bf8xkA76a.woff2'},handwriting,webfonts#webfont,https://fonts.gstatic.com/s/edusahand/v3/memtYaOmw37C-ogAJfd7NocVXTy8nx2cmqvXlWuWv06F.woff2,"[{'tag': 'wght', 'start': 400, 'end': 700}]",,1598,2025,recent_12m,False,True,4,{'wght'},1,False,False,False,2,False,False,False
Noto Sans Old Persian,['regular'],"['latin', 'latin-ext', 'old-persian']",v17,2025-09-08,{'regular': 'https://fonts.gstatic.com/s/notosansoldpersian/v17/wEOjEAbNnc5caQTFG18FHrZr9Bp6-8CmIJ_trelQfx9CjA.woff2'},sans-serif,webfonts#webfont,https://fonts.gstatic.com/s/notosansoldpersian/v17/wEOjEAbNnc5caQTFG18FHrZr9Bp6-8CmIJ_dqeNR.woff2,,,1599,2025,recent_12m,False,False,1,set(),0,False,False,False,3,False,False,False
Playwrite DK Loopet,['regular'],['latin'],v6,2025-09-16,{'regular': 'https://fonts.gstatic.com/s/playwritedkloopet/v6/memiYbuzy2qb3rtJGfM1FvY-GacDcsPvr679WSCHpm8.woff2'},handwriting,webfonts#webfont,https://fonts.gstatic.com/s/playwritedkloopet/v6/memVYbuzy2qb3rtJGfM1FvY-GacDcsPvtaDfqfgbBWmV75JJwdgQsws.woff2,"[{'tag': 'wght', 'start': 100, 'end': 400}]",,1600,2025,recent_12m,False,True,4,{'wght'},1,False,False,False,1,False,False,False
Kings,['regular'],"['latin', 'latin-ext', 'vietnamese']",v9,2025-09-11,{'regular': 'https://fonts.gstatic.com/s/kings/v9/8AtnGsK4O5CYXU_Nq6GSPaHS.woff2'},handwriting,webfonts#webfont,https://fonts.gstatic.com/s/kings/v9/8AtnGsK4O5CYXX_JoaA.woff2,,,1601,2025,recent_12m,False,False,1,set(),0,False,False,False,3,False,False,False
Iansui,['regular'],"['chinese-traditional', 'latin', 'latin-ext', 'symbols2']",v13,2026-03-11,{'regular': 'https://fonts.gstatic.com/s/iansui/v13/w8gbH2UoTuUp5bOaiCGD1FcXoQ.woff2'},handwriting,webfonts#webfont,https://fonts.gstatic.com/s/iansui/v13/w8gbH2UoTuUp5bOqjCuC.woff2,,,1602,2026,recent_12m,False,False,1,set(),0,False,False,False,4,False,False,False
Libertinus Serif Display,['regular'],"['cyrillic', 'cyrillic-ext', 'greek', 'greek-ext', 'latin', 'latin-ext', 'vietnamese']",v2,2025-08-26,{'regular': 'https://fonts.gstatic.com/s/libertinusserifdisplay/v2/0FlHVOmbklub_P32Hm53RVREi5BsXWudOF_Gpgcrhs1gHhVOxQ.woff2'},display,webfonts#webfont,https://fonts.gstatic.com/s/libertinusserifdisplay/v2/0FlHVOmbklub_P32Hm53RVREi5BsXWudOF_Gpgcbgsdh.woff2,,,1603,2025,recent_12m,False,False,1,set(),0,False,False,False,7,False,False,False
Flow Block,['regular'],"['cyrillic', 'cyrillic-ext', 'latin', 'latin-ext', 'vietnamese']",v15,2025-09-17,{'regular': 'https://fonts.gstatic.com/s/flowblock/v15/wlp0gwfPCEB65UmTk-d6-WNlbCBXE_I.woff2'},display,webfonts#webfont,https://fonts.gstatic.com/s/flowblock/v15/wlp0gwfPCEB65UmTk-d6yWdvbQ.woff2,,,1604,2025,recent_12m,False,False,1,set(),0,False,False,False,5,False,False,False
Edu AU VIC WA NT Dots,['regular'],"['latin', 'latin-ext']",v4,2025-09-10,{'regular': 'https://fonts.gstatic.com/s/eduauvicwantdots/v4/S6ujw5FFVDKI3kwwDUbsPHCpzZNhzrA3or3lCaWpMFUwWQ.woff2'},handwriting,webfonts#webfont,https://fonts.gstatic.com/s/eduauvicwantdots/v4/S6uQw5FFVDKI3kwwDUbsPHCpzZNhzrA3or3_B4dZ6MmTX8QNLvtYItiZ2A.woff2,"[{'tag': 'wght', 'start': 400, 'end': 700}]",,1605,2025,recent_12m,False,True,4,{'wght'},1,False,False,False,2,False,False,False
Noto Sans Elymaic,['regular'],"['elymaic', 'latin', 'latin-ext']",v18,2025-09-16,{'regular': 'https://fonts.gstatic.com/s/notosanselymaic/v18/UqyKK9YTJW5liNMhTMqe9vUFP65ZD4AmWOT0zi2V.woff2'},sans-serif,webfonts#webfont,https://fonts.gstatic.com/s/notosanselymaic/v18/UqyKK9YTJW5liNMhTMqe9vUFP65ZD7AiUuU.woff2,,,1606,2025,recent_12m,False,False,1,set(),0,False,False,False,3,False,False,False
Libertinus Mono,['regular'],"['latin', 'latin-ext']",v1,2025-06-25,{'regular': 'https://fonts.gstatic.com/s/libertinusmono/v1/_gPg1RnxrjY_TDm97ApTqwneJJFTpRF3YROW_w.woff2'},monospace,webfonts#webfont,https://fonts.gstatic.com/s/libertinusmono/v1/_gPg1RnxrjY_TDm97ApTqwneJJFjoRt2.woff2,,,1607,2025,older,False,False,1,set(),0,False,False,False,2,False,False,False
Explora,['regular'],"['cherokee', 'latin', 'latin-ext', 'vietnamese']",v11,2025-09-05,{'regular': 'https://fonts.gstatic.com/s/explora/v11/tsstApxFfjUH4wrvc1-PonC3vqc.woff2'},handwriting,webfonts#webfont,https://fonts.gstatic.com/s/explora/v11/tsstApxFfjUH4wrvQ1uFow.woff2,,,1608,2025,recent_12m,False,False,1,set(),0,False,False,False,4,False,False,False
Noto Serif Vithkuqi,['regular'],"['latin', 'latin-ext', 'vithkuqi']",v3,2025-09-16,{'regular': 'https://fonts.gstatic.com/s/notoserifvithkuqi/v3/YA9Pr1OY7FjTf5szakutkndpw9HH-4a41dRGZiCpggI.woff2'},serif,webfonts#webfont,https://fonts.gstatic.com/s/notoserifvithkuqi/v3/YA94r1OY7FjTf5szakutkndpw9HH-4a4z9pklvg1IQSNcRWMdV2DoS4.woff2,"[{'tag': 'wght', 'start': 400, 'end': 700}]",,1609,2025,recent_12m,False,True,4,{'wght'},1,False,False,False,3,False,False,False
Iosevka Charon,"['300', '300italic', 'regular', 'italic', '500', '500italic', '700', '700italic']","['armenian', 'braille', 'cyrillic', 'cyrillic-ext', 'greek', 'greek-ext', 'latin', 'latin-ext', 'math', 'symbols', 'symbols2', 'vietnamese']",v1,2026-03-11,"{'300': 'https://fonts.gstatic.com/s/iosevkacharon/v1/f0Xs0e-o8dtuW1FZBLWGprOon7-re8EpEpgL_ix2.woff2', '300italic': 'https://fonts.gstatic.com/s/iosevkacharon/v1/f0Xq0e-o8dtuW1FZBLWGprOon7cFYU0uGJkp-zx2PWg.woff2', 'regular': 'https://fonts.gstatic.com/s/iosevkacharon/v1/f0Xv0e-o8dtuW1FZBLWGprOon4cCU-UkOYQC.woff2', 'italic': 'https://fonts.gstatic.com/s/iosevkacharon/v1/f0Xt0e-o8dtuW1FZBLWGprOon7cFWeQGPJQC5zU.woff2', '500': 'https://fonts.gstatic.com/s/iosevkacharon/v1/f0Xs0e-o8dtuW1FZBLWGprOon7_zesEpEpgL_ix2.woff2', '500italic': 'https://fonts.gstatic.com/s/iosevkacharon/v1/f0Xq0e-o8dtuW1FZBLWGprOon7cFYRUvGJkp-zx2PWg.woff2', '700': 'https://fonts.gstatic.com/s/iosevkacharon/v1/f0Xs0e-o8dtuW1FZBLWGprOon7-7fMEpEpgL_ix2.woff2', '700italic': 'https://fonts.gstatic.com/s/iosevkacharon/v1/f0Xq0e-o8dtuW1FZBLWGprOon7cFYV0pGJkp-zx2PWg.woff2'}",monospace,webfonts#webfont,https://fonts.gstatic.com/s/iosevkacharon/v1/f0Xv0e-o8dtuW1FZBLWGprOon7cGWeQ.woff2,,,1610,2026,recent_12m,True,False,4,set(),0,False,False,False,12,False,False,False
WDXL Lubrifont TC,['regular'],"['chinese-traditional', 'cyrillic', 'latin', 'latin-ext', 'symbols2']",v6,2026-03-11,{'regular': 'https://fonts.gstatic.com/s/wdxllubrifonttc/v6/nKKN-H4mPq1yJurnWXfJE8svQHonWc_7EqxyqaA8.woff2'},sans-serif,webfonts#webfont,https://fonts.gstatic.com/s/wdxllubrifonttc/v6/nKKN-H4mPq1yJurnWXfJE8svQHonWf__GK0.woff2,,,1611,2026,recent_12m,False,False,1,set(),0,False,False,False,5,False,False,False
Ruwudu,"['regular', '500', '600', '700']","['arabic', 'latin', 'latin-ext']",v4,2025-05-30,"{'regular': 'https://fonts.gstatic.com/s/ruwudu/v4/syky-y1tj6UzRKfNkACT9tPdpw.woff2', '500': 'https://fonts.gstatic.com/s/ruwudu/v4/sykx-y1tj6UzRKf1YSm3-_jBrlSILg.woff2', '600': 'https://fonts.gstatic.com/s/ruwudu/v4/sykx-y1tj6UzRKf1TS63-_jBrlSILg.woff2', '700': 'https://fonts.gstatic.com/s/ruwudu/v4/sykx-y1tj6UzRKf1KS-3-_jBrlSILg.woff2'}",serif,webfonts#webfont,https://fonts.gstatic.com/s/ruwudu/v4/syky-y1tj6UzRKf9lAqS.woff2,,,1612,2025,older,False,False,4,set(),0,False,False,False,3,False,False,False
Rubik Glitch Pop,['regular'],"['cyrillic', 'cyrillic-ext', 'hebrew', 'latin', 'latin-ext', 'math', 'symbols']",v1,2025-05-30,{'regular': 'https://fonts.gstatic.com/s/rubikglitchpop/v1/tDbX2pGHhFcM0gB3hN2elZLa3G-MOwGtSUrV_BE.woff2'},display,webfonts#webfont,https://fonts.gstatic.com/s/rubikglitchpop/v1/tDbX2pGHhFcM0gB3hN2elZLa3G-MCwWnSA.woff2,,,1613,2025,older,False,False,1,set(),0,False,False,False,7,False,False,False
Big Shoulders Inline,['regular'],"['latin', 'latin-ext', 'vietnamese']",v4,2025-09-05,{'regular': 'https://fonts.gstatic.com/s/bigshouldersinline/v4/bx6aNwSCkev-8u0YNXAF6gArLyznvspgMYrSvDo3SQY1.woff2'},display,webfonts#webfont,https://fonts.gstatic.com/s/bigshouldersinline/v4/bx68NwSCkev-8u0YNXAF6gArLyznvspgMZDcnsTZieUyOqQzOiBfauOMaRhGeKwO1nHayoQZAg.woff2,"[{'tag': 'opsz', 'start': 10, 'end': 72}, {'tag': 'wght', 'start': 100, 'end': 900}]",,1614,2025,recent_12m,False,True,9,"{'opsz', 'wght'}",2,False,False,True,3,False,False,False
Noto Sans Hanifi Rohingya,['regular'],"['hanifi-rohingya', 'latin', 'latin-ext']",v30,2025-09-16,{'regular': 'https://fonts.gstatic.com/s/notosanshanifirohingya/v30/5h1IiYsoOmIC3Yu3MDXLDw3UZCgghyOEBBY7hhLN0IPPeXAy64Y.woff2'},sans-serif,webfonts#webfont,https://fonts.gstatic.com/s/notosanshanifirohingya/v30/5h17iYsoOmIC3Yu3MDXLDw3UZCgghyOEBBY7hhLNyo3tiaiuSIAqrIYY4g6ut8o.woff2,"[{'tag': 'wght', 'start': 400, 'end': 700}]",,1615,2025,recent_12m,False,True,4,{'wght'},1,False,False,False,3,False,False,False
Noto Sans Balinese,['regular'],"['balinese', 'latin', 'latin-ext']",v27,2025-09-08,{'regular': 'https://fonts.gstatic.com/s/notosansbalinese/v27/NaPFcYvSBuhTirw6IaFn6UrRDaqje-lzY5aduWMmxA.woff2'},sans-serif,webfonts#webfont,https://fonts.gstatic.com/s/notosansbalinese/v27/NaPwcYvSBuhTirw6IaFn6UrRDaqje-lpbbRtYf-Fwu2Ov7fdtE9fdg.woff2,"[{'tag': 'wght', 'start': 400, 'end': 700}]",,1616,2025,recent_12m,False,True,4,{'wght'},1,False,False,False,3,False,False,False
Noto Serif Tangut,['regular'],"['latin', 'latin-ext', 'tangut']",v19,2025-08-26,{'regular': 'https://fonts.gstatic.com/s/notoseriftangut/v19/xn76YGc72GKoTvER4Gn3b4m9Ern7Em4wfcvN2KT4.woff2'},serif,webfonts#webfont,https://fonts.gstatic.com/s/notoseriftangut/v19/xn76YGc72GKoTvER4Gn3b4m9Ern7El40d8o.woff2,,,1617,2025,recent_12m,False,False,1,set(),0,False,False,False,3,False,False,False
Chiron Sung HK,"['regular', 'italic']","['chinese-hongkong', 'cyrillic', 'cyrillic-ext', 'greek', 'latin', 'latin-ext', 'symbols2', 'vietnamese']",v3,2026-07-23,"{'regular': 'https://fonts.gstatic.com/s/chironsunghk/v3/nuFgD_XLTZPpXIpS3-3dhGzHTTKrNz_whHE_.woff2', 'italic': 'https://fonts.gstatic.com/s/chironsunghk/v3/nuFiD_XLTZPpXIpS3-3dhGzHTQKsPT7SgWE_-xU.woff2'}",serif,webfonts#webfont,https://fonts.gstatic.com/s/chironsunghk/v3/nuFtD_XLTZPpXIpS3-3dhGzHTSilFc8oGNI59hRj9OSd_0DV.woff2,"[{'tag': 'wght', 'start': 200, 'end': 900}]",,1618,2026,recent_12m,True,True,8,{'wght'},1,False,False,False,8,False,False,False
Noto Sans Multani,['regular'],"['latin', 'latin-ext', 'multani']",v22,2026-01-20,{'regular': 'https://fonts.gstatic.com/s/notosansmultani/v22/9Bty3ClF38_RfOpe1gCaZ8p30BOFO1AxpfCs5Kos.woff2'},sans-serif,webfonts#webfont,https://fonts.gstatic.com/s/notosansmultani/v22/9Bty3ClF38_RfOpe1gCaZ8p30BOFO2A1r_E.woff2,,,1619,2026,recent_12m,False,False,1,set(),0,False,False,False,3,False,False,False
Grechen Fuemen,['regular'],"['latin', 'latin-ext', 'vietnamese']",v11,2025-09-10,{'regular': 'https://fonts.gstatic.com/s/grechenfuemen/v11/vEFI2_tHEQ4d5ObgKxBzZh0MAWgZ-NaXXq7H.woff2'},handwriting,webfonts#webfont,https://fonts.gstatic.com/s/grechenfuemen/v11/vEFI2_tHEQ4d5ObgKxBzZh0MAVgd8tc.woff2,,,1620,2025,recent_12m,False,False,1,set(),0,False,False,False,3,False,False,False
Geostar,['regular'],['latin'],v27,2025-06-02,{'regular': 'https://fonts.gstatic.com/s/geostar/v27/sykz-yx4n701VLOftS-9-trEvlQ.woff2'},display,webfonts#webfont,https://fonts.gstatic.com/s/geostar/v27/sykz-yx4n701VLOfhSu3-w.woff2,,,1621,2025,older,False,False,1,set(),0,False,False,False,1,False,False,False
Datatype,['regular'],"['latin', 'latin-ext']",v3,2026-03-11,{'regular': 'https://fonts.gstatic.com/s/datatype/v3/K2FyfZJQl-tDUlBEHb7WCI6oBjLz.woff2'},monospace,webfonts#webfont,https://fonts.gstatic.com/s/datatype/v3/K2FcfZJQl-tDUlBEHaTYKmJIlpH1cGuNRqcCM4aUfKR9p6dHl6O8gzt3ug.woff2,"[{'tag': 'wdth', 'start': 50, 'end': 150}, {'tag': 'wght', 'start': 100, 'end': 900}]",,1622,2026,recent_12m,False,True,9,"{'wdth', 'wght'}",2,True,False,False,2,False,False,False
Petemoss,['regular'],"['latin', 'latin-ext', 'vietnamese']",v9,2025-09-05,{'regular': 'https://fonts.gstatic.com/s/petemoss/v9/A2BZn5tA2xgtGWHZgxkbsKb9UouQ.woff2'},handwriting,webfonts#webfont,https://fonts.gstatic.com/s/petemoss/v9/A2BZn5tA2xgtGWHZgykfuqc.woff2,,,1623,2025,recent_12m,False,False,1,set(),0,False,False,False,3,False,False,False
Noto Sans Kaithi,['regular'],"['kaithi', 'latin', 'latin-ext']",v23,2025-09-08,{'regular': 'https://fonts.gstatic.com/s/notosanskaithi/v23/buEtppS9f8_vkXadMBJJu0tWjLwjQigKdoZIKlo.woff2'},sans-serif,webfonts#webfont,https://fonts.gstatic.com/s/notosanskaithi/v23/buEtppS9f8_vkXadMBJJu0tWjLwjciwAdw.woff2,,,1624,2025,recent_12m,False,False,1,set(),0,False,False,False,3,False,False,False
Noto Sans Shavian,['regular'],"['latin', 'latin-ext', 'shavian']",v18,2025-09-02,{'regular': 'https://fonts.gstatic.com/s/notosansshavian/v18/CHy5V_HZE0jxJBQlqAeCKjJvQBNF4EFVSplv2Cwg.woff2'},sans-serif,webfonts#webfont,https://fonts.gstatic.com/s/notosansshavian/v18/CHy5V_HZE0jxJBQlqAeCKjJvQBNF4HFRQJg.woff2,,,1625,2025,recent_12m,False,False,1,set(),0,False,False,False,3,False,False,False
Suravaram,['regular'],"['latin', 'telugu']",v23,2025-09-10,{'regular': 'https://fonts.gstatic.com/s/suravaram/v23/_gP61R_usiY7SCym4xIAjm61Qv9roQ.woff2'},serif,webfonts#webfont,https://fonts.gstatic.com/s/suravaram/v23/_gP61R_usiY7SCym4xIwimS0.woff2,,,1626,2025,recent_12m,False,False,1,set(),0,False,False,False,2,False,False,False
Combo,['regular'],"['latin', 'latin-ext']",v22,2025-09-11,{'regular': 'https://fonts.gstatic.com/s/combo/v22/BXRlvF3Jh_fIhg0nBu9y8Hf0.woff2'},display,webfonts#webfont,https://fonts.gstatic.com/s/combo/v22/BXRlvF3Jh_fIhj0jDO4.woff2,,,1627,2025,recent_12m,False,False,1,set(),0,False,False,False,2,False,False,False
Redacted Script,"['300', 'regular', '700']","['latin', 'latin-ext']",v12,2025-09-17,"{'300': 'https://fonts.gstatic.com/s/redactedscript/v12/ypvEbXGRglhokR7dcC3d1-R6zmxqHUzVnLI397ldkg.woff2', 'regular': 'https://fonts.gstatic.com/s/redactedscript/v12/ypvBbXGRglhokR7dcC3d1-R6zmxStGTxkZkr_g.woff2', '700': 'https://fonts.gstatic.com/s/redactedscript/v12/ypvEbXGRglhokR7dcC3d1-R6zmxqDUvVnLI397ldkg.woff2'}",display,webfonts#webfont,https://fonts.gstatic.com/s/redactedscript/v12/ypvBbXGRglhokR7dcC3d1-R6zmxisG7w.woff2,,,1628,2025,recent_12m,False,False,3,set(),0,False,False,False,2,False,False,False
Tagesschrift,['regular'],"['latin', 'latin-ext']",v2,2025-04-23,{'regular': 'https://fonts.gstatic.com/s/tagesschrift/v2/pe0pMI6IOYlEuEZ7ZEA7ZKOaBvRue1UwVg.woff2'},display,webfonts#webfont,https://fonts.gstatic.com/s/tagesschrift/v2/pe0pMI6IOYlEuEZ7ZEA7ZKOqAv5v.woff2,,,1629,2025,older,False,False,1,set(),0,False,False,False,2,False,False,False
Playpen Sans Hebrew,['regular'],"['emoji', 'hebrew', 'latin', 'latin-ext', 'math']",v8,2025-09-11,{'regular': 'https://fonts.gstatic.com/s/playpensanshebrew/v8/lJwb-okuj29wT-AN6RvLx8QqjkKhL7eAlIzffHZXQf0.woff2'},handwriting,webfonts#webfont,https://fonts.gstatic.com/s/playpensanshebrew/v8/lJws-okuj29wT-AN6RvLx8QqjkKhL7eAjoL9jK7L4vstDnnp56C711A.woff2,"[{'tag': 'wght', 'start': 100, 'end': 800}]",,1630,2025,recent_12m,False,True,8,{'wght'},1,False,False,False,5,False,False,False
BBH Bogle,['regular'],['latin'],v1,2025-12-10,{'regular': 'https://fonts.gstatic.com/s/bbhbogle/v1/GFDoWA58rVDJf-fOV9ALrphcOA0hUA.woff2'},sans-serif,webfonts#webfont,https://fonts.gstatic.com/s/bbhbogle/v1/GFDoWA58rVDJf-fOV9A7qpJd.woff2,,,1631,2025,recent_12m,False,False,1,set(),0,False,False,False,1,False,False,False
Lilex,"['regular', 'italic']","['cyrillic', 'cyrillic-ext', 'greek', 'latin', 'latin-ext', 'symbols2', 'vietnamese']",v1,2025-12-10,"{'regular': 'https://fonts.gstatic.com/s/lilex/v1/DPEiYwmezwMATDTsLjoJd-Xa.woff2', 'italic': 'https://fonts.gstatic.com/s/lilex/v1/DPEsYwmezwMATATrJDsrcvXaqEY.woff2'}",monospace,webfonts#webfont,https://fonts.gstatic.com/s/lilex/v1/DPExYwmezwMATC7iDMrR60bcpUcj3ezkWk-2.woff2,"[{'tag': 'wght', 'start': 100, 'end': 700}]",,1632,2025,recent_12m,True,True,7,{'wght'},1,False,False,False,7,False,False,False
Langar,['regular'],"['gurmukhi', 'latin', 'latin-ext']",v30,2025-09-08,{'regular': 'https://fonts.gstatic.com/s/langar/v30/kJEyBukW7AIlgjGVqDVZ99sqrQ.woff2'},display,webfonts#webfont,https://fonts.gstatic.com/s/langar/v30/kJEyBukW7AIlgjGlrD9Y.woff2,,,1633,2025,recent_12m,False,False,1,set(),0,False,False,False,3,False,False,False
Noto Sans Lydian,['regular'],"['latin', 'latin-ext', 'lydian']",v19,2025-09-05,{'regular': 'https://fonts.gstatic.com/s/notosanslydian/v19/c4m71mVzGN7s8FmIukZJ1v4ZlcPReUbXMoIjEQI.woff2'},sans-serif,webfonts#webfont,https://fonts.gstatic.com/s/notosanslydian/v19/c4m71mVzGN7s8FmIukZJ1v4ZlcPRSULdMw.woff2,,,1634,2025,recent_12m,False,False,1,set(),0,False,False,False,3,False,False,False
Aubrey,['regular'],['latin'],v29,2025-09-11,{'regular': 'https://fonts.gstatic.com/s/aubrey/v29/q5uGsou7NPBw-p7vvwNsCxVEgA.woff2'},display,webfonts#webfont,https://fonts.gstatic.com/s/aubrey/v29/q5uGsou7NPBw-p7fuwlt.woff2,,,1635,2025,recent_12m,False,False,1,set(),0,False,False,False,1,False,False,False
Noto Sans Nandinagari,['regular'],"['latin', 'latin-ext', 'nandinagari']",v4,2023-10-25,{'regular': 'https://fonts.gstatic.com/s/notosansnandinagari/v4/or38Q7733eiDljA1IufXSNFT-1KI5y10H4jVbpRXzC1KOw.woff2'},sans-serif,webfonts#webfont,https://fonts.gstatic.com/s/notosansnandinagari/v4/or38Q7733eiDljA1IufXSNFT-1KI5y10H4jlap5W.woff2,,,1636,2023,older,False,False,1,set(),0,False,False,False,3,False,False,False
Labrada,"['regular', 'italic']","['latin', 'latin-ext', 'vietnamese']",v4,2025-09-02,"{'regular': 'https://fonts.gstatic.com/s/labrada/v4/ieV-2Y9HLWefIpOyDVtALUIfEcs.woff2', 'italic': 'https://fonts.gstatic.com/s/labrada/v4/ieV82Y9HLWefIpOyPVxKLGAaActCxg.woff2'}",serif,webfonts#webfont,https://fonts.gstatic.com/s/labrada/v4/ieVh2Y9HLWefIpOyF1Vi3ZqDss1Px9VTSzM5SvY.woff2,"[{'tag': 'wght', 'start': 100, 'end': 900}]",,1637,2025,recent_12m,True,True,9,{'wght'},1,False,False,False,3,False,False,False
Noto Sans Cherokee,['regular'],"['cherokee', 'latin', 'latin-ext']",v25,2025-09-05,{'regular': 'https://fonts.gstatic.com/s/notosanscherokee/v25/KFO6Cm6Yu8uF-29fiz9vQF9YWK6Z8O1uflGwCVgHYg.woff2'},sans-serif,webfonts#webfont,https://fonts.gstatic.com/s/notosanscherokee/v25/KFOPCm6Yu8uF-29fiz9vQF9YWK6Z8O10cHNA0cSkZCHYWi5PPkizrQ.woff2,"[{'tag': 'wght', 'start': 100, 'end': 900}]",,1638,2025,recent_12m,False,True,9,{'wght'},1,False,False,False,3,False,False,False
Noto Sans Mongolian,['regular'],"['latin', 'latin-ext', 'math', 'mongolian', 'symbols']",v23,2025-09-16,{'regular': 'https://fonts.gstatic.com/s/notosansmongolian/v23/VdGCAYADGIwE0EopZx8xQfHlgEAMsrToxL4g6-av1x0.woff2'},sans-serif,webfonts#webfont,https://fonts.gstatic.com/s/notosansmongolian/v23/VdGCAYADGIwE0EopZx8xQfHlgEAMsrTo9Loq6g.woff2,,,1639,2025,recent_12m,False,False,1,set(),0,False,False,False,5,False,False,False
Gveret Levin,['regular'],"['hebrew', 'latin']",v4,2026-02-17,{'regular': 'https://fonts.gstatic.com/s/gveretlevin/v4/0QInMXVI5YS9Rnn7ar449p-O9pbS8ANesw.woff2'},handwriting,webfonts#webfont,https://fonts.gstatic.com/s/gveretlevin/v4/0QInMXVI5YS9Rnn7ar449p--8pzT.woff2,,,1640,2026,recent_12m,False,False,1,set(),0,False,False,False,2,False,False,False
Playpen Sans Deva,['regular'],"['devanagari', 'emoji', 'latin', 'latin-ext']",v4,2025-09-10,{'regular': 'https://fonts.gstatic.com/s/playpensansdeva/v4/vm8sdQj0UUbMxObnsO17RZ7pPBuJgfd6GJMTlo_4.woff2'},handwriting,webfonts#webfont,https://fonts.gstatic.com/s/playpensansdeva/v4/vm8fdQj0UUbMxObnsO17RZ7pPBuJge10OmPLCiz-HCrQ0xkkGvRM.woff2,"[{'tag': 'wght', 'start': 100, 'end': 800}]",,1641,2025,recent_12m,False,True,8,{'wght'},1,False,False,False,4,False,False,False
Ole,['regular'],"['latin', 'latin-ext', 'vietnamese']",v6,2026-06-10,{'regular': 'https://fonts.gstatic.com/s/ole/v6/dFazZf6Z-rd88Pw69qJ_ew.woff2'},handwriting,webfonts#webfont,https://fonts.gstatic.com/s/ole/v6/dFazZf6Z-rdM9PY7.woff2,,,1642,2026,recent_12m,False,False,1,set(),0,False,False,False,3,False,False,False
Rubik Doodle Triangles,['regular'],"['cyrillic', 'cyrillic-ext', 'hebrew', 'latin', 'latin-ext', 'math', 'symbols']",v1,2025-05-30,{'regular': 'https://fonts.gstatic.com/s/rubikdoodletriangles/v1/esDA301BLOmMKxKspb3g-domRuLPeaSn2bTzdL2_slZxgWE.woff2'},display,webfonts#webfont,https://fonts.gstatic.com/s/rubikdoodletriangles/v1/esDA301BLOmMKxKspb3g-domRuLPeaSn2bTzRLm1sw.woff2,,,1643,2025,older,False,False,1,set(),0,False,False,False,7,False,False,False
Rubik Burned,['regular'],"['cyrillic', 'cyrillic-ext', 'hebrew', 'latin', 'latin-ext']",v1,2025-05-30,{'regular': 'https://fonts.gstatic.com/s/rubikburned/v1/Jqzk5TmOVOqQHihKqPpscqniGAuaCY5ZSg.woff2'},display,webfonts#webfont,https://fonts.gstatic.com/s/rubikburned/v1/Jqzk5TmOVOqQHihKqPpscqnSHAGb.woff2,,,1644,2025,older,False,False,1,set(),0,False,False,False,5,False,False,False
M PLUS Code Latin,['regular'],"['latin', 'latin-ext', 'vietnamese']",v17,2026-05-13,{'regular': 'https://fonts.gstatic.com/s/mpluscodelatin/v17/hv-MlyV-aXg7x7tULiNXXBA0Np4WMTURLmBGjSwZ.woff2'},sans-serif,webfonts#webfont,https://fonts.gstatic.com/s/mpluscodelatin/v17/hv-ylyV-aXg7x7tULiNXXBA0Np4WMS8fDIymHY8fy8wn4_ifLAtrObKDO0Xf1EbA2i9GqQ.woff2,"[{'tag': 'wdth', 'start': 100, 'end': 125}, {'tag': 'wght', 'start': 100, 'end': 700}]",,1645,2026,recent_12m,False,True,7,"{'wdth', 'wght'}",2,True,False,False,3,False,False,False
Noto Serif Dogra,['regular'],"['dogra', 'latin', 'latin-ext']",v24,2025-09-08,{'regular': 'https://fonts.gstatic.com/s/notoserifdogra/v24/MQpP-XquKMC7ROPP3QOOlm7xPu3fGyu3IbPzkns.woff2'},serif,webfonts#webfont,https://fonts.gstatic.com/s/notoserifdogra/v24/MQpP-XquKMC7ROPP3QOOlm7xPu3fKy-9IA.woff2,,,1646,2025,recent_12m,False,False,1,set(),0,False,False,False,3,False,False,False
Annapurna SIL,"['regular', '700']","['devanagari', 'latin', 'latin-ext', 'math', 'symbols']",v2,2025-05-30,"{'regular': 'https://fonts.gstatic.com/s/annapurnasil/v2/yYLv0hDY0f2iu9tPmRWtllid8NZ9dZT_PZs.woff2', '700': 'https://fonts.gstatic.com/s/annapurnasil/v2/yYLy0hDY0f2iu9tPmRWtllidyG9SUZnUIZJ008A.woff2'}",serif,webfonts#webfont,https://fonts.gstatic.com/s/annapurnasil/v2/yYLv0hDY0f2iu9tPmRWtllidwNJ3dA.woff2,,,1647,2025,older,False,False,2,set(),0,False,False,False,5,False,False,False
Namdhinggo,"['regular', '500', '600', '700', '800']","['latin', 'latin-ext', 'limbu']",v2,2025-05-30,"{'regular': 'https://fonts.gstatic.com/s/namdhinggo/v2/uk-mEGe3rbgg8Xzoy5-TDnCj4yxx7o8.woff2', '500': 'https://fonts.gstatic.com/s/namdhinggo/v2/uk-lEGe3rbgg8Xzoy5-TNoGKxyFa8oZK9I0.woff2', '600': 'https://fonts.gstatic.com/s/namdhinggo/v2/uk-lEGe3rbgg8Xzoy5-TNq2NxyFa8oZK9I0.woff2', '700': 'https://fonts.gstatic.com/s/namdhinggo/v2/uk-lEGe3rbgg8Xzoy5-TNsmMxyFa8oZK9I0.woff2', '800': 'https://fonts.gstatic.com/s/namdhinggo/v2/uk-lEGe3rbgg8Xzoy5-TNtWPxyFa8oZK9I0.woff2'}",serif,webfonts#webfont,https://fonts.gstatic.com/s/namdhinggo/v2/uk-mEGe3rbgg8Xzoy5-TPnSp4g.woff2,,,1648,2025,older,False,False,5,set(),0,False,False,False,3,False,False,False
Noto Serif Balinese,['regular'],"['balinese', 'latin', 'latin-ext']",v21,2025-09-11,{'regular': 'https://fonts.gstatic.com/s/notoserifbalinese/v21/QdVKSS0-JginysQSRvuCmUMB_wVeQAxXRb0JdhapcUU.woff2'},serif,webfonts#webfont,https://fonts.gstatic.com/s/notoserifbalinese/v21/QdVKSS0-JginysQSRvuCmUMB_wVeQAxXdbkDdw.woff2,,,1649,2025,recent_12m,False,False,1,set(),0,False,False,False,3,False,False,False
Estonia,['regular'],"['latin', 'latin-ext', 'vietnamese']",v13,2025-09-11,{'regular': 'https://fonts.gstatic.com/s/estonia/v13/7Au_p_4ijSecA1yHCCf8zkwMIFg.woff2'},handwriting,webfonts#webfont,https://fonts.gstatic.com/s/estonia/v13/7Au_p_4ijSecA1yHOCP2zw.woff2,,,1650,2025,recent_12m,False,False,1,set(),0,False,False,False,3,False,False,False
Kalnia Glaze,['regular'],"['latin', 'latin-ext']",v5,2025-09-10,{'regular': 'https://fonts.gstatic.com/s/kalniaglaze/v5/wlp2gwHCBUNjrGrfu-hwowNvbQJSA_JN3Q.woff2'},display,webfonts#webfont,https://fonts.gstatic.com/s/kalniaglaze/v5/wlpQgwHCBUNjrGrfu-hwowN1YyC-42Lu26VHf2LtOkAod0wTxm2tFYdL6knYI_k.woff2,"[{'tag': 'wdth', 'start': 100, 'end': 125}, {'tag': 'wght', 'start': 100, 'end': 700}]",['COLRv1'],1651,2025,recent_12m,False,True,7,"{'wdth', 'wght'}",2,True,False,False,2,False,False,False
Kedebideri,"['regular', '500', '600', '700', '800', '900']","['beria-erfe', 'latin']",v6,2026-01-29,"{'regular': 'https://fonts.gstatic.com/s/kedebideri/v6/t5tlIR0UPo6ZGAykNh_ejKPCyTHuspo.woff2', '500': 'https://fonts.gstatic.com/s/kedebideri/v6/t5tmIR0UPo6ZGAykNh_etFLr7TzFrpOHYh4.woff2', '600': 'https://fonts.gstatic.com/s/kedebideri/v6/t5tmIR0UPo6ZGAykNh_etH7s7TzFrpOHYh4.woff2', '700': 'https://fonts.gstatic.com/s/kedebideri/v6/t5tmIR0UPo6ZGAykNh_etBrt7TzFrpOHYh4.woff2', '800': 'https://fonts.gstatic.com/s/kedebideri/v6/t5tmIR0UPo6ZGAykNh_etAbu7TzFrpOHYh4.woff2', '900': 'https://fonts.gstatic.com/s/kedebideri/v6/t5tmIR0UPo6ZGAykNh_etCLv7TzFrpOHYh4.woff2'}",sans-serif,webfonts#webfont,https://fonts.gstatic.com/s/kedebideri/v6/t5tlIR0UPo6ZGAykNh_evKfIyA.woff2,,,1652,2026,recent_12m,False,False,6,set(),0,False,False,False,2,False,False,False
Jacquarda Bastarda 9,['regular'],"['latin', 'latin-ext', 'math', 'symbols']",v6,2025-09-17,{'regular': 'https://fonts.gstatic.com/s/jacquardabastarda9/v6/f0Xp0fWr_8t6WFtKQJfOhaC0hcZ1HYAMAbwG1TB_JHHY.woff2'},display,webfonts#webfont,https://fonts.gstatic.com/s/jacquardabastarda9/v6/f0Xp0fWr_8t6WFtKQJfOhaC0hcZ1HYAMAYwC3zE.woff2,,,1653,2025,recent_12m,False,False,1,set(),0,False,False,False,4,False,False,False
Asimovian,['regular'],"['latin', 'latin-ext', 'vietnamese']",v2,2025-08-26,{'regular': 'https://fonts.gstatic.com/s/asimovian/v2/oY1c8evOub78P2XN94MXD_5xY4QBLw.woff2'},sans-serif,webfonts#webfont,https://fonts.gstatic.com/s/asimovian/v2/oY1c8evOub78P2XN94MnC_Rw.woff2,,,1654,2025,recent_12m,False,False,1,set(),0,False,False,False,3,False,False,False
LXGW Marker Gothic,['regular'],"['chinese-traditional', 'cyrillic', 'cyrillic-ext', 'greek', 'latin', 'latin-ext', 'symbols2', 'vietnamese']",v3,2026-03-11,{'regular': 'https://fonts.gstatic.com/s/lxgwmarkergothic/v3/Gg8oN4AaXyDVTi_NlS1-xCtMQxY3lToBi-w_cZe26Q.woff2'},sans-serif,webfonts#webfont,https://fonts.gstatic.com/s/lxgwmarkergothic/v3/Gg8oN4AaXyDVTi_NlS1-xCtMQxY3lToxj-Y-.woff2,,,1655,2026,recent_12m,False,False,1,set(),0,False,False,False,8,False,False,False
Blaka Hollow,['regular'],"['arabic', 'latin', 'latin-ext']",v8,2025-09-11,{'regular': 'https://fonts.gstatic.com/s/blakahollow/v8/MCoUzAL91sjRE2FsKsxUtezYAtoFyW_-oA.woff2'},display,webfonts#webfont,https://fonts.gstatic.com/s/blakahollow/v8/MCoUzAL91sjRE2FsKsxUtezoBtAE.woff2,,,1656,2025,recent_12m,False,False,1,set(),0,False,False,False,3,False,False,False
Playwrite HU,['regular'],['latin'],v6,2025-09-05,{'regular': 'https://fonts.gstatic.com/s/playwritehu/v6/A2Bdn59A0g0xA3zDhFw-0vfVVrmVsM4Fqg.woff2'},handwriting,webfonts#webfont,https://fonts.gstatic.com/s/playwritehu/v6/A2BIn59A0g0xA3zDhFw-0vfPWJtlaFKmrETx1PL6fOyXHg.woff2,"[{'tag': 'wght', 'start': 100, 'end': 400}]",,1657,2025,recent_12m,False,True,4,{'wght'},1,False,False,False,1,False,False,False
Syne Tactile,['regular'],"['latin', 'latin-ext']",v16,2025-09-08,{'regular': 'https://fonts.gstatic.com/s/synetactile/v16/11hGGpna2UTQKjMCVzjAPMKh2isdjvKU8Q.woff2'},display,webfonts#webfont,https://fonts.gstatic.com/s/synetactile/v16/11hGGpna2UTQKjMCVzjAPMKR3iEc.woff2,,,1658,2025,recent_12m,False,False,1,set(),0,False,False,False,2,False,False,False
Phetsarath,"['regular', '700']",['lao'],v3,2025-09-17,"{'regular': 'https://fonts.gstatic.com/s/phetsarath/v3/N0bQ2SpTP-plK0uWayAYAdv9nd_QeZA.woff2', '700': 'https://fonts.gstatic.com/s/phetsarath/v3/N0bT2SpTP-plK0uWayAYOWLSudL7ZZlIHD0.woff2'}",sans-serif,webfonts#webfont,https://fonts.gstatic.com/s/phetsarath/v3/N0bQ2SpTP-plK0uWayAYMd_3nA.woff2,,,1659,2025,recent_12m,False,False,2,set(),0,False,False,False,1,False,False,False
Noto Serif Toto,['regular'],"['latin', 'latin-ext', 'toto']",v7,2025-09-16,{'regular': 'https://fonts.gstatic.com/s/notoseriftoto/v7/Ktk1ALSMeZjqPnXk1rCkHYHNtwv3EqmZVY9Y5w.woff2'},serif,webfonts#webfont,https://fonts.gstatic.com/s/notoseriftoto/v7/Ktk6ALSMeZjqPnXk1rCkHYHNtwvtHItpjRP74dHhCy3Ip-ep5g.woff2,"[{'tag': 'wght', 'start': 400, 'end': 700}]",,1660,2025,recent_12m,False,True,4,{'wght'},1,False,False,False,3,False,False,False
Noto Sans Vithkuqi,['regular'],"['latin', 'latin-ext', 'vithkuqi']",v3,2025-09-16,{'regular': 'https://fonts.gstatic.com/s/notosansvithkuqi/v3/jVyX7m77CXvQswd6WjYu9E1wN6cih2TIfDf0SZST2g.woff2'},sans-serif,webfonts#webfont,https://fonts.gstatic.com/s/notosansvithkuqi/v3/jVyi7m77CXvQswd6WjYu9E1wN6cih2TSchUEkQgw3KTnva5SsKIxvw.woff2,"[{'tag': 'wght', 'start': 400, 'end': 700}]",,1661,2025,recent_12m,False,True,4,{'wght'},1,False,False,False,3,False,False,False
Noto Sans Yi,['regular'],"['latin', 'latin-ext', 'yi']",v22,2026-01-20,{'regular': 'https://fonts.gstatic.com/s/notosansyi/v22/sJoD3LFXjsSdcnzn071rO3apwFDJNVgSNg.woff2'},sans-serif,webfonts#webfont,https://fonts.gstatic.com/s/notosansyi/v22/sJoD3LFXjsSdcnzn071rO3aZxFrI.woff2,,,1662,2026,recent_12m,False,False,1,set(),0,False,False,False,3,False,False,False
Alyamama,['regular'],"['arabic', 'greek', 'latin', 'latin-ext']",v2,2026-02-19,{'regular': 'https://fonts.gstatic.com/s/alyamama/v2/snfps0a6-txy62q5QrgPFN10wYKa.woff2'},serif,webfonts#webfont,https://fonts.gstatic.com/s/alyamama/v2/snf0s0a6-txy62q5QqIBNi2sXSGcdTeZg9RHqdvQ.woff2,"[{'tag': 'wght', 'start': 300, 'end': 900}]",,1663,2026,recent_12m,False,True,7,{'wght'},1,False,False,False,4,False,False,False
Rock 3D,['regular'],"['japanese', 'latin']",v13,2025-09-02,{'regular': 'https://fonts.gstatic.com/s/rock3d/v13/yYLp0hrL0PCo651513GnwRnQyNI.woff2'},display,webfonts#webfont,https://fonts.gstatic.com/s/rock3d/v13/yYLp0hrL0PCo651553WtwA.woff2,,,1664,2025,recent_12m,False,False,1,set(),0,False,False,False,2,False,False,False
M PLUS U,['regular'],"['japanese', 'latin', 'latin-ext', 'symbols2', 'vietnamese']",v1,2026-05-13,{'regular': 'https://fonts.gstatic.com/s/mplusu/v1/-W_9XJfyAgH86Tq6MtodREcjeo0k.woff2'},sans-serif,webfonts#webfont,https://fonts.gstatic.com/s/mplusu/v1/-W_gXJfyAgH86Tq6MsATZrf75i4iYyIxKkcOqx8P.woff2,"[{'tag': 'wght', 'start': 100, 'end': 900}]",,1665,2026,recent_12m,False,True,9,{'wght'},1,False,False,False,5,False,False,False
Playwrite NL,['regular'],['latin'],v10,2025-09-16,{'regular': 'https://fonts.gstatic.com/s/playwritenl/v10/k3kXo84SPe9dzQ1UGbvoZQ3hLIiJ-Q7m8w.woff2'},handwriting,webfonts#webfont,https://fonts.gstatic.com/s/playwritenl/v10/k3kCo84SPe9dzQ1UGbvoZQ37Iqp5IZJF9bmaG9_FrY1HbQ.woff2,"[{'tag': 'wght', 'start': 100, 'end': 400}]",,1666,2025,recent_12m,False,True,4,{'wght'},1,False,False,False,1,False,False,False
Menbere,['regular'],"['ethiopic', 'latin', 'latin-ext', 'vietnamese']",v1,2025-06-25,{'regular': 'https://fonts.gstatic.com/s/menbere/v1/lJwH-p0zhmBrWvcG6U2Arb8L3iY.woff2'},sans-serif,webfonts#webfont,https://fonts.gstatic.com/s/menbere/v1/lJwY-p0zhmBrWvcG80OiXWeXfSDWXdI_95n0WHs.woff2,"[{'tag': 'wght', 'start': 100, 'end': 700}]",,1667,2025,older,False,True,7,{'wght'},1,False,False,False,4,False,False,False
Slackside One,['regular'],"['japanese', 'latin', 'latin-ext']",v14,2025-09-10,{'regular': 'https://fonts.gstatic.com/s/slacksideone/v14/EJRQQgMrXdcGsiBuvnRxodTwVyvVocNB6Iw.woff2'},handwriting,webfonts#webfont,https://fonts.gstatic.com/s/slacksideone/v14/EJRQQgMrXdcGsiBuvnRxodTwZy_foA.woff2,,,1668,2025,recent_12m,False,False,1,set(),0,False,False,False,3,False,False,False
Palette Mosaic,['regular'],"['japanese', 'latin']",v13,2025-09-10,{'regular': 'https://fonts.gstatic.com/s/palettemosaic/v13/AMOIz4aBvWuBFe3TohdW6YZ9MFi34dxL4jSr.woff2'},display,webfonts#webfont,https://fonts.gstatic.com/s/palettemosaic/v13/AMOIz4aBvWuBFe3TohdW6YZ9MGiz690.woff2,,,1669,2025,recent_12m,False,False,1,set(),0,False,False,False,2,False,False,False
UoqMunThenKhung,['regular'],"['chinese-traditional', 'cyrillic', 'latin', 'symbols2']",v3,2026-03-11,{'regular': 'https://fonts.gstatic.com/s/uoqmunthenkhung/v3/Y4GTYa1nVTQLt-D5LoLChg5aJjIjxbL9Th8YYA.woff2'},serif,webfonts#webfont,https://fonts.gstatic.com/s/uoqmunthenkhung/v3/Y4GTYa1nVTQLt-D5LoLChg5aJjITwbj8.woff2,,,1670,2026,recent_12m,False,False,1,set(),0,False,False,False,4,False,False,False
Playwrite IT Moderna,['regular'],['latin'],v11,2025-09-08,{'regular': 'https://fonts.gstatic.com/s/playwriteitmoderna/v11/mFTuWaYCwKPK5cx6W8jy2kwDnSUe9q45vR4sxoPdAYRC.woff2'},handwriting,webfonts#webfont,https://fonts.gstatic.com/s/playwriteitmoderna/v11/mFTbWaYCwKPK5cx6W8jy2kwDnSUe9q45vQQi5HMFnSdEx2F5WihMuLze.woff2,"[{'tag': 'wght', 'start': 100, 'end': 400}]",,1671,2025,recent_12m,False,True,4,{'wght'},1,False,False,False,1,False,False,False
Moirai One,['regular'],"['korean', 'latin', 'latin-ext']",v3,2026-03-03,{'regular': 'https://fonts.gstatic.com/s/moiraione/v3/2sDbZGFUgJLJmby6xgNGT0CWB7UcfCg.woff2'},display,webfonts#webfont,https://fonts.gstatic.com/s/moiraione/v3/2sDbZGFUgJLJmby6xgNGf0ScBg.woff2,,,1672,2026,recent_12m,False,False,1,set(),0,False,False,False,3,True,False,False
BBH Hegarty,['regular'],['latin'],v1,2025-12-10,{'regular': 'https://fonts.gstatic.com/s/bbhhegarty/v1/yYLt0hbb_dvjg8talgb5vDHU-tdfcIT_.woff2'},sans-serif,webfonts#webfont,https://fonts.gstatic.com/s/bbhhegarty/v1/yYLt0hbb_dvjg8talgb5vAHQ8NY.woff2,,,1673,2025,recent_12m,False,False,1,set(),0,False,False,False,1,False,False,False
Bitcount Prop Double Ink,['regular'],"['latin', 'latin-ext']",v2,2025-09-16,{'regular': 'https://fonts.gstatic.com/s/bitcountpropdoubleink/v2/Y4GYYbpwUzElrfvDMsf8vwlfaBFstfqVIz5JD-B-pdRyiOmDZQ.woff2'},display,webfonts#webfont,https://fonts.gstatic.com/s/bitcountpropdoubleink/v2/Y4EraqgqeCwyoeHYKJOMnRRAOHVHr-2bKnsgKOU1mvV-Vk5S_hxGNApRqvOsLjMS7TL7U6J7vsT0x86f1E_MhJ7Fc8CNp0DtWIOPIdLKGVtyw2WU1OmnzDEO5QVqngZewgsX32-qkruHpLpXeSB4hOOrFaY6I-9oLQWBuD4CtdBkkmqV6mdr8M41Shcr_DYnIqojkFlhekgcGiaIMOm7DY3-ibiJFY5uuJUAz56OCoBS.woff2,"[{'tag': 'CRSV', 'start': 0, 'end': 1}, {'tag': 'ELSH', 'start': 0, 'end': 100}, {'tag': 'ELXP', 'start': 0, 'end': 100}, {'tag': 'SZP1', 'start': 0, 'end': 100}, {'tag': 'SZP2', 'start': 0, 'end': 100}, {'tag': 'XPN1', 'start': -100, 'end': 100}, {'tag': 'XPN2', 'start': -100, 'end': 100}, {'tag': 'YPN1', 'start': -100, 'end': 100}, {'tag': 'YPN2', 'start': -100, 'end': 100}, {'tag': 'slnt', 'start': -8, 'end': 0}, {'tag': 'wght', 'start': 100, 'end': 900}]",['COLRv1'],1674,2025,recent_12m,False,True,9,"{'YPN1', 'CRSV', 'XPN2', 'YPN2', 'ELSH', 'SZP2', 'XPN1', 'wght', 'ELXP', 'slnt', 'SZP1'}",11,False,True,False,2,False,False,False
Chokokutai,['regular'],"['japanese', 'latin', 'latin-ext', 'vietnamese']",v12,2025-09-08,{'regular': 'https://fonts.gstatic.com/s/chokokutai/v12/kmK4Zqw4HwvCeHGM8Fws9yvypu1Kr7I.woff2'},display,webfonts#webfont,https://fonts.gstatic.com/s/chokokutai/v12/kmK4Zqw4HwvCeHGM8Fwsxy_4pw.woff2,,,1675,2025,recent_12m,False,False,1,set(),0,False,False,False,4,False,False,False
Rubik Marker Hatch,['regular'],"['cyrillic', 'cyrillic-ext', 'hebrew', 'latin', 'latin-ext']",v1,2025-05-30,{'regular': 'https://fonts.gstatic.com/s/rubikmarkerhatch/v1/QldTNSFQsh0B_bFXXWv6LAt-jswapJHQCb4iw0H6zw.woff2'},display,webfonts#webfont,https://fonts.gstatic.com/s/rubikmarkerhatch/v1/QldTNSFQsh0B_bFXXWv6LAt-jswapJHgDbQj.woff2,,,1676,2025,older,False,False,1,set(),0,False,False,False,5,False,False,False
Noto Sans Marchen,['regular'],"['latin', 'latin-ext', 'marchen']",v21,2025-09-10,{'regular': 'https://fonts.gstatic.com/s/notosansmarchen/v21/aFTO7OZ_Y282EP-WyG6QTOX_C8WZMHhKk652ZaHk.woff2'},sans-serif,webfonts#webfont,https://fonts.gstatic.com/s/notosansmarchen/v21/aFTO7OZ_Y282EP-WyG6QTOX_C8WZMEhOma8.woff2,,,1677,2025,recent_12m,False,False,1,set(),0,False,False,False,3,False,False,False
Hibur Mono,['regular'],"['ethiopic', 'latin', 'latin-ext']",v1,2026-07-09,{'regular': 'https://fonts.gstatic.com/s/hiburmono/v1/R70fjyoFkv6fKPKNWxXXuC--Uzv4V5Q.woff2'},monospace,webfonts#webfont,https://fonts.gstatic.com/s/hiburmono/v1/R70fjyoFkv6fKPKNWxXXiCu0Ug.woff2,,,1678,2026,recent_12m,False,False,1,set(),0,False,False,False,3,False,False,False
Ingrid Darling,['regular'],"['latin', 'latin-ext', 'vietnamese']",v7,2025-09-05,{'regular': 'https://fonts.gstatic.com/s/ingriddarling/v7/LDIrapaJNxUtSuFdw-9yf4rCPsLLub458jGL.woff2'},handwriting,webfonts#webfont,https://fonts.gstatic.com/s/ingriddarling/v7/LDIrapaJNxUtSuFdw-9yf4rCPvLPs78.woff2,,,1679,2025,recent_12m,False,False,1,set(),0,False,False,False,3,False,False,False
Noto Serif Myanmar,"['100', '200', '300', 'regular', '500', '600', '700', '800', '900']",['myanmar'],v14,2025-09-11,"{'100': 'https://fonts.gstatic.com/s/notoserifmyanmar/v14/VuJudM7F2Yv76aBKKs-bHMQfAHUw3jnNwBDpU9X6RPzQ.woff2', '200': 'https://fonts.gstatic.com/s/notoserifmyanmar/v14/VuJvdM7F2Yv76aBKKs-bHMQfAHUw3jnNbDHMfPv2TeXJng.woff2', '300': 'https://fonts.gstatic.com/s/notoserifmyanmar/v14/VuJvdM7F2Yv76aBKKs-bHMQfAHUw3jnNCDLMfPv2TeXJng.woff2', 'regular': 'https://fonts.gstatic.com/s/notoserifmyanmar/v14/VuJsdM7F2Yv76aBKKs-bHMQfAHUw3jn1oRrocdDqRA.woff2', '500': 'https://fonts.gstatic.com/s/notoserifmyanmar/v14/VuJvdM7F2Yv76aBKKs-bHMQfAHUw3jnNUDPMfPv2TeXJng.woff2', '600': 'https://fonts.gstatic.com/s/notoserifmyanmar/v14/VuJvdM7F2Yv76aBKKs-bHMQfAHUw3jnNfDTMfPv2TeXJng.woff2', '700': 'https://fonts.gstatic.com/s/notoserifmyanmar/v14/VuJvdM7F2Yv76aBKKs-bHMQfAHUw3jnNGDXMfPv2TeXJng.woff2', '800': 'https://fonts.gstatic.com/s/notoserifmyanmar/v14/VuJvdM7F2Yv76aBKKs-bHMQfAHUw3jnNBDbMfPv2TeXJng.woff2', '900': 'https://fonts.gstatic.com/s/notoserifmyanmar/v14/VuJvdM7F2Yv76aBKKs-bHMQfAHUw3jnNIDfMfPv2TeXJng.woff2'}",serif,webfonts#webfont,https://fonts.gstatic.com/s/notoserifmyanmar/v14/VuJsdM7F2Yv76aBKKs-bHMQfAHUw3jnFpRDp.woff2,,,1680,2025,recent_12m,False,False,9,set(),0,False,False,False,1,False,False,False
Noto Sans NKo,['regular'],"['latin', 'latin-ext', 'nko']",v7,2025-09-16,{'regular': 'https://fonts.gstatic.com/s/notosansnko/v7/esDX31ZdNv-KYGGJpKGk2_RpMpWMHMLBrdA.woff2'},sans-serif,webfonts#webfont,https://fonts.gstatic.com/s/notosansnko/v7/esDX31ZdNv-KYGGJpKGk2_RpApGGHQ.woff2,,,1681,2025,recent_12m,False,False,1,set(),0,False,False,False,3,False,False,False
Moo Lah Lah,['regular'],"['latin', 'latin-ext', 'vietnamese']",v8,2025-09-10,{'regular': 'https://fonts.gstatic.com/s/moolahlah/v8/dg4h_p_opKZOA0w1AYcm55woYQYugjW4.woff2'},display,webfonts#webfont,https://fonts.gstatic.com/s/moolahlah/v8/dg4h_p_opKZOA0w1AYcm56wsawc.woff2,,,1682,2025,recent_12m,False,False,1,set(),0,False,False,False,3,False,False,False
Tapestry,['regular'],"['latin', 'latin-ext', 'vietnamese']",v6,2025-09-16,{'regular': 'https://fonts.gstatic.com/s/tapestry/v6/SlGTmQecrosEYXhaGBIhqnB6aSQU.woff2'},handwriting,webfonts#webfont,https://fonts.gstatic.com/s/tapestry/v6/SlGTmQecrosEYXhaGCIloHE.woff2,,,1683,2025,recent_12m,False,False,1,set(),0,False,False,False,3,False,False,False
Playwrite MX Guides,['regular'],['latin'],v1,2025-05-30,{'regular': 'https://fonts.gstatic.com/s/playwritemxguides/v1/k3kMo9ESPe9dzQ1UGbvoZhnhbtfklWqN0qmwHx-HpY0.woff2'},handwriting,webfonts#webfont,https://fonts.gstatic.com/s/playwritemxguides/v1/k3kMo9ESPe9dzQ1UGbvoZhnhbtfklWqN4q26Hg.woff2,,,1684,2025,older,False,False,1,set(),0,False,False,False,1,False,False,False
Noto Sans Egyptian Hieroglyphs,['regular'],"['egyptian-hieroglyphs', 'latin', 'latin-ext']",v30,2025-09-16,{'regular': 'https://fonts.gstatic.com/s/notosansegyptianhieroglyphs/v30/vEF42-tODB8RrNDvZSUmRhcQHzx1s7y_F9-j3qSzEcbEYindTFK8xRg7iw.woff2'},sans-serif,webfonts#webfont,https://fonts.gstatic.com/s/notosansegyptianhieroglyphs/v30/vEF42-tODB8RrNDvZSUmRhcQHzx1s7y_F9-j3qSzEcbEYintSFi9.woff2,,,1685,2025,recent_12m,False,False,1,set(),0,False,False,False,3,False,False,False
Gajraj One,['regular'],"['devanagari', 'latin', 'latin-ext']",v7,2025-09-05,{'regular': 'https://fonts.gstatic.com/s/gajrajone/v7/1cX2aUDCDpXsuWVb1jIjr1SqhcitzeM.woff2'},display,webfonts#webfont,https://fonts.gstatic.com/s/gajrajone/v7/1cX2aUDCDpXsuWVb1jIjn1CghA.woff2,,,1686,2025,recent_12m,False,False,1,set(),0,False,False,False,3,False,False,False
Noto Serif Oriya,['regular'],"['latin', 'latin-ext', 'oriya']",v6,2025-09-08,{'regular': 'https://fonts.gstatic.com/s/notoseriforiya/v6/MjQdmj56u-r69izk_LDqWN7w0cYB0OVNBn8Kwb0.woff2'},serif,webfonts#webfont,https://fonts.gstatic.com/s/notoseriforiya/v6/MjQQmj56u-r69izk_LDqWN7w0cYByutv9qeWYrvLaxrc_Ey_tUw.woff2,"[{'tag': 'wght', 'start': 400, 'end': 700}]",,1687,2025,recent_12m,False,True,4,{'wght'},1,False,False,False,3,False,False,False
Winky Rough,"['regular', 'italic']","['latin', 'latin-ext']",v4,2025-09-16,"{'regular': 'https://fonts.gstatic.com/s/winkyrough/v4/t5tkIRwIMoSXA0WSPBjQxIbt5z3nq4OH.woff2', 'italic': 'https://fonts.gstatic.com/s/winkyrough/v4/t5tmIRwIMoSXA0WSPBjQxLbq7TzFrpOHYh4.woff2'}",sans-serif,webfonts#webfont,https://fonts.gstatic.com/s/winkyrough/v4/t5tzIRwIMoSXA0WSPBjQxJzjxc0_NyCBbx8bZyVeNrhA.woff2,"[{'tag': 'wght', 'start': 300, 'end': 900}]",,1688,2025,recent_12m,True,True,7,{'wght'},1,False,False,False,2,False,False,False
Noto Serif Yezidi,['regular'],"['latin', 'latin-ext', 'yezidi']",v23,2025-09-05,{'regular': 'https://fonts.gstatic.com/s/notoserifyezidi/v23/XLY8IYr5bJNDGYxLBibeHZAn3B5KJFlpYMYHGGeT.woff2'},serif,webfonts#webfont,https://fonts.gstatic.com/s/notoserifyezidi/v23/XLYPIYr5bJNDGYxLBibeHZAn3B5KJENnQjbfhMSVZspD2yEUr1uI.woff2,"[{'tag': 'wght', 'start': 400, 'end': 700}]",,1689,2025,recent_12m,False,True,4,{'wght'},1,False,False,False,3,False,False,False
Playwrite MX,['regular'],['latin'],v13,2025-09-10,{'regular': 'https://fonts.gstatic.com/s/playwritemx/v13/6xKodSNbKtCe7KfhXg7RYSwoTcj-N4_4kQ.woff2'},handwriting,webfonts#webfont,https://fonts.gstatic.com/s/playwritemx/v13/6xK9dSNbKtCe7KfhXg7RYSwyQ-oO7xNblyJr9wnd1xcVXQ.woff2,"[{'tag': 'wght', 'start': 100, 'end': 400}]",,1690,2025,recent_12m,False,True,4,{'wght'},1,False,False,False,1,False,False,False
Noto Sans Sunuwar,['regular'],"['latin', 'latin-ext', 'sunuwar']",v1,2025-06-26,{'regular': 'https://fonts.gstatic.com/s/notosanssunuwar/v1/FwZB7_04xUkosG2xJo2gm7nF0DTfho_Gu2akOrkv.woff2'},sans-serif,webfonts#webfont,https://fonts.gstatic.com/s/notosanssunuwar/v1/FwZB7_04xUkosG2xJo2gm7nF0DTfhr_CsWc.woff2,,,1691,2025,older,False,False,1,set(),0,False,False,False,3,False,False,False
Noto Sans Duployan,"['regular', '700']","['duployan', 'latin', 'latin-ext']",v19,2025-09-16,"{'regular': 'https://fonts.gstatic.com/s/notosansduployan/v19/gokzH7nwAEdtF9N8-mdTDx_X9JM5wsvrE8In6WYDvA.woff2', '700': 'https://fonts.gstatic.com/s/notosansduployan/v19/gokwH7nwAEdtF9N8-mdTDx_X9JM5wsvTqu0D5E0ftZS-Iw.woff2'}",sans-serif,webfonts#webfont,https://fonts.gstatic.com/s/notosansduployan/v19/gokzH7nwAEdtF9N8-mdTDx_X9JM5wsvbF8gm.woff2,,,1692,2025,recent_12m,False,False,2,set(),0,False,False,False,3,False,False,False
Rubik Microbe,['regular'],"['cyrillic', 'cyrillic-ext', 'hebrew', 'latin', 'latin-ext']",v2,2025-05-30,{'regular': 'https://fonts.gstatic.com/s/rubikmicrobe/v2/UqyWK8oPP3hjw6ANS9rM3PsZcsoaaKgiauE.woff2'},display,webfonts#webfont,https://fonts.gstatic.com/s/rubikmicrobe/v2/UqyWK8oPP3hjw6ANS9rM3PsZQs4QaQ.woff2,,,1693,2025,older,False,False,1,set(),0,False,False,False,5,False,False,False
Playwrite FR Moderne,['regular'],['latin'],v11,2025-09-11,{'regular': 'https://fonts.gstatic.com/s/playwritefrmoderne/v11/3y9-6awucz3w5m4FFTzKolJRXhUk_u1yWs-oNtKENeNp.woff2'},handwriting,webfonts#webfont,https://fonts.gstatic.com/s/playwritefrmoderne/v11/3y9L6awucz3w5m4FFTzKolJRXhUk_u1yWtWmFCJcqUBvK5aJuAKfA1T5.woff2,"[{'tag': 'wght', 'start': 100, 'end': 400}]",,1694,2025,recent_12m,False,True,4,{'wght'},1,False,False,False,1,False,False,False
Rubik Broken Fax,['regular'],"['cyrillic', 'cyrillic-ext', 'hebrew', 'latin', 'latin-ext', 'math', 'symbols']",v1,2025-05-30,{'regular': 'https://fonts.gstatic.com/s/rubikbrokenfax/v1/NGSvv4rXG042O-GzH9sg1cUgl8w8YWqWdmGi300.woff2'},display,webfonts#webfont,https://fonts.gstatic.com/s/rubikbrokenfax/v1/NGSvv4rXG042O-GzH9sg1cUgl8w8UW6cdw.woff2,,,1695,2025,older,False,False,1,set(),0,False,False,False,7,False,False,False
Blaka Ink,['regular'],"['arabic', 'latin', 'latin-ext']",v10,2025-05-30,{'regular': 'https://fonts.gstatic.com/s/blakaink/v10/AlZy_zVVtpj22Znag2chcHf4XB0Tow.woff2'},display,webfonts#webfont,https://fonts.gstatic.com/s/blakaink/v10/AlZy_zVVtpj22Znag2cRdH35.woff2,,"['COLRv1', 'SVG']",1696,2025,older,False,False,1,set(),0,False,False,False,3,False,False,False
Edu VIC WA NT Hand Pre,['regular'],"['latin', 'latin-ext']",v3,2025-09-11,{'regular': 'https://fonts.gstatic.com/s/eduvicwanthandpre/v3/neIazDmioZxjkInM_tLHFudmcN2Uxxc-9Vnv4YgEeru2dGg.woff2'},handwriting,webfonts#webfont,https://fonts.gstatic.com/s/eduvicwanthandpre/v3/neInzDmioZxjkInM_tLHFudmcN2Uxxc-9Vnv-4YmimMq127-YLTo4egVDyw.woff2,"[{'tag': 'wght', 'start': 400, 'end': 700}]",,1697,2025,recent_12m,False,True,4,{'wght'},1,False,False,False,2,False,False,False
Playwrite AR,['regular'],['latin'],v6,2025-09-11,{'regular': 'https://fonts.gstatic.com/s/playwritear/v6/VEM2RohisJz5pTCzruCNjWbFqdGOsEkJZA.woff2'},handwriting,webfonts#webfont,https://fonts.gstatic.com/s/playwritear/v6/VEMjRohisJz5pTCzruCNjWbfp_N-aNWqYgKS-ftfmf6OSg.woff2,"[{'tag': 'wght', 'start': 100, 'end': 400}]",,1698,2025,recent_12m,False,True,4,{'wght'},1,False,False,False,1,False,False,False
Noto Sans Syriac Eastern,['regular'],"['latin', 'latin-ext', 'syriac']",v3,2025-09-02,{'regular': 'https://fonts.gstatic.com/s/notosanssyriaceastern/v3/Noah6Vj_wIWFbTTCrYmvy8AjVU8aslWRHHvRYxSkSK8Ck93gbw.woff2'},sans-serif,webfonts#webfont,https://fonts.gstatic.com/s/notosanssyriaceastern/v3/Noac6Vj_wIWFbTTCrYmvy8AjVU8aslWRHHvRYxS-Ro3yS0FDacnHPi-fgzGB5A.woff2,"[{'tag': 'wght', 'start': 100, 'end': 900}]",,1699,2025,recent_12m,False,True,9,{'wght'},1,False,False,False,3,False,False,False
Puppies Play,['regular'],"['latin', 'latin-ext', 'vietnamese']",v11,2025-09-11,{'regular': 'https://fonts.gstatic.com/s/puppiesplay/v11/wlp2gwHZEV99rG6M3NR9uB9vbQJSA_JN3Q.woff2'},handwriting,webfonts#webfont,https://fonts.gstatic.com/s/puppiesplay/v11/wlp2gwHZEV99rG6M3NR9uB9faQhT.woff2,,,1700,2025,recent_12m,False,False,1,set(),0,False,False,False,3,False,False,False
Noto Sans Old Italic,['regular'],"['latin', 'latin-ext', 'old-italic']",v18,2025-09-08,{'regular': 'https://fonts.gstatic.com/s/notosansolditalic/v18/TuGOUUFzXI5FBtUq5a8bh68BJxxEVam7tWlUdRhtCC4d.woff2'},sans-serif,webfonts#webfont,https://fonts.gstatic.com/s/notosansolditalic/v18/TuGOUUFzXI5FBtUq5a8bh68BJxxEVam7tVlQfxk.woff2,,,1701,2025,recent_12m,False,False,1,set(),0,False,False,False,3,False,False,False
Bpmf Huninn,['regular'],"['chinese-traditional', 'latin', 'latin-ext']",v6,2026-03-11,{'regular': 'https://fonts.gstatic.com/s/bpmfhuninn/v6/taiOGmRuFJa3qsALi5gn1K6t05E5abe_.woff2'},sans-serif,webfonts#webfont,https://fonts.gstatic.com/s/bpmfhuninn/v6/taiOGmRuFJa3qsALi5gn1J6p2ZA.woff2,,,1702,2026,recent_12m,False,False,1,set(),0,False,False,False,3,False,False,False
Coral Pixels,['regular'],"['latin', 'latin-ext']",v1,2025-04-23,{'regular': 'https://fonts.gstatic.com/s/coralpixels/v1/qWctB66zpZ3zAtrlR8Mb1LyyfRb_ujA4ug.woff2'},display,webfonts#webfont,https://fonts.gstatic.com/s/coralpixels/v1/qWctB66zpZ3zAtrlR8Mb1LyCeRz-.woff2,,['COLRv0'],1703,2025,older,False,False,1,set(),0,False,False,False,2,False,False,False
Karla Tamil Inclined,"['regular', '700']",['tamil'],v2,2024-10-29,"{'regular': 'https://fonts.gstatic.com/s/karlatamilinclined/v2/vm8pdQ3vXFXZ1aPd8dNzR82AFh2TibkaVrcevZPxCDLR.woff2', '700': 'https://fonts.gstatic.com/s/karlatamilinclined/v2/vm8mdQ3vXFXZ1aPd8dNzR82AFh2TibkaVo-nkrf8Iy7YGkI1.woff2'}",sans-serif,webfonts#webfont,https://fonts.gstatic.com/s/karlatamilinclined/v2/vm8pdQ3vXFXZ1aPd8dNzR82AFh2TibkaVocat5I.woff2,,,1704,2024,older,False,False,2,set(),0,False,False,False,1,False,False,False
Iosevka Charon Mono,"['300', '300italic', 'regular', 'italic', '500', '500italic', '700', '700italic']","['armenian', 'braille', 'cyrillic', 'cyrillic-ext', 'greek', 'greek-ext', 'latin', 'latin-ext', 'math', 'symbols', 'symbols2', 'vietnamese']",v1,2026-03-11,"{'300': 'https://fonts.gstatic.com/s/iosevkacharonmono/v1/ZXu3e00asreaO3wM1TYAhasEUi4e1q2vvUBVRb_He_k5IUg.woff2', '300italic': 'https://fonts.gstatic.com/s/iosevkacharonmono/v1/ZXu1e00asreaO3wM1TYAhasEUi4e1q2vte5PybjNets8MUgzLg.woff2', 'regular': 'https://fonts.gstatic.com/s/iosevkacharonmono/v1/ZXu6e00asreaO3wM1TYAhasEUi4e1q2vhel9YbLsZ_A.woff2', 'italic': 'https://fonts.gstatic.com/s/iosevkacharonmono/v1/ZXu4e00asreaO3wM1TYAhasEUi4e1q2vte53YJDpd_AgOA.woff2', '500': 'https://fonts.gstatic.com/s/iosevkacharonmono/v1/ZXu3e00asreaO3wM1TYAhasEUi4e1q2vvRhURb_He_k5IUg.woff2', '500italic': 'https://fonts.gstatic.com/s/iosevkacharonmono/v1/ZXu1e00asreaO3wM1TYAhasEUi4e1q2vte5PkbnNets8MUgzLg.woff2', '700': 'https://fonts.gstatic.com/s/iosevkacharonmono/v1/ZXu3e00asreaO3wM1TYAhasEUi4e1q2vvVBSRb_He_k5IUg.woff2', '700italic': 'https://fonts.gstatic.com/s/iosevkacharonmono/v1/ZXu1e00asreaO3wM1TYAhasEUi4e1q2vte5P2b_Nets8MUgzLg.woff2'}",monospace,webfonts#webfont,https://fonts.gstatic.com/s/iosevkacharonmono/v1/ZXu6e00asreaO3wM1TYAhasEUi4e1q2vte13YA.woff2,,,1705,2026,recent_12m,True,False,4,set(),0,False,False,False,12,False,False,False
Noto Sans Old Permic,['regular'],"['cyrillic-ext', 'latin', 'latin-ext', 'old-permic']",v18,2025-09-10,{'regular': 'https://fonts.gstatic.com/s/notosansoldpermic/v18/snf1s1q1-dF8pli1TesqcbUY4Mr-ElrwKLdSgv_dKYB5.woff2'},sans-serif,webfonts#webfont,https://fonts.gstatic.com/s/notosansoldpermic/v18/snf1s1q1-dF8pli1TesqcbUY4Mr-ElrwKIdWiP4.woff2,,,1706,2025,recent_12m,False,False,1,set(),0,False,False,False,4,False,False,False
Noto Sans Takri,['regular'],"['latin', 'latin-ext', 'takri']",v25,2025-09-05,{'regular': 'https://fonts.gstatic.com/s/notosanstakri/v25/TuGJUVpzXI5FBtUq5a8bnKIOdTwQMe_W3khJXg.woff2'},sans-serif,webfonts#webfont,https://fonts.gstatic.com/s/notosanstakri/v25/TuGJUVpzXI5FBtUq5a8bnKIOdTwgNeXX.woff2,,,1707,2025,recent_12m,False,False,1,set(),0,False,False,False,3,False,False,False
Estedad,['regular'],"['arabic', 'latin', 'latin-ext', 'vietnamese']",v3,2026-05-13,{'regular': 'https://fonts.gstatic.com/s/estedad/v3/QdVWSTk1OgitjvYTFJfOvQlhi20.woff2'},sans-serif,webfonts#webfont,https://fonts.gstatic.com/s/estedad/v3/QdVJSTk1OgitjvYTDpnsTdH9KGslJX_6JqgiUhs.woff2,"[{'tag': 'wght', 'start': 100, 'end': 900}]",,1708,2026,recent_12m,False,True,9,{'wght'},1,False,False,False,4,False,False,False
Tirra,"['regular', '500', '600', '700', '800', '900']","['latin', 'latin-ext', 'tifinagh']",v2,2025-08-26,"{'regular': 'https://fonts.gstatic.com/s/tirra/v2/WBLrrEnNakREGrPA3AHdWn3J.woff2', '500': 'https://fonts.gstatic.com/s/tirra/v2/WBLmrEnNakREGosx9SXQcWHALdio.woff2', '600': 'https://fonts.gstatic.com/s/tirra/v2/WBLmrEnNakREGosd8iXQcWHALdio.woff2', '700': 'https://fonts.gstatic.com/s/tirra/v2/WBLmrEnNakREGot58yXQcWHALdio.woff2', '800': 'https://fonts.gstatic.com/s/tirra/v2/WBLmrEnNakREGotl8CXQcWHALdio.woff2', '900': 'https://fonts.gstatic.com/s/tirra/v2/WBLmrEnNakREGotB8SXQcWHALdio.woff2'}",sans-serif,webfonts#webfont,https://fonts.gstatic.com/s/tirra/v2/WBLrrEnNakREGoPE1gA.woff2,,,1709,2025,recent_12m,False,False,6,set(),0,False,False,False,3,False,False,False
Noto Sans Nag Mundari,['regular'],"['latin', 'latin-ext', 'nag-mundari']",v4,2025-09-08,{'regular': 'https://fonts.gstatic.com/s/notosansnagmundari/v4/3qTzoi2hnSyU8TNFIdhZTyod3g5lBnKlQFksnw2vd02J1Q.woff2'},sans-serif,webfonts#webfont,https://fonts.gstatic.com/s/notosansnagmundari/v4/3qTAoi2hnSyU8TNFIdhZTyod3g5lBnKlQFk2kS9fr9Eq09RHRxirXUCK0g.woff2,"[{'tag': 'wght', 'start': 400, 'end': 700}]",,1710,2025,recent_12m,False,True,4,{'wght'},1,False,False,False,3,False,False,False
Miranda Sans,"['regular', 'italic']","['latin', 'latin-ext']",v3,2026-04-02,"{'regular': 'https://fonts.gstatic.com/s/mirandasans/v3/aFTT7Pt8ZWk4XsiWhk7Rb_etbYf4VllXuA.woff2', 'italic': 'https://fonts.gstatic.com/s/mirandasans/v3/aFTN7Pt8ZWk4XsiWhk7Rb_edao35dFxHuLJ_.woff2'}",sans-serif,webfonts#webfont,https://fonts.gstatic.com/s/mirandasans/v3/aFTG7Pt8ZWk4XsiWhk7Rb_e3Y6UIjsX0vr9-ZHGmP811ew.woff2,"[{'tag': 'wght', 'start': 400, 'end': 700}]",,1711,2026,recent_12m,True,True,4,{'wght'},1,False,False,False,2,False,False,False
Noto Sans Old Turkic,['regular'],"['latin', 'latin-ext', 'old-turkic']",v19,2025-09-10,{'regular': 'https://fonts.gstatic.com/s/notosansoldturkic/v19/yMJNMJVya43H0SUF_WmcGEQVqoEMKDKbsE2UjEw-Vyws.woff2'},sans-serif,webfonts#webfont,https://fonts.gstatic.com/s/notosansoldturkic/v19/yMJNMJVya43H0SUF_WmcGEQVqoEMKDKbsH2Qhk0.woff2,,,1712,2025,recent_12m,False,False,1,set(),0,False,False,False,3,False,False,False
Noto Sans Runic,['regular'],"['latin', 'latin-ext', 'runic']",v18,2025-09-11,{'regular': 'https://fonts.gstatic.com/s/notosansrunic/v18/H4c_BXWPl9DZ0Xe_nHUaus7W68WWbhpvHtgIYg.woff2'},sans-serif,webfonts#webfont,https://fonts.gstatic.com/s/notosansrunic/v18/H4c_BXWPl9DZ0Xe_nHUaus7W68WmahBu.woff2,,,1713,2025,recent_12m,False,False,1,set(),0,False,False,False,3,False,False,False
Playwrite AU TAS,['regular'],['latin'],v11,2025-09-16,{'regular': 'https://fonts.gstatic.com/s/playwriteautas/v11/Gfte7u9QuxsdI_QuuctXue3ElxxmahjVesW0BfM.woff2'},handwriting,webfonts#webfont,https://fonts.gstatic.com/s/playwriteautas/v11/GftT7u9QuxsdI_QuuctXue3ElxxmcBb3ih0opvWiLLUEH5K7FF4.woff2,"[{'tag': 'wght', 'start': 100, 'end': 400}]",,1714,2025,recent_12m,False,True,4,{'wght'},1,False,False,False,1,False,False,False
Savate,"['regular', 'italic']","['latin', 'latin-ext']",v5,2025-09-10,"{'regular': 'https://fonts.gstatic.com/s/savate/v5/QdVXSTgjKAqpnvJXMbjgsQB4kg.woff2', 'italic': 'https://fonts.gstatic.com/s/savate/v5/QdVVSTgjKAqpnvJnNrLhkwVoknQx.woff2'}",sans-serif,webfonts#webfont,https://fonts.gstatic.com/s/savate/v5/QdVKSTgjKAqpnvJNP5oQaZzblHkwJbdxdbkDdw.woff2,"[{'tag': 'wght', 'start': 200, 'end': 900}]",,1715,2025,recent_12m,True,True,8,{'wght'},1,False,False,False,2,False,False,False
Hind Mysuru,"['300', 'regular', '500', '600', '700']","['kannada', 'latin', 'latin-ext']",v1,2025-05-30,"{'300': 'https://fonts.gstatic.com/s/hindmysuru/v1/sykq-yB3k7wiAJ-U5l_li8pppHWVBVTqU4sY.woff2', 'regular': 'https://fonts.gstatic.com/s/hindmysuru/v1/syk3-yB3k7wiAJ-U5l_li_LAjFGYLkjj.woff2', '500': 'https://fonts.gstatic.com/s/hindmysuru/v1/sykq-yB3k7wiAJ-U5l_li8oxpXWVBVTqU4sY.woff2', '600': 'https://fonts.gstatic.com/s/hindmysuru/v1/sykq-yB3k7wiAJ-U5l_li8odonWVBVTqU4sY.woff2', '700': 'https://fonts.gstatic.com/s/hindmysuru/v1/sykq-yB3k7wiAJ-U5l_li8p5o3WVBVTqU4sY.woff2'}",sans-serif,webfonts#webfont,https://fonts.gstatic.com/s/hindmysuru/v1/syk3-yB3k7wiAJ-U5l_li8LEhlA.woff2,,,1716,2025,older,False,False,5,set(),0,False,False,False,3,False,False,False
Noto Sans Adlam Unjoined,['regular'],"['adlam', 'latin', 'latin-ext']",v28,2025-09-16,{'regular': 'https://fonts.gstatic.com/s/notosansadlamunjoined/v28/P5sRzY2MYsLRsB5_ildkzPPDsLQXcOEmaFOqOGcAbJ41lBRPOw.woff2'},sans-serif,webfonts#webfont,https://fonts.gstatic.com/s/notosansadlamunjoined/v28/P5sszY2MYsLRsB5_ildkzPPDsLQXcOEmaFOqOGcaYrzFTIjsPam_Ye35DMAU-Q.woff2,"[{'tag': 'wght', 'start': 400, 'end': 700}]",,1717,2025,recent_12m,False,True,4,{'wght'},1,False,False,False,3,False,False,False
Edu QLD Beginner,['regular'],['latin'],v5,2025-09-16,{'regular': 'https://fonts.gstatic.com/s/eduqldbeginner/v5/AMOKz5iUuHLEMNXyohhc_Y56PR3A691p5ySriqg.woff2'},handwriting,webfonts#webfont,https://fonts.gstatic.com/s/eduqldbeginner/v5/AMOHz5iUuHLEMNXyohhc_Y56PR3A8dNLF_w3Ka4HKE4E3reagao.woff2,"[{'tag': 'wght', 'start': 400, 'end': 700}]",,1718,2025,recent_12m,False,True,4,{'wght'},1,False,False,False,1,False,False,False
Playwrite ZA,['regular'],['latin'],v11,2025-09-08,{'regular': 'https://fonts.gstatic.com/s/playwriteza/v11/Noa16Uzhw5CTOhXKt5-vwvhxOQR9mhHobg.woff2'},handwriting,webfonts#webfont,https://fonts.gstatic.com/s/playwriteza/v11/Noag6Uzhw5CTOhXKt5-vwvhrNyaNQo1LaBq0EbLHXYQmng.woff2,"[{'tag': 'wght', 'start': 100, 'end': 400}]",,1719,2025,recent_12m,False,True,4,{'wght'},1,False,False,False,1,False,False,False
Playwrite DE SAS,['regular'],['latin'],v11,2025-09-16,{'regular': 'https://fonts.gstatic.com/s/playwritedesas/v11/1Pt1g9vaRvmWghDdrE8IDuRPVrHN5V445aiOBrU.woff2'},handwriting,webfonts#webfont,https://fonts.gstatic.com/s/playwritedesas/v11/1Pt4g9vaRvmWghDdrE8IDuRPVrHN_1AaFXASpbMqJTeVgt6kQSQ.woff2,"[{'tag': 'wght', 'start': 100, 'end': 400}]",,1720,2025,recent_12m,False,True,4,{'wght'},1,False,False,False,1,False,False,False
Lisu Bosa,"['200', '200italic', '300', '300italic', 'regular', 'italic', '500', '500italic', '600', '600italic', '700', '700italic', '800', '800italic', '900', '900italic']","['latin', 'latin-ext', 'lisu']",v2,2025-05-30,"{'200': 'https://fonts.gstatic.com/s/lisubosa/v2/3XFtErkv240fsdmJRJQXX2DGQNbY1P1Sbg.woff2', '200italic': 'https://fonts.gstatic.com/s/lisubosa/v2/3XFzErkv240fsdmJRJQflXkuRNzZ9vhCblye.woff2', '300': 'https://fonts.gstatic.com/s/lisubosa/v2/3XFtErkv240fsdmJRJQXO2PGQNbY1P1Sbg.woff2', '300italic': 'https://fonts.gstatic.com/s/lisubosa/v2/3XFzErkv240fsdmJRJQflXlKR9zZ9vhCblye.woff2', 'regular': 'https://fonts.gstatic.com/s/lisubosa/v2/3XFoErkv240fsdmJRJQvkkviTf3E3Q.woff2', 'italic': 'https://fonts.gstatic.com/s/lisubosa/v2/3XFuErkv240fsdmJRJQflUHjb_jU3eRL.woff2', '500': 'https://fonts.gstatic.com/s/lisubosa/v2/3XFtErkv240fsdmJRJQXY2LGQNbY1P1Sbg.woff2', '500italic': 'https://fonts.gstatic.com/s/lisubosa/v2/3XFzErkv240fsdmJRJQflXkSRtzZ9vhCblye.woff2', '600': 'https://fonts.gstatic.com/s/lisubosa/v2/3XFtErkv240fsdmJRJQXT2XGQNbY1P1Sbg.woff2', '600italic': 'https://fonts.gstatic.com/s/lisubosa/v2/3XFzErkv240fsdmJRJQflXk-QdzZ9vhCblye.woff2', '700': 'https://fonts.gstatic.com/s/lisubosa/v2/3XFtErkv240fsdmJRJQXK2TGQNbY1P1Sbg.woff2', '700italic': 'https://fonts.gstatic.com/s/lisubosa/v2/3XFzErkv240fsdmJRJQflXlaQNzZ9vhCblye.woff2', '800': 'https://fonts.gstatic.com/s/lisubosa/v2/3XFtErkv240fsdmJRJQXN2fGQNbY1P1Sbg.woff2', '800italic': 'https://fonts.gstatic.com/s/lisubosa/v2/3XFzErkv240fsdmJRJQflXlGQ9zZ9vhCblye.woff2', '900': 'https://fonts.gstatic.com/s/lisubosa/v2/3XFtErkv240fsdmJRJQXE2bGQNbY1P1Sbg.woff2', '900italic': 'https://fonts.gstatic.com/s/lisubosa/v2/3XFzErkv240fsdmJRJQflXliQtzZ9vhCblye.woff2'}",serif,webfonts#webfont,https://fonts.gstatic.com/s/lisubosa/v2/3XFoErkv240fsdmJRJQflkHj.woff2,,,1721,2025,older,True,False,8,set(),0,False,False,False,3,False,False,False
Grandiflora One,['regular'],"['korean', 'latin', 'latin-ext']",v4,2026-03-03,{'regular': 'https://fonts.gstatic.com/s/grandifloraone/v4/0ybmGD0g27bCk_5MGWZcKWhxwnUU-B3y8DOWGA.woff2'},serif,webfonts#webfont,https://fonts.gstatic.com/s/grandifloraone/v4/0ybmGD0g27bCk_5MGWZcKWhxwnUk_Bfz.woff2,,,1722,2026,recent_12m,False,False,1,set(),0,False,False,False,3,True,False,False
Noto Serif Dives Akuru,['regular'],"['dives-akuru', 'latin', 'latin-ext']",v8,2025-08-26,{'regular': 'https://fonts.gstatic.com/s/notoserifdivesakuru/v8/QldfNSVMqAsHtsJ_TnD3aT03sMgd57ibeeZT60XIyoV9Ejs.woff2'},serif,webfonts#webfont,https://fonts.gstatic.com/s/notoserifdivesakuru/v8/QldfNSVMqAsHtsJ_TnD3aT03sMgd57ibeeZT20HCyw.woff2,,,1723,2025,recent_12m,False,False,1,set(),0,False,False,False,3,False,False,False
Sankofa Display,['regular'],"['latin', 'latin-ext', 'vietnamese']",v2,2025-05-30,{'regular': 'https://fonts.gstatic.com/s/sankofadisplay/v2/Ktk1ALSRd4LucUDghJ2rTqXOoh33EqmZVY9Y5w.woff2'},sans-serif,webfonts#webfont,https://fonts.gstatic.com/s/sankofadisplay/v2/Ktk1ALSRd4LucUDghJ2rTqXOoh3HFqOY.woff2,,,1724,2025,older,False,False,1,set(),0,False,False,False,3,False,False,False
Jaini Purva,['regular'],"['devanagari', 'latin', 'latin-ext']",v1,2025-05-30,{'regular': 'https://fonts.gstatic.com/s/jainipurva/v1/CHynV-vdHVXwbWcUswbUGHoLHH4sj3lR.woff2'},display,webfonts#webfont,https://fonts.gstatic.com/s/jainipurva/v1/CHynV-vdHVXwbWcUswbUGEoPFn8.woff2,,,1725,2025,older,False,False,1,set(),0,False,False,False,3,False,False,False
Rubik Maps,['regular'],"['cyrillic', 'cyrillic-ext', 'hebrew', 'latin', 'latin-ext', 'math', 'symbols']",v1,2025-05-30,{'regular': 'https://fonts.gstatic.com/s/rubikmaps/v1/Gw6_wcjl80TZK9XxtbbejSMUChRqp9k.woff2'},display,webfonts#webfont,https://fonts.gstatic.com/s/rubikmaps/v1/Gw6_wcjl80TZK9XxtbbevSceCw.woff2,,,1726,2025,older,False,False,1,set(),0,False,False,False,7,False,False,False
Narnoor,"['regular', '500', '600', '700', '800']","['gunjala-gondi', 'latin', 'latin-ext', 'math', 'symbols']",v10,2025-06-25,"{'regular': 'https://fonts.gstatic.com/s/narnoor/v10/cIf9MaFWuVo-UTyPxCyrYGkHgIs.woff2', '500': 'https://fonts.gstatic.com/s/narnoor/v10/cIf4MaFWuVo-UTyP_N2CRGQsnIJkWL4.woff2', '600': 'https://fonts.gstatic.com/s/narnoor/v10/cIf4MaFWuVo-UTyP_PGFRGQsnIJkWL4.woff2', '700': 'https://fonts.gstatic.com/s/narnoor/v10/cIf4MaFWuVo-UTyP_JWERGQsnIJkWL4.woff2', '800': 'https://fonts.gstatic.com/s/narnoor/v10/cIf4MaFWuVo-UTyP_ImHRGQsnIJkWL4.woff2'}",sans-serif,webfonts#webfont,https://fonts.gstatic.com/s/narnoor/v10/cIf9MaFWuVo-UTyP9CihYQ.woff2,,,1727,2025,older,False,False,5,set(),0,False,False,False,5,False,False,False
Montenegrin Gothic One,['regular'],"['latin', 'latin-ext']",v2,2026-06-30,{'regular': 'https://fonts.gstatic.com/s/montenegringothicone/v2/Z9XHDnlOQBOL3vX7a9a3psnL-c3rnUnyw7QanwNUGAoD6lA.woff2'},serif,webfonts#webfont,https://fonts.gstatic.com/s/montenegringothicone/v2/Z9XHDnlOQBOL3vX7a9a3psnL-c3rnUnyw7QarwdeGQ.woff2,,,1728,2026,recent_12m,False,False,1,set(),0,False,False,False,2,False,False,False
Epunda Slab,"['regular', 'italic']","['latin', 'latin-ext']",v2,2025-08-26,"{'regular': 'https://fonts.gstatic.com/s/epundaslab/v2/46krlbHxTynXpZplPiOFHWVF_VVRGIpI.woff2', 'italic': 'https://fonts.gstatic.com/s/epundaslab/v2/46kplbHxTynXpZplPiOFHVVC91RzHZpIvJo.woff2'}",serif,webfonts#webfont,https://fonts.gstatic.com/s/epundaslab/v2/46k8lbHxTynXpZplPiOFHX9L36WJhClOsZt_eDNloEQR.woff2,"[{'tag': 'wght', 'start': 300, 'end': 900}]",,1729,2025,recent_12m,True,True,7,{'wght'},1,False,False,False,2,False,False,False
Edu AU VIC WA NT Pre,['regular'],"['latin', 'latin-ext']",v3,2025-09-11,{'regular': 'https://fonts.gstatic.com/s/eduauvicwantpre/v3/f0Xp0fWk-t0rbG8Ycr-t55aG0elTWbFeXbwG1TB_JHHY.woff2'},handwriting,webfonts#webfont,https://fonts.gstatic.com/s/eduauvicwantpre/v3/f0Xc0fWk-t0rbG8Ycr-t55aG0elTWbFeXaYI98CnuNLeosIyJmkArqkg.woff2,"[{'tag': 'wght', 'start': 400, 'end': 700}]",,1730,2025,recent_12m,False,True,4,{'wght'},1,False,False,False,2,False,False,False
Noto Sans Palmyrene,['regular'],"['latin', 'latin-ext', 'palmyrene']",v17,2025-09-02,{'regular': 'https://fonts.gstatic.com/s/notosanspalmyrene/v17/ZgNPjOdKPa7CHqq0h37c_ASCWvH93SFCPne5ZpdNtcA.woff2'},sans-serif,webfonts#webfont,https://fonts.gstatic.com/s/notosanspalmyrene/v17/ZgNPjOdKPa7CHqq0h37c_ASCWvH93SFCDnOzZw.woff2,,,1731,2025,recent_12m,False,False,1,set(),0,False,False,False,3,False,False,False
Strichpunkt Sans,['regular'],"['latin', 'latin-ext']",v1,2026-05-13,{'regular': 'https://fonts.gstatic.com/s/strichpunktsans/v1/Jqz45SWPVfqQFmB4qOZpY-2RfE_tIYprTycIbyg.woff2'},sans-serif,webfonts#webfont,https://fonts.gstatic.com/s/strichpunktsans/v1/JqzG5SWPVfqQFmB4qOZpY-2RfE_tO4RJo8eYzC5bT1PFqLgrRxy6yeuKLS3tOhXKDJyq.woff2,"[{'tag': 'wdth', 'start': 100, 'end': 200}, {'tag': 'wght', 'start': 400, 'end': 900}]",,1732,2026,recent_12m,False,True,6,"{'wdth', 'wght'}",2,True,False,False,2,False,False,False
Mingzat,['regular'],"['latin', 'latin-ext', 'lepcha']",v12,2026-04-02,{'regular': 'https://fonts.gstatic.com/s/mingzat/v12/0QIgMX5C-o-oWWyvBt5km_mv670.woff2'},sans-serif,webfonts#webfont,https://fonts.gstatic.com/s/mingzat/v12/0QIgMX5C-o-oWWyvNtpumg.woff2,,,1733,2026,recent_12m,False,False,1,set(),0,False,False,False,3,False,False,False
Bitcount,['regular'],"['latin', 'latin-ext']",v3,2025-09-16,{'regular': 'https://fonts.gstatic.com/s/bitcount/v3/ijwWs53kQsE1Y5J-lJd-m2dJXYP7.woff2'},display,webfonts#webfont,https://fonts.gstatic.com/s/bitcount/v3/ijxXs53kQsE1Y5J-lI1wubXnlQH-1-E1LhaU1dJRZZaHU0slfybi9GQwiTv06bjtugLjdPqK3d9XKDqRc2jrJlC4ZRsgxqxP-aVoJVvq46N4ZQ.woff2,"[{'tag': 'CRSV', 'start': 0, 'end': 1}, {'tag': 'ELSH', 'start': 0, 'end': 100}, {'tag': 'ELXP', 'start': 0, 'end': 100}, {'tag': 'slnt', 'start': -8, 'end': 0}, {'tag': 'wght', 'start': 100, 'end': 900}]",,1734,2025,recent_12m,False,True,9,"{'CRSV', 'ELSH', 'wght', 'ELXP', 'slnt'}",5,False,True,False,2,False,False,False
Noto Sans Old Hungarian,['regular'],"['latin', 'latin-ext', 'old-hungarian']",v19,2025-09-16,{'regular': 'https://fonts.gstatic.com/s/notosansoldhungarian/v19/E213_cD6hP3GwCJPEUssHEM0KqLaHJXg2PiIgRfmbg5nCYXt.woff2'},sans-serif,webfonts#webfont,https://fonts.gstatic.com/s/notosansoldhungarian/v19/E213_cD6hP3GwCJPEUssHEM0KqLaHJXg2PiIgSfiZA8.woff2,,,1735,2025,recent_12m,False,False,1,set(),0,False,False,False,3,False,False,False
Hanalei,['regular'],"['latin', 'latin-ext']",v24,2025-09-08,{'regular': 'https://fonts.gstatic.com/s/hanalei/v24/E21n_dD8iufIjBRHXz0mVydREus.woff2'},display,webfonts#webfont,https://fonts.gstatic.com/s/hanalei/v24/E21n_dD8iufIjBRHbzksVg.woff2,,,1736,2025,recent_12m,False,False,1,set(),0,False,False,False,2,False,False,False
Playwrite BE WAL,['regular'],['latin'],v7,2025-09-16,{'regular': 'https://fonts.gstatic.com/s/playwritebewal/v7/DtV4Jwq5QbIzyrA6DHdJ2BksuUmahwVmkui5HNg.woff2'},handwriting,webfonts#webfont,https://fonts.gstatic.com/s/playwritebewal/v7/DtV1Jwq5QbIzyrA6DHdJ2BksuUmanQtEYjAlv96WFsWCGMuhFR0.woff2,"[{'tag': 'wght', 'start': 100, 'end': 400}]",,1737,2025,recent_12m,False,True,4,{'wght'},1,False,False,False,1,False,False,False
Noto Sans Bamum,['regular'],"['bamum', 'latin', 'latin-ext']",v35,2025-09-11,{'regular': 'https://fonts.gstatic.com/s/notosansbamum/v35/uk-7EGK3o6EruUbnwovcbBTkkklQ86RP5I18Mg.woff2'},sans-serif,webfonts#webfont,https://fonts.gstatic.com/s/notosansbamum/v35/uk-0EGK3o6EruUbnwovcbBTkkklK_Ya_PBHfNGTPEddOy_kByw.woff2,"[{'tag': 'wght', 'start': 400, 'end': 700}]",,1738,2025,recent_12m,False,True,4,{'wght'},1,False,False,False,3,False,False,False
Bitcount Single Ink,['regular'],"['latin', 'latin-ext']",v4,2025-09-16,{'regular': 'https://fonts.gstatic.com/s/bitcountsingleink/v4/FwZH7_80w0kk_0u-PN7ToaLMySaevcGosWeGP6kvdPA.woff2'},display,webfonts#webfont,https://fonts.gstatic.com/s/bitcountsingleink/v4/Fwb25OZl6FQz81GlJoqgm6XFwi_b1Oat-linM3eIpWvrZ9yhd874qjc72qi5T1IMgiBoydD3bDjJgnXIJ9Cr_oGr36FB5R5iKLRfpSXGN3dP9opQwU38v-r6dJk-vDaziAhRxAxKG59HJAjcNGNBlalyPEmoi939mIWU-GaeCu-JxR9Tn0k2TuKy0CJqQ-Jyh2beggR6Zmt0ewICe5TepUFVly3QN0T9ig3-rA.woff2,"[{'tag': 'CRSV', 'start': 0, 'end': 1}, {'tag': 'ELSH', 'start': 0, 'end': 100}, {'tag': 'ELXP', 'start': 0, 'end': 100}, {'tag': 'SZP1', 'start': 0, 'end': 100}, {'tag': 'SZP2', 'start': 0, 'end': 100}, {'tag': 'XPN1', 'start': -100, 'end': 100}, {'tag': 'XPN2', 'start': -100, 'end': 100}, {'tag': 'YPN1', 'start': -100, 'end': 100}, {'tag': 'YPN2', 'start': -100, 'end': 100}, {'tag': 'slnt', 'start': -8, 'end': 0}, {'tag': 'wght', 'start': 100, 'end': 900}]",['COLRv1'],1739,2025,recent_12m,False,True,9,"{'YPN1', 'CRSV', 'XPN2', 'YPN2', 'ELSH', 'SZP2', 'XPN1', 'wght', 'ELXP', 'slnt', 'SZP1'}",11,False,True,False,2,False,False,False
Noto Sans Medefaidrin,['regular'],"['latin', 'latin-ext', 'medefaidrin']",v29,2025-09-16,{'regular': 'https://fonts.gstatic.com/s/notosansmedefaidrin/v29/WwkAxOq6Dk-wranENynkfeVsNbRZtbOIdLbvdTV8OQsNbw.woff2'},sans-serif,webfonts#webfont,https://fonts.gstatic.com/s/notosansmedefaidrin/v29/WwkzxOq6Dk-wranENynkfeVsNbRZtbOIdLb1exeM4ZeuabBfmErWpTz_8A.woff2,"[{'tag': 'wght', 'start': 400, 'end': 700}]",,1740,2025,recent_12m,False,True,4,{'wght'},1,False,False,False,3,False,False,False
Ponnala,['regular'],"['latin', 'telugu']",v3,2025-09-17,{'regular': 'https://fonts.gstatic.com/s/ponnala/v3/w8gaH2QxQOU08bbbrQ6t2F4OuOo.woff2'},display,webfonts#webfont,https://fonts.gstatic.com/s/ponnala/v3/w8gaH2QxQOU08bbbnQqn2Q.woff2,,,1741,2025,recent_12m,False,False,1,set(),0,False,False,False,2,False,False,False
Bytesized,['regular'],"['latin', 'latin-ext']",v1,2025-05-30,{'regular': 'https://fonts.gstatic.com/s/bytesized/v1/goksH6L8FkdnROln8XBTTkCjkP1Yog.woff2'},sans-serif,webfonts#webfont,https://fonts.gstatic.com/s/bytesized/v1/goksH6L8FkdnROln8XBjSkqi.woff2,,,1742,2025,older,False,False,1,set(),0,False,False,False,2,False,False,False
Playwrite ES,['regular'],['latin'],v11,2025-09-11,{'regular': 'https://fonts.gstatic.com/s/playwritees/v11/kJE0BuMK4Q07lDHc2Xp9uokSqcxzBZ2lDA.woff2'},handwriting,webfonts#webfont,https://fonts.gstatic.com/s/playwritees/v11/kJEhBuMK4Q07lDHc2Xp9uokIp-6D3QEGCpthmFOPJsbpAQ.woff2,"[{'tag': 'wght', 'start': 100, 'end': 400}]",,1743,2025,recent_12m,False,True,4,{'wght'},1,False,False,False,1,False,False,False
Linefont,['regular'],['latin'],v10,2025-09-17,{'regular': 'https://fonts.gstatic.com/s/linefont/v10/dg4m_pzpoqcLKUIzVetCpbglShon.woff2'},display,webfonts#webfont,https://fonts.gstatic.com/s/linefont/v10/dg4I_pzpoqcLKUIzVfFMh1TF2rkhli25jn7CKTTWSumsFuSnY4UMXu_nmA.woff2,"[{'tag': 'wdth', 'start': 25, 'end': 200}, {'tag': 'wght', 'start': 4, 'end': 1000}]",,1744,2025,recent_12m,False,True,10,"{'wdth', 'wght'}",2,True,False,False,1,False,False,False
Playpen Sans Thai,['regular'],"['emoji', 'latin', 'latin-ext', 'math', 'thai']",v8,2025-09-10,{'regular': 'https://fonts.gstatic.com/s/playpensansthai/v8/VdGEAYIdG5kSgHwmKT9wYu2rs0cBsvWDzr8C7vav.woff2'},handwriting,webfonts#webfont,https://fonts.gstatic.com/s/playpensansthai/v8/VdG3AYIdG5kSgHwmKT9wYu2rs0cBsu-N7E_aclWp2hxLghC_ohZB.woff2,"[{'tag': 'wght', 'start': 100, 'end': 800}]",,1745,2025,recent_12m,False,True,8,{'wght'},1,False,False,False,5,False,False,False
Noto Serif Makasar,['regular'],"['latin', 'latin-ext', 'makasar']",v1,2023-06-30,{'regular': 'https://fonts.gstatic.com/s/notoserifmakasar/v1/memjYbqtyH-NiZpFH_9zcvB_PqkfY9S7ioHTVSmevw.woff2'},serif,webfonts#webfont,https://fonts.gstatic.com/s/notoserifmakasar/v1/memjYbqtyH-NiZpFH_9zcvB_PqkfY9SLjovS.woff2,,,1746,2023,older,False,False,1,set(),0,False,False,False,3,False,False,False
Saira Stencil,"['regular', 'italic']","['latin', 'latin-ext', 'vietnamese']",v2,2026-04-02,"{'regular': 'https://fonts.gstatic.com/s/sairastencil/v2/8AtvGsqgM5eNT0-b9cD0X9C_qRryAzotGZY.woff2', 'italic': 'https://fonts.gstatic.com/s/sairastencil/v2/8AtxGsqgM5eNT0-b9cD0X9C_mR34AhgoCZYfpQ.woff2'}",display,webfonts#webfont,https://fonts.gstatic.com/s/sairastencil/v2/8AtJGsqgM5eNT0-b9cD0X9C_sxTQ79q9upASpLCMHu5jNWGXvaZKLoB0PzmYBkpB.woff2,"[{'tag': 'wdth', 'start': 50, 'end': 125}, {'tag': 'wght', 'start': 100, 'end': 900}]",,1747,2026,recent_12m,True,True,9,"{'wdth', 'wght'}",2,True,False,False,3,False,False,False
Noto Sans Mahajani,['regular'],"['latin', 'latin-ext', 'mahajani']",v20,2025-09-11,{'regular': 'https://fonts.gstatic.com/s/notosansmahajani/v20/-F6sfiVqLzI2JPCgQBnw60Agp0JrvD5FgsARHNh4zg.woff2'},sans-serif,webfonts#webfont,https://fonts.gstatic.com/s/notosansmahajani/v20/-F6sfiVqLzI2JPCgQBnw60Agp0JrvD51hsoQ.woff2,,,1748,2025,recent_12m,False,False,1,set(),0,False,False,False,3,False,False,False
Noto Sans Grantha,['regular'],"['grantha', 'latin', 'latin-ext']",v20,2025-09-16,{'regular': 'https://fonts.gstatic.com/s/notosansgrantha/v20/3y976akwcCjmsU8NDyrKo3IQfQ4o-r8ZFeulHc6N.woff2'},sans-serif,webfonts#webfont,https://fonts.gstatic.com/s/notosansgrantha/v20/3y976akwcCjmsU8NDyrKo3IQfQ4o-o8dH-o.woff2,,,1749,2025,recent_12m,False,False,1,set(),0,False,False,False,3,False,False,False
Noto Sans New Tai Lue,['regular'],"['latin', 'latin-ext', 'new-tai-lue']",v24,2025-09-02,{'regular': 'https://fonts.gstatic.com/s/notosansnewtailue/v24/H4c5BW-Pl9DZ0Xe_nHUapt7PovLXAhAnY7wwZp5O4AS32A.woff2'},sans-serif,webfonts#webfont,https://fonts.gstatic.com/s/notosansnewtailue/v24/H4cKBW-Pl9DZ0Xe_nHUapt7PovLXAhAnY7wqaLy-OJgU3p_pdeXAUUfqhQ.woff2,"[{'tag': 'wght', 'start': 400, 'end': 700}]",,1750,2025,recent_12m,False,True,4,{'wght'},1,False,False,False,3,False,False,False
Noto Sans Osage,['regular'],"['latin', 'latin-ext', 'osage']",v20,2026-01-20,{'regular': 'https://fonts.gstatic.com/s/notosansosage/v20/oPWX_kB6kP4jCuhpgEGmw4mtAVtXQ1aSxkrMCQ.woff2'},sans-serif,webfonts#webfont,https://fonts.gstatic.com/s/notosansosage/v20/oPWX_kB6kP4jCuhpgEGmw4mtAVtnR1yT.woff2,,,1751,2026,recent_12m,False,False,1,set(),0,False,False,False,3,False,False,False
Sirivennela,['regular'],"['latin', 'telugu']",v2,2025-08-26,{'regular': 'https://fonts.gstatic.com/s/sirivennela/v2/kmK5Zq0oHhbAYX-X6lgptg7diOFDtqtf.woff2'},sans-serif,webfonts#webfont,https://fonts.gstatic.com/s/sirivennela/v2/kmK5Zq0oHhbAYX-X6lgptj7ZguA.woff2,,,1752,2025,recent_12m,False,False,1,set(),0,False,False,False,2,False,False,False
Noto Sans Tifinagh,['regular'],"['latin', 'latin-ext', 'tifinagh']",v21,2025-09-10,{'regular': 'https://fonts.gstatic.com/s/notosanstifinagh/v21/I_uzMoCduATTei9eI8dawkHIwvmhCvbn77nEcXfs4Q.woff2'},sans-serif,webfonts#webfont,https://fonts.gstatic.com/s/notosanstifinagh/v21/I_uzMoCduATTei9eI8dawkHIwvmhCvbX67PF.woff2,,,1753,2025,recent_12m,False,False,1,set(),0,False,False,False,3,False,False,False
Playwrite PT,['regular'],['latin'],v10,2025-09-16,{'regular': 'https://fonts.gstatic.com/s/playwritept/v10/6NUR8FidKwOcfRjj8ukv5LgkzP9Fdty2ew.woff2'},handwriting,webfonts#webfont,https://fonts.gstatic.com/s/playwritept/v10/6NUE8FidKwOcfRjj8ukv5Lg-wt21rkAVfXUe9qDiffNnvw.woff2,"[{'tag': 'wght', 'start': 100, 'end': 400}]",,1754,2025,recent_12m,False,True,4,{'wght'},1,False,False,False,1,False,False,False
Playwrite AU VIC,['regular'],['latin'],v11,2025-09-16,{'regular': 'https://fonts.gstatic.com/s/playwriteauvic/v11/bWtj7enUfwn0Hf1zjprKOJdcDy8r3Q6XZgiClzY.woff2'},handwriting,webfonts#webfont,https://fonts.gstatic.com/s/playwriteauvic/v11/bWtu7enUfwn0Hf1zjprKOJdcDy8rxwC1ltAeNDAAd4fTaYK1AhM.woff2,"[{'tag': 'wght', 'start': 100, 'end': 400}]",,1755,2025,recent_12m,False,True,4,{'wght'},1,False,False,False,1,False,False,False
Noto Sans Avestan,['regular'],"['avestan', 'latin', 'latin-ext']",v22,2025-09-16,{'regular': 'https://fonts.gstatic.com/s/notosansavestan/v22/bWti7ejKfBziStx7lIzKOLQZKhIJkyu4SASLji8U.woff2'},sans-serif,webfonts#webfont,https://fonts.gstatic.com/s/notosansavestan/v22/bWti7ejKfBziStx7lIzKOLQZKhIJkxu8QgU.woff2,,,1756,2025,recent_12m,False,False,1,set(),0,False,False,False,3,False,False,False
Playwrite GB J,"['regular', 'italic']",['latin'],v11,2025-09-11,"{'regular': 'https://fonts.gstatic.com/s/playwritegbj/v11/k3kJo8wSPe9dzQ1UGbvobAPhY4KI2wv287Sb.woff2', 'italic': 'https://fonts.gstatic.com/s/playwritegbj/v11/k3kLo8wSPe9dzQ1UGbvobAPhY7KP0QrU9qSbAxY.woff2'}",handwriting,webfonts#webfont,https://fonts.gstatic.com/s/playwritegbj/v11/k3kEo8wSPe9dzQ1UGbvobAPhY5iG-fsubxedDheGdc93adTW.woff2,"[{'tag': 'wght', 'start': 100, 'end': 400}]",,1757,2025,recent_12m,True,True,4,{'wght'},1,False,False,False,1,False,False,False
Karla Tamil Upright,"['regular', '700']",['tamil'],v2,2024-10-29,"{'regular': 'https://fonts.gstatic.com/s/karlatamilupright/v2/IFS4HfVMk95HnY0u6SeQ_cHoozW_3U5XoBd9hK8kMK4.woff2', '700': 'https://fonts.gstatic.com/s/karlatamilupright/v2/IFS1HfVMk95HnY0u6SeQ_cHoozW_3U5XmK5SoKIPLKclE4o.woff2'}",sans-serif,webfonts#webfont,https://fonts.gstatic.com/s/karlatamilupright/v2/IFS4HfVMk95HnY0u6SeQ_cHoozW_3U5XkBN3hQ.woff2,,,1758,2024,older,False,False,2,set(),0,False,False,False,1,False,False,False
Noto Sans Old North Arabian,['regular'],"['latin', 'latin-ext', 'old-north-arabian']",v17,2025-09-11,{'regular': 'https://fonts.gstatic.com/s/notosansoldnortharabian/v17/esDF30BdNv-KYGGJpKGk2tNiMt7Jar6olZDyNdr81zBQnEo_xw4ABw.woff2'},sans-serif,webfonts#webfont,https://fonts.gstatic.com/s/notosansoldnortharabian/v17/esDF30BdNv-KYGGJpKGk2tNiMt7Jar6olZDyNdr81zBgmEA-.woff2,,,1759,2025,recent_12m,False,False,1,set(),0,False,False,False,3,False,False,False
Finlandica Text,"['regular', 'italic']","['cyrillic', 'cyrillic-ext', 'latin', 'latin-ext', 'vietnamese']",v1,2026-05-13,"{'regular': 'https://fonts.gstatic.com/s/finlandicatext/v1/raxlHiOKu9gNOnWPEc8NJGw_4z749BSYIL72WQ.woff2', 'italic': 'https://fonts.gstatic.com/s/finlandicatext/v1/raxnHiOKu9gNOnWPEc8NJGw_4z7I8x6ZArvmWUh2.woff2'}",sans-serif,webfonts#webfont,https://fonts.gstatic.com/s/finlandicatext/v1/raxqHiOKu9gNOnWPEc8NJGw_4z7i-jZo-CJVX0V3tSzqFkp8lw.woff2,"[{'tag': 'wght', 'start': 100, 'end': 900}]",,1760,2026,recent_12m,True,True,9,{'wght'},1,False,False,False,5,False,False,False
Playwrite VN,['regular'],['latin'],v11,2025-09-16,{'regular': 'https://fonts.gstatic.com/s/playwritevn/v11/mtG94_hXJqPSu8nf5RBY5i0w3Q6yHk9d8w.woff2'},handwriting,webfonts#webfont,https://fonts.gstatic.com/s/playwritevn/v11/mtGo4_hXJqPSu8nf5RBY5i0q0yxCxtP-9TFBNUI9I-5NPA.woff2,"[{'tag': 'wght', 'start': 100, 'end': 400}]",,1761,2025,recent_12m,False,True,4,{'wght'},1,False,False,False,1,False,False,False
Bitcount Grid Single Ink,['regular'],"['latin', 'latin-ext']",v2,2025-09-16,{'regular': 'https://fonts.gstatic.com/s/bitcountgridsingleink/v2/NaPLcYHeAOhfxZo1O_IA2ULZRJevZus_A5zQ3wkewNKKt36GpQ.woff2'},display,webfonts#webfont,https://fonts.gstatic.com/s/bitcountgridsingleink/v2/NaN4epOEK_VIyYAuIaZn7FnUAOSVYeI0Ctm5-AxV__OGadlXPkpqc2W3G80KvDvfZJcTBZtOWSEifRuVdQ9MPZtUsYBBEK6cMpFmAx9Xgbn8m7Ha_CUon9Fm0PP1zM05Dnsuyw04ZGzhvlKxYNMYWI3t91IQXOwJRiUJVTErJ5YUW4O8LJCoXjD9tXQjarshNDUf3e0O5j3ZjrZCu23Qd4G0EACUTNK-QKavMlx2IIUc.woff2,"[{'tag': 'CRSV', 'start': 0, 'end': 1}, {'tag': 'ELSH', 'start': 0, 'end': 100}, {'tag': 'ELXP', 'start': 0, 'end': 100}, {'tag': 'SZP1', 'start': 0, 'end': 100}, {'tag': 'SZP2', 'start': 0, 'end': 100}, {'tag': 'XPN1', 'start': -100, 'end': 100}, {'tag': 'XPN2', 'start': -100, 'end': 100}, {'tag': 'YPN1', 'start': -100, 'end': 100}, {'tag': 'YPN2', 'start': -100, 'end': 100}, {'tag': 'slnt', 'start': -8, 'end': 0}, {'tag': 'wght', 'start': 100, 'end': 900}]",['COLRv1'],1762,2025,recent_12m,False,True,9,"{'YPN1', 'CRSV', 'XPN2', 'YPN2', 'ELSH', 'SZP2', 'XPN1', 'wght', 'ELXP', 'slnt', 'SZP1'}",11,False,True,False,2,False,False,False
Exile,['regular'],"['latin', 'latin-ext']",v1,2025-05-13,{'regular': 'https://fonts.gstatic.com/s/exile/v1/pxiKyp0xqNtbjBsdHpT2dkNE.woff2'},display,webfonts#webfont,https://fonts.gstatic.com/s/exile/v1/pxiKyp0xqNtbjCsZFJU.woff2,,,1763,2025,older,False,False,1,set(),0,False,False,False,2,False,False,False
Playwrite HR Lijeva,['regular'],['latin'],v6,2025-09-11,{'regular': 'https://fonts.gstatic.com/s/playwritehrlijeva/v6/gNMYW2dhS5-p7HvxrBYiWN2SsKqLWCrYkj5iTWz5UGA.woff2'},handwriting,webfonts#webfont,https://fonts.gstatic.com/s/playwritehrlijeva/v6/gNMvW2dhS5-p7HvxrBYiWN2SsKqLWCrYiDBAvbRl82ZY0d4zBvaVwY4.woff2,"[{'tag': 'wght', 'start': 100, 'end': 400}]",,1764,2025,recent_12m,False,True,4,{'wght'},1,False,False,False,1,False,False,False
Noto Znamenny Musical Notation,['regular'],"['latin', 'latin-ext', 'math', 'symbols', 'znamenny']",v7,2025-06-09,{'regular': 'https://fonts.gstatic.com/s/notoznamennymusicalnotation/v7/CSRW4ylQnPyaDwAMK1U_AolTaJ4Lz41GcgaIZV9YO2rO88jvs5qqdoWa7g.woff2'},sans-serif,webfonts#webfont,https://fonts.gstatic.com/s/notoznamennymusicalnotation/v7/CSRW4ylQnPyaDwAMK1U_AolTaJ4Lz41GcgaIZV9YO2rO88jft5Cr.woff2,,['COLRv0'],1765,2025,older,False,False,1,set(),0,False,False,False,5,False,False,False
Betania Patmos,['regular'],"['latin', 'latin-ext']",v2,2026-02-17,{'regular': 'https://fonts.gstatic.com/s/betaniapatmos/v2/9oRXNYMTrDYnkuhOrHhyQracaunGNbEH8qpU.woff2'},handwriting,webfonts#webfont,https://fonts.gstatic.com/s/betaniapatmos/v2/9oRXNYMTrDYnkuhOrHhyQracatnCP7A.woff2,,,1766,2026,recent_12m,False,False,1,set(),0,False,False,False,2,False,False,False
Yuji Hentaigana Akari,['regular'],"['japanese', 'latin', 'latin-ext']",v14,2025-09-11,{'regular': 'https://fonts.gstatic.com/s/yujihentaiganaakari/v14/cY9bfiyVT0VB6QuhWKOrpr6z58lnb_zYFnLIQDzODYALaA.woff2'},handwriting,webfonts#webfont,https://fonts.gstatic.com/s/yujihentaiganaakari/v14/cY9bfiyVT0VB6QuhWKOrpr6z58lnb_zYFnL4RDbP.woff2,,,1767,2025,recent_12m,False,False,1,set(),0,False,False,False,3,False,False,False
Playwrite BE VLG,['regular'],['latin'],v6,2025-09-10,{'regular': 'https://fonts.gstatic.com/s/playwritebevlg/v6/GFDxWBdug3mQSvrAT9AL6fd4ZkB-cWUhatVBaGM.woff2'},handwriting,webfonts#webfont,https://fonts.gstatic.com/s/playwritebevlg/v6/GFD8WBdug3mQSvrAT9AL6fd4ZkB-a2sDmg3dy2W0blL8vMCNOC0.woff2,"[{'tag': 'wght', 'start': 100, 'end': 400}]",,1768,2025,recent_12m,False,True,4,{'wght'},1,False,False,False,1,False,False,False
Noto Traditional Nushu,['regular'],"['latin', 'latin-ext', 'nushu']",v23,2025-09-11,{'regular': 'https://fonts.gstatic.com/s/nototraditionalnushu/v23/SZco3EDkJ7q9FaoMPlmF4Su8hlIjoGh5aj67J0h1GNh6SYA.woff2'},sans-serif,webfonts#webfont,https://fonts.gstatic.com/s/nototraditionalnushu/v23/SZcV3EDkJ7q9FaoMPlmF4Su8hlIjoGh5aj67PUZX6ADm6oa8IXus1unOYbU.woff2,"[{'tag': 'wght', 'start': 300, 'end': 700}]",,1769,2025,recent_12m,False,True,5,{'wght'},1,False,False,False,3,False,False,False
Noto Sans Wancho,['regular'],"['latin', 'latin-ext', 'wancho']",v19,2026-01-20,{'regular': 'https://fonts.gstatic.com/s/notosanswancho/v19/zrf-0GXXyfn6Fs0lH9P4cUubP0GBqAbopiRfKp8.woff2'},sans-serif,webfonts#webfont,https://fonts.gstatic.com/s/notosanswancho/v19/zrf-0GXXyfn6Fs0lH9P4cUubP0GBmALipw.woff2,,,1770,2026,recent_12m,False,False,1,set(),0,False,False,False,3,False,False,False
Yuyu,['regular'],"['latin', 'latin-ext']",v1,2026-06-30,{'regular': 'https://fonts.gstatic.com/s/yuyu/v1/cY9Kfj2VT1Zd6UbuMt_L19g.woff2'},handwriting,webfonts#webfont,https://fonts.gstatic.com/s/yuyu/v1/cY9Kfj2VT1Zd2ULkMw.woff2,,,1771,2026,recent_12m,False,False,1,set(),0,False,False,False,2,False,False,False
Noto Sans Inscriptional Parthian,['regular'],"['inscriptional-parthian', 'latin', 'latin-ext']",v18,2025-09-05,{'regular': 'https://fonts.gstatic.com/s/notosansinscriptionalparthian/v18/k3k7o-IMPvpLmixcA63oYi-yStDkgXuXncL7dzfW3P4TAJ2yklBM2jNkLlLr.woff2'},sans-serif,webfonts#webfont,https://fonts.gstatic.com/s/notosansinscriptionalparthian/v18/k3k7o-IMPvpLmixcA63oYi-yStDkgXuXncL7dzfW3P4TAJ2ykmBI0DI.woff2,,,1772,2025,recent_12m,False,False,1,set(),0,False,False,False,3,False,False,False
Allkin,['regular'],['latin'],v10,2026-03-11,{'regular': 'https://fonts.gstatic.com/s/allkin/v10/ieV_2Y5KIGmGKpnzKHRuIUsGCA.woff2'},display,webfonts#webfont,https://fonts.gstatic.com/s/allkin/v10/ieV_2Y5KIGmGKpnDLH5v.woff2,,,1773,2026,recent_12m,False,False,1,set(),0,False,False,False,1,False,False,False
Noto Serif Gurmukhi,['regular'],"['gurmukhi', 'latin', 'latin-ext']",v22,2025-09-11,{'regular': 'https://fonts.gstatic.com/s/notoserifgurmukhi/v22/92zJtA9LNqsg7tCYlXdCV1VPnAEeDU0vNIgun_HLMEo.woff2'},serif,webfonts#webfont,https://fonts.gstatic.com/s/notoserifgurmukhi/v22/92z-tA9LNqsg7tCYlXdCV1VPnAEeDU0vLoYMbylXk0xTCr6-eSTMkKQ.woff2,"[{'tag': 'wght', 'start': 100, 'end': 900}]",,1774,2025,recent_12m,False,True,9,{'wght'},1,False,False,False,3,False,False,False
Jaini,['regular'],"['devanagari', 'latin', 'latin-ext']",v1,2025-05-30,{'regular': 'https://fonts.gstatic.com/s/jaini/v1/fC1vPYJMbGHQzEmLK-ZSUHyt.woff2'},display,webfonts#webfont,https://fonts.gstatic.com/s/jaini/v1/fC1vPYJMbGHQzHmPIec.woff2,,,1775,2025,older,False,False,1,set(),0,False,False,False,3,False,False,False
Yarndings 20 Charted,['regular'],"['latin', 'math', 'symbols']",v4,2025-09-17,{'regular': 'https://fonts.gstatic.com/s/yarndings20charted/v4/QldRNSdbpg0G8vh0W2qxe0l-hcUPtY2VaLQj4UTqz5V9.woff2'},display,webfonts#webfont,https://fonts.gstatic.com/s/yarndings20charted/v4/QldRNSdbpg0G8vh0W2qxe0l-hcUPtY2VaIQn60U.woff2,,,1776,2025,recent_12m,False,False,1,set(),0,False,False,False,3,False,False,False
Shafarik,['regular'],"['cyrillic', 'cyrillic-ext', 'glagolitic', 'latin', 'latin-ext']",v3,2025-05-30,{'regular': 'https://fonts.gstatic.com/s/shafarik/v3/RWmLoKaF7PojpZXlW52pbsHKqLkD.woff2'},display,webfonts#webfont,https://fonts.gstatic.com/s/shafarik/v3/RWmLoKaF7PojpZXlW62tZMA.woff2,,,1777,2025,older,False,False,1,set(),0,False,False,False,5,False,False,False
Finlandica Headline,"['regular', 'italic']","['cyrillic', 'cyrillic-ext', 'latin', 'latin-ext', 'vietnamese']",v1,2026-05-13,"{'regular': 'https://fonts.gstatic.com/s/finlandicaheadline/v1/6NUK8EeLLgyJawTu7-9ulKRhqLEtF7PLWmU08mCgdfM.woff2', 'italic': 'https://fonts.gstatic.com/s/finlandicaheadline/v1/6NUI8EeLLgyJawTu7-9ulKRhqLEtF7PLamI-80KlZfNfuw.woff2'}",sans-serif,webfonts#webfont,https://fonts.gstatic.com/s/finlandicaheadline/v1/6NU98EeLLgyJawTu7-9ulKRhqLEtF7PLQGsWArg81vVSulL-Gr0L9C0.woff2,"[{'tag': 'wght', 'start': 100, 'end': 900}]",,1778,2026,recent_12m,True,True,9,{'wght'},1,False,False,False,5,False,False,False
Noto Sans Lisu,['regular'],"['latin', 'latin-ext', 'lisu']",v27,2025-09-10,{'regular': 'https://fonts.gstatic.com/s/notosanslisu/v27/uk-6EGO3o6EruUbnwovcYhz6kgR13IpD7ZRl.woff2'},sans-serif,webfonts#webfont,https://fonts.gstatic.com/s/notosanslisu/v27/uk-3EGO3o6EruUbnwovcYhz6kh57_nqbcTdjJnHP2Vwd2tgk.woff2,"[{'tag': 'wght', 'start': 400, 'end': 700}]",,1779,2025,recent_12m,False,True,4,{'wght'},1,False,False,False,3,False,False,False
Jacquard 12 Charted,['regular'],"['latin', 'latin-ext', 'math', 'symbols']",v4,2025-09-17,{'regular': 'https://fonts.gstatic.com/s/jacquard12charted/v4/i7dWIE97bzCOB9Q_Up6PQmYfKDPIb2HwT3GtZ9jetKY.woff2'},display,webfonts#webfont,https://fonts.gstatic.com/s/jacquard12charted/v4/i7dWIE97bzCOB9Q_Up6PQmYfKDPIb2Hwf3WnZg.woff2,,,1780,2025,recent_12m,False,False,1,set(),0,False,False,False,4,False,False,False
Noto Serif Ottoman Siyaq,['regular'],"['latin', 'latin-ext', 'ottoman-siyaq-numbers']",v2,2025-05-30,{'regular': 'https://fonts.gstatic.com/s/notoserifottomansiyaq/v2/fC1yPZ9IYnzRhTrrc4s8cSvYI0eozzaFOQ01qoHLI7gA00kAdA.woff2'},serif,webfonts#webfont,https://fonts.gstatic.com/s/notoserifottomansiyaq/v2/fC1yPZ9IYnzRhTrrc4s8cSvYI0eozzaFOQ01qoH7J7IB.woff2,,,1781,2025,older,False,False,1,set(),0,False,False,False,3,False,False,False
Noto Sans Nabataean,['regular'],"['latin', 'latin-ext', 'nabataean']",v17,2025-09-08,{'regular': 'https://fonts.gstatic.com/s/notosansnabataean/v17/IFS4HfVJndhE3P4b5jnZ34DfsjO330dNoBd9hK8kMK4.woff2'},sans-serif,webfonts#webfont,https://fonts.gstatic.com/s/notosansnabataean/v17/IFS4HfVJndhE3P4b5jnZ34DfsjO330dNkBN3hQ.woff2,,,1782,2025,recent_12m,False,False,1,set(),0,False,False,False,3,False,False,False
Rubik Lines,['regular'],"['cyrillic', 'cyrillic-ext', 'hebrew', 'latin', 'latin-ext', 'math', 'symbols']",v1,2025-05-30,{'regular': 'https://fonts.gstatic.com/s/rubiklines/v1/_gP81R3vsjYzVW2Y6xFF-GS0YPp7oSNy.woff2'},display,webfonts#webfont,https://fonts.gstatic.com/s/rubiklines/v1/_gP81R3vsjYzVW2Y6xFF-FSwavs.woff2,,,1783,2025,older,False,False,1,set(),0,False,False,False,7,False,False,False
Warnes,['regular'],"['latin', 'latin-ext']",v29,2025-09-08,{'regular': 'https://fonts.gstatic.com/s/warnes/v29/pONn1hc0GsW6sW5OoyC2o6Lkqg.woff2'},display,webfonts#webfont,https://fonts.gstatic.com/s/warnes/v29/pONn1hc0GsW6sW5-pyq3.woff2,,,1784,2025,recent_12m,False,False,1,set(),0,False,False,False,2,False,False,False
Bitcount Grid Double Ink,['regular'],"['latin', 'latin-ext']",v2,2025-09-16,{'regular': 'https://fonts.gstatic.com/s/bitcountgriddoubleink/v2/55x_ez5tP8L0NH7JfsNC0tQY0fynXgYg-YY2JqgqcUYE1Ubx_A.woff2'},display,webfonts#webfont,https://fonts.gstatic.com/s/bitcountgriddoubleink/v2/55zMcCw3FN_jOGTSZJcl588VlZiMRBEu8MNfAa1hTmcIC-EgZzYwMlaO_awRPudtyc3Y6uQYyaHkeKGSq8TU4RVR7xpYN_MnWZejEGOGrT-NcapoFhvUOhVjLNJ2XCLrbMxtAR6SYY1mL-OvDnjOVsnRj34-p6VMvv549Lg7J4HRX7TqUxwskRMxVR7_3L-QRhDtbv8kM-EDNmBQr1-hsC1tMPJC0vkO2JhzR0_rFxpQ.woff2,"[{'tag': 'CRSV', 'start': 0, 'end': 1}, {'tag': 'ELSH', 'start': 0, 'end': 100}, {'tag': 'ELXP', 'start': 0, 'end': 100}, {'tag': 'SZP1', 'start': 0, 'end': 100}, {'tag': 'SZP2', 'start': 0, 'end': 100}, {'tag': 'XPN1', 'start': -100, 'end': 100}, {'tag': 'XPN2', 'start': -100, 'end': 100}, {'tag': 'YPN1', 'start': -100, 'end': 100}, {'tag': 'YPN2', 'start': -100, 'end': 100}, {'tag': 'slnt', 'start': -8, 'end': 0}, {'tag': 'wght', 'start': 100, 'end': 900}]",['COLRv1'],1785,2025,recent_12m,False,True,9,"{'YPN1', 'CRSV', 'XPN2', 'YPN2', 'ELSH', 'SZP2', 'XPN1', 'wght', 'ELXP', 'slnt', 'SZP1'}",11,False,True,False,2,False,False,False
Noto Sans Syloti Nagri,['regular'],"['latin', 'latin-ext', 'syloti-nagri']",v25,2025-09-05,{'regular': 'https://fonts.gstatic.com/s/notosanssylotinagri/v25/uU9eCAQZ75uhfF9UoWDRiY3q7Sf_VFV3m4dGFVLxN87gsj0.woff2'},sans-serif,webfonts#webfont,https://fonts.gstatic.com/s/notosanssylotinagri/v25/uU9eCAQZ75uhfF9UoWDRiY3q7Sf_VFV3m4dGJVb7Ng.woff2,,,1786,2025,recent_12m,False,False,1,set(),0,False,False,False,3,False,False,False
Yuyu Short,['regular'],"['latin', 'latin-ext']",v1,2026-06-30,{'regular': 'https://fonts.gstatic.com/s/yuyushort/v1/LDI3apKZLAsqA9YV6Px0M-aGXerPi7s.woff2'},handwriting,webfonts#webfont,https://fonts.gstatic.com/s/yuyushort/v1/LDI3apKZLAsqA9YV6Px0A-KMXA.woff2,,,1787,2026,recent_12m,False,False,1,set(),0,False,False,False,2,False,False,False
Playwrite DE LA,['regular'],['latin'],v11,2025-09-05,{'regular': 'https://fonts.gstatic.com/s/playwritedela/v11/oY1G8e3fprboJ2HN4ogXTpFVJ8Q5K32ZCGKRvA.woff2'},handwriting,webfonts#webfont,https://fonts.gstatic.com/s/playwritedela/v11/oY1J8e3fprboJ2HN4ogXTpFVJ8QjJV9p0P4yukst2FnqDgYogQ.woff2,"[{'tag': 'wght', 'start': 100, 'end': 400}]",,1788,2025,recent_12m,False,True,4,{'wght'},1,False,False,False,1,False,False,False
Bitcount Prop Double,['regular'],"['latin', 'latin-ext']",v3,2025-09-16,{'regular': 'https://fonts.gstatic.com/s/bitcountpropdouble/v3/K2FufY5Wn-tBSVxaDL6DUOXQJ26dEAnh68U9EoporSHH.woff2'},display,webfonts#webfont,https://fonts.gstatic.com/s/bitcountpropdouble/v3/K2EvfY5Wn-tBSVxaDL6DUOXQJ26dEAnh698zMFjGZaPCtbJHl1TFmDKfGe4_bKUh3sC1Q7DxZ5-3PQRHsSZEX9ctiFN1ZosZvKyl3LzeFmQvK5hIm0nBWck4Gx5_mg.woff2,"[{'tag': 'CRSV', 'start': 0, 'end': 1}, {'tag': 'ELSH', 'start': 0, 'end': 100}, {'tag': 'ELXP', 'start': 0, 'end': 100}, {'tag': 'slnt', 'start': -8, 'end': 0}, {'tag': 'wght', 'start': 100, 'end': 900}]",,1789,2025,recent_12m,False,True,9,"{'CRSV', 'ELSH', 'wght', 'ELXP', 'slnt'}",5,False,True,False,2,False,False,False
Noto Sans Brahmi,['regular'],"['brahmi', 'latin', 'latin-ext', 'math', 'symbols']",v20,2025-09-10,{'regular': 'https://fonts.gstatic.com/s/notosansbrahmi/v20/vEFK2-VODB8RrNDvZSUmQQIIByV18te1W77HtMo.woff2'},sans-serif,webfonts#webfont,https://fonts.gstatic.com/s/notosansbrahmi/v20/vEFK2-VODB8RrNDvZSUmQQIIByV1wtO_Wg.woff2,,,1790,2025,recent_12m,False,False,1,set(),0,False,False,False,5,False,False,False
Playwrite SK,['regular'],['latin'],v10,2025-09-02,{'regular': 'https://fonts.gstatic.com/s/playwritesk/v10/9XUilJp0klrZDw3AZHcsJTBowZuqbi3ezg.woff2'},handwriting,webfonts#webfont,https://fonts.gstatic.com/s/playwritesk/v10/9XU3lJp0klrZDw3AZHcsJTByz7latrF9yDIlf-2cjsK5dQ.woff2,"[{'tag': 'wght', 'start': 100, 'end': 400}]",,1791,2025,recent_12m,False,True,4,{'wght'},1,False,False,False,1,False,False,False
Tuffy,"['regular', 'italic', '700', '700italic']","['cyrillic', 'cyrillic-ext', 'greek', 'greek-ext', 'latin', 'latin-ext', 'phoenician']",v1,2025-04-23,"{'regular': 'https://fonts.gstatic.com/s/tuffy/v1/1q2IY56bHkJl7rx2F4xmyfYe.woff2', 'italic': 'https://fonts.gstatic.com/s/tuffy/v1/1q2GY56bHkJl7oxxHY1EzOYenEU.woff2', '700': 'https://fonts.gstatic.com/s/tuffy/v1/1q2FY56bHkJl7oTPOKhr4uoXhVzg.woff2', '700italic': 'https://fonts.gstatic.com/s/tuffy/v1/1q2DY56bHkJl7oxxJTRr6Os1gEzgZoQ.woff2'}",sans-serif,webfonts#webfont,https://fonts.gstatic.com/s/tuffy/v1/1q2IY56bHkJl7oxyHY0.woff2,,,1792,2025,older,True,False,2,set(),0,False,False,False,7,False,False,False
Noto Serif Khitan Small Script,['regular'],"['khitan-small-script', 'latin', 'latin-ext']",v4,2025-05-30,{'regular': 'https://fonts.gstatic.com/s/notoserifkhitansmallscript/v4/jizzRFVKsm4Bt9PrbSzC4KLlQUF5lRJg5j-l5PvyhfTdd4TsYslb39iddA.woff2'},serif,webfonts#webfont,https://fonts.gstatic.com/s/notoserifkhitansmallscript/v4/jizzRFVKsm4Bt9PrbSzC4KLlQUF5lRJg5j-l5PvyhfTdd4TcZsNa.woff2,,,1793,2025,older,False,False,1,set(),0,False,False,False,3,False,False,False
Rubik Storm,['regular'],"['cyrillic', 'cyrillic-ext', 'hebrew', 'latin', 'latin-ext']",v1,2025-05-30,{'regular': 'https://fonts.gstatic.com/s/rubikstorm/v1/eLGYP-_uPgO5Ag7ju9JaouL4T2Xh9NQk.woff2'},display,webfonts#webfont,https://fonts.gstatic.com/s/rubikstorm/v1/eLGYP-_uPgO5Ag7ju9JaotL8RWQ.woff2,,,1794,2025,older,False,False,1,set(),0,False,False,False,5,False,False,False
Noto Sans Sundanese,['regular'],"['latin', 'latin-ext', 'sundanese']",v28,2025-09-11,{'regular': 'https://fonts.gstatic.com/s/notosanssundanese/v28/FwZH7_84xUkosG2xJo2gm7nFwSLQkdymsWeGP6kvdPA.woff2'},sans-serif,webfonts#webfont,https://fonts.gstatic.com/s/notosanssundanese/v28/FwZw7_84xUkosG2xJo2gm7nFwSLQkdymq2mkz3Gz1_b6ctxpNOHDgTo.woff2,"[{'tag': 'wght', 'start': 400, 'end': 700}]",,1795,2025,recent_12m,False,True,4,{'wght'},1,False,False,False,3,False,False,False
Edu AU VIC WA NT Arrows,['regular'],"['latin', 'latin-ext']",v4,2025-09-11,{'regular': 'https://fonts.gstatic.com/s/eduauvicwantarrows/v4/z7NEdQTteSlUDJZJAmUB9MuVbLPBjsrTFZLUbcLpaJmY0RIQ.woff2'},handwriting,webfonts#webfont,https://fonts.gstatic.com/s/eduauvicwantarrows/v4/z7N7dQTteSlUDJZJAmUB9MuVbLPBjsrTFZLUbdjnSmlATbEWXt5tAcvRTDM8.woff2,"[{'tag': 'wght', 'start': 400, 'end': 700}]",,1796,2025,recent_12m,False,True,4,{'wght'},1,False,False,False,2,False,False,False
Noto Sans Elbasan,['regular'],"['elbasan', 'latin', 'latin-ext']",v17,2025-09-11,{'regular': 'https://fonts.gstatic.com/s/notosanselbasan/v17/-F6rfiZqLzI2JPCgQBnw400qp1trvHdgre4dFcFh.woff2'},sans-serif,webfonts#webfont,https://fonts.gstatic.com/s/notosanselbasan/v17/-F6rfiZqLzI2JPCgQBnw400qp1trvEdkp-8.woff2,,,1797,2025,recent_12m,False,False,1,set(),0,False,False,False,3,False,False,False
Noto Sans Newa,['regular'],"['latin', 'latin-ext', 'newa']",v18,2026-01-20,{'regular': 'https://fonts.gstatic.com/s/notosansnewa/v18/7r3fqXp6utEsO9pI4f8ok8sWg8n6qN4R5lNU.woff2'},sans-serif,webfonts#webfont,https://fonts.gstatic.com/s/notosansnewa/v18/7r3fqXp6utEsO9pI4f8ok8sWg_n-ot8.woff2,,,1798,2026,recent_12m,False,False,1,set(),0,False,False,False,3,False,False,False
Playwrite NZ,['regular'],['latin'],v12,2026-01-28,{'regular': 'https://fonts.gstatic.com/s/playwritenz/v12/d6lPkaOxRsyr_zZDmUYvh2TM0vJgjmRpOA.woff2'},handwriting,webfonts#webfont,https://fonts.gstatic.com/s/playwritenz/v12/d6lakaOxRsyr_zZDmUYvh2TW3NCQVvjKPjPjngAUSRpzgQ.woff2,"[{'tag': 'wght', 'start': 100, 'end': 400}]",,1799,2026,recent_12m,False,True,4,{'wght'},1,False,False,False,1,False,False,False
Bitcount Prop Single Ink,['regular'],"['latin', 'latin-ext']",v4,2025-09-16,{'regular': 'https://fonts.gstatic.com/s/bitcountpropsingleink/v4/wXK4E2YTrpM-pUnBg3-sd4tavSRa27--66omsDmF6VUIszQijA.woff2'},display,webfonts#webfont,https://fonts.gstatic.com/s/bitcountpropsingleink/v4/wXILGHRJhY4pqVPamSvcVZZF7Vdg3La14u9PlzzO1nQEbZPzF-4gWjUKyDXV8KJN2EmG9tnR1UwPVIktRU7KfRvK49YKhcKoqpd0qENrktXGo3hmFUX9oJiQ_cI3D53uhksE9rntl1PkS1IjdhAg77zMwnnLO7zJ5bZKR5MO8LRFFwWr-XrNplyw2CuD3tEnNissrzK7ZCnsz5HReNrx9v6MX009gC5TFm4u37DzRWmI.woff2,"[{'tag': 'CRSV', 'start': 0, 'end': 1}, {'tag': 'ELSH', 'start': 0, 'end': 100}, {'tag': 'ELXP', 'start': 0, 'end': 100}, {'tag': 'SZP1', 'start': 0, 'end': 100}, {'tag': 'SZP2', 'start': 0, 'end': 100}, {'tag': 'XPN1', 'start': -100, 'end': 100}, {'tag': 'XPN2', 'start': -100, 'end': 100}, {'tag': 'YPN1', 'start': -100, 'end': 100}, {'tag': 'YPN2', 'start': -100, 'end': 100}, {'tag': 'slnt', 'start': -8, 'end': 0}, {'tag': 'wght', 'start': 100, 'end': 900}]",['COLRv1'],1800,2025,recent_12m,False,True,9,"{'YPN1', 'CRSV', 'XPN2', 'YPN2', 'ELSH', 'SZP2', 'XPN1', 'wght', 'ELXP', 'slnt', 'SZP1'}",11,False,True,False,2,False,False,False
Noto Sans Khojki,['regular'],"['khojki', 'latin', 'latin-ext']",v20,2025-09-08,{'regular': 'https://fonts.gstatic.com/s/notosanskhojki/v20/-nFnOHM29Oofr2wohFbTuPPKVWpmK_J709jy92k.woff2'},sans-serif,webfonts#webfont,https://fonts.gstatic.com/s/notosanskhojki/v20/-nFnOHM29Oofr2wohFbTuPPKVWpmG_Zx0g.woff2,,,1801,2025,recent_12m,False,False,1,set(),0,False,False,False,3,False,False,False
Noto Sans Cuneiform,['regular'],"['cuneiform', 'latin', 'latin-ext']",v18,2025-09-16,{'regular': 'https://fonts.gstatic.com/s/notosanscuneiform/v18/bMrrmTWK7YY-MF22aHGGd7H8PhJtvBDWgbpJlRQueeQ.woff2'},sans-serif,webfonts#webfont,https://fonts.gstatic.com/s/notosanscuneiform/v18/bMrrmTWK7YY-MF22aHGGd7H8PhJtvBDWsb5DlA.woff2,,,1802,2025,recent_12m,False,False,1,set(),0,False,False,False,3,False,False,False
Noto Sans Meroitic,['regular'],"['latin', 'latin-ext', 'meroitic', 'meroitic-cursive', 'meroitic-hieroglyphs']",v19,2025-09-05,{'regular': 'https://fonts.gstatic.com/s/notosansmeroitic/v19/IFS5HfRJndhE3P4b5jnZ3ITPvC6i00UDhThTiKY9KQ.woff2'},sans-serif,webfonts#webfont,https://fonts.gstatic.com/s/notosansmeroitic/v19/IFS5HfRJndhE3P4b5jnZ3ITPvC6i00UzgTJS.woff2,,,1803,2025,recent_12m,False,False,1,set(),0,False,False,False,5,False,False,False
Maname,['regular'],"['latin', 'latin-ext', 'sinhala', 'vietnamese']",v2,2025-05-30,{'regular': 'https://fonts.gstatic.com/s/maname/v2/gNMFW3J8RpCx9my43VkGGI6q_Q.woff2'},serif,webfonts#webfont,https://fonts.gstatic.com/s/maname/v2/gNMFW3J8RpCx9myI2VMH.woff2,,,1804,2025,older,False,False,1,set(),0,False,False,False,4,False,False,False
Noto Sans Indic Siyaq Numbers,['regular'],"['indic-siyaq-numbers', 'latin', 'latin-ext']",v17,2025-09-05,{'regular': 'https://fonts.gstatic.com/s/notosansindicsiyaqnumbers/v17/6xK5dTJFKcWIu4bpRBjRZRpsIYHabOeZ8UZLubTzpXNHKx2TPOpVd5Iu.woff2'},sans-serif,webfonts#webfont,https://fonts.gstatic.com/s/notosansindicsiyaqnumbers/v17/6xK5dTJFKcWIu4bpRBjRZRpsIYHabOeZ8UZLubTzpXNHKy2XNus.woff2,,,1805,2025,recent_12m,False,False,1,set(),0,False,False,False,3,False,False,False
Noto Sans Tai Le,['regular'],"['latin', 'latin-ext', 'tai-le']",v19,2026-01-20,{'regular': 'https://fonts.gstatic.com/s/notosanstaile/v19/vEFK2-VODB8RrNDvZSUmVxEATwR58te1W77HtMo.woff2'},sans-serif,webfonts#webfont,https://fonts.gstatic.com/s/notosanstaile/v19/vEFK2-VODB8RrNDvZSUmVxEATwR5wtO_Wg.woff2,,,1806,2026,recent_12m,False,False,1,set(),0,False,False,False,3,False,False,False
Edu NSW ACT Hand Pre,['regular'],"['latin', 'latin-ext']",v3,2025-09-10,{'regular': 'https://fonts.gstatic.com/s/edunswacthandpre/v3/kmKiZrI-ExGJWUmupHwGgw6Qw4svl-MsLjY1I8Gcw6Oi.woff2'},handwriting,webfonts#webfont,https://fonts.gstatic.com/s/edunswacthandpre/v3/kmKXZrI-ExGJWUmupHwGgw6Qw4svl-MsLiw7ATFEXwCkLE0ywWBat8Lf.woff2,"[{'tag': 'wght', 'start': 400, 'end': 700}]",,1807,2025,recent_12m,False,True,4,{'wght'},1,False,False,False,2,False,False,False
Noto Serif Old Uyghur,['regular'],"['latin', 'latin-ext', 'old-uyghur']",v5,2026-07-09,{'regular': 'https://fonts.gstatic.com/s/notoserifolduyghur/v5/v6-KGZbLJFKIhClqUYqXDiGnrVoFRCW6JdwnL-meF2yVgA.woff2'},serif,webfonts#webfont,https://fonts.gstatic.com/s/notoserifolduyghur/v5/v6-KGZbLJFKIhClqUYqXDiGnrVoFRCW6JdwXK-Of.woff2,,,1808,2026,recent_12m,False,False,1,set(),0,False,False,False,3,False,False,False
Playwrite NG Modern,['regular'],['latin'],v11,2025-09-11,{'regular': 'https://fonts.gstatic.com/s/playwritengmodern/v11/ijwJs4b2R9Qve5V5lNJb_yRhEfSep5NbDiyE2tKY2yY.woff2'},handwriting,webfonts#webfont,https://fonts.gstatic.com/s/playwritengmodern/v11/ijw-s4b2R9Qve5V5lNJb_yRhEfSep5NbFCKmKgoEeCA4V17tPDbj7mo.woff2,"[{'tag': 'wght', 'start': 100, 'end': 400}]",,1809,2025,recent_12m,False,True,4,{'wght'},1,False,False,False,1,False,False,False
Noto Sans Cham,['regular'],"['cham', 'latin', 'latin-ext']",v33,2025-09-16,{'regular': 'https://fonts.gstatic.com/s/notosanscham/v33/pe03MIySN5pO62Z5YkFyQb_bbv5vWVAgVol-.woff2'},sans-serif,webfonts#webfont,https://fonts.gstatic.com/s/notosanscham/v33/pe06MIySN5pO62Z5YkFyQb_bbuRhe6D4yip43qfcERwsvruz.woff2,"[{'tag': 'wght', 'start': 100, 'end': 900}]",,1810,2025,recent_12m,False,True,9,{'wght'},1,False,False,False,3,False,False,False
Noto Sans NKo Unjoined,['regular'],"['latin', 'latin-ext', 'nko']",v4,2025-09-08,{'regular': 'https://fonts.gstatic.com/s/notosansnkounjoined/v4/MCoCzBjx1d3VUhJFK9MYlNCXJ6VvqwGPz3szJu5jFqMvktM.woff2'},sans-serif,webfonts#webfont,https://fonts.gstatic.com/s/notosansnkounjoined/v4/MCo_zBjx1d3VUhJFK9MYlNCXJ6VvqwGPz3szPOBB5nuzMdWs0rvF2jEOz_8.woff2,"[{'tag': 'wght', 'start': 400, 'end': 700}]",,1811,2025,recent_12m,False,True,4,{'wght'},1,False,False,False,3,False,False,False
Padyakke Expanded One,['regular'],"['kannada', 'latin', 'latin-ext']",v8,2025-09-11,{'regular': 'https://fonts.gstatic.com/s/padyakkeexpandedone/v8/K2FvfY9El_tbR0JfHb6WWvrBaU6XAUvC4IAYPaRkpDjeoQ.woff2'},serif,webfonts#webfont,https://fonts.gstatic.com/s/padyakkeexpandedone/v8/K2FvfY9El_tbR0JfHb6WWvrBaU6XAUvC4IAoOa5l.woff2,,,1812,2025,recent_12m,False,False,1,set(),0,False,False,False,3,False,False,False
Noto Serif Hentaigana,['regular'],"['kana-extended', 'latin', 'latin-ext']",v17,2025-09-05,{'regular': 'https://fonts.gstatic.com/s/notoserifhentaigana/v17/uk-9EHi3o6EruUbj3pGaDj3siVARn-kqgu1ENlvLGR4V2g.woff2'},serif,webfonts#webfont,https://fonts.gstatic.com/s/notoserifhentaigana/v17/uk-OEHi3o6EruUbj3pGaDj3siVARn-kqgu1eOHk7wYK23O0hzowGmxATWQ.woff2,"[{'tag': 'wght', 'start': 200, 'end': 900}]",,1813,2025,recent_12m,False,True,8,{'wght'},1,False,False,False,3,False,False,False
Playwrite ID,['regular'],['latin'],v11,2025-09-05,{'regular': 'https://fonts.gstatic.com/s/playwriteid/v11/Cn-xJt2YWhlY2oC4KxifKQJ8oPghQ3eplw.woff2'},handwriting,webfonts#webfont,https://fonts.gstatic.com/s/playwriteid/v11/Cn-kJt2YWhlY2oC4KxifKQJmrtrRm-sKkQqUl0-RN_NRFw.woff2,"[{'tag': 'wght', 'start': 100, 'end': 400}]",,1814,2025,recent_12m,False,True,4,{'wght'},1,False,False,False,1,False,False,False
Noto Serif NP Hmong,['regular'],"['latin', 'nyiakeng-puachue-hmong']",v5,2025-09-08,{'regular': 'https://fonts.gstatic.com/s/notoserifnphmong/v5/pON61gItFMO79E4L1GPUi-2sixKHZyFj7pKYDHDLnAo.woff2'},serif,webfonts#webfont,https://fonts.gstatic.com/s/notoserifnphmong/v5/pONN1gItFMO79E4L1GPUi-2sixKHZyFj9Jy6_KhXPwzdvbjPhGLo1Ow.woff2,"[{'tag': 'wght', 'start': 400, 'end': 700}]",,1815,2025,recent_12m,False,True,4,{'wght'},1,False,False,False,2,False,False,False
Playwrite TZ,['regular'],['latin'],v11,2025-09-10,{'regular': 'https://fonts.gstatic.com/s/playwritetz/v11/RLp4K5rs6au7bzABmVQAOwnOYNM8t6g3VQ.woff2'},handwriting,webfonts#webfont,https://fonts.gstatic.com/s/playwritetz/v11/RLptK5rs6au7bzABmVQAOwnUbvHMbzSUU27JDWwTiexIOg.woff2,"[{'tag': 'wght', 'start': 100, 'end': 400}]",,1816,2025,recent_12m,False,True,4,{'wght'},1,False,False,False,1,False,False,False
Matangi,['regular'],"['devanagari', 'latin', 'latin-ext']",v5,2025-08-26,{'regular': 'https://fonts.gstatic.com/s/matangi/v5/kmK9ZqE2FhDIeX2QpDhv0ybZuuQ.woff2'},sans-serif,webfonts#webfont,https://fonts.gstatic.com/s/matangi/v5/kmKiZqE2FhDIeX2QvjZNI_5FGeJet7OWCAYxKcA.woff2,"[{'tag': 'wght', 'start': 300, 'end': 900}]",,1817,2025,recent_12m,False,True,7,{'wght'},1,False,False,False,3,False,False,False
Micro 5 Charted,['regular'],"['latin', 'latin-ext', 'math', 'symbols']",v2,2025-05-30,{'regular': 'https://fonts.gstatic.com/s/micro5charted/v2/hESp6XxmPDtTtADZhn7oD_yrmxEGQEsJQAlbUA.woff2'},display,webfonts#webfont,https://fonts.gstatic.com/s/micro5charted/v2/hESp6XxmPDtTtADZhn7oD_yrmxE2REEI.woff2,,,1818,2025,older,False,False,1,set(),0,False,False,False,4,False,False,False
Noto Serif Todhri,['regular'],"['latin', 'latin-ext', 'todhri']",v3,2025-01-23,{'regular': 'https://fonts.gstatic.com/s/notoseriftodhri/v3/dFalZeyY-aYz1YVbjMoBWml1nBz7N3B3X6n0fnNk.woff2'},serif,webfonts#webfont,https://fonts.gstatic.com/s/notoseriftodhri/v3/dFalZeyY-aYz1YVbjMoBWml1nBz7N0BzVag.woff2,,,1819,2025,older,False,False,1,set(),0,False,False,False,3,False,False,False
Libertinus Keyboard,['regular'],"['latin', 'latin-ext']",v2,2025-08-26,{'regular': 'https://fonts.gstatic.com/s/libertinuskeyboard/v2/NaPEcYrQAP5Z2JsyIac0i2DYHaapaf43RrmztWo_3fk.woff2'},display,webfonts#webfont,https://fonts.gstatic.com/s/libertinuskeyboard/v2/NaPEcYrQAP5Z2JsyIac0i2DYHaapaf43dr25tA.woff2,,,1820,2025,recent_12m,False,False,1,set(),0,False,False,False,2,False,False,False
Playwrite CZ,['regular'],['latin'],v6,2025-09-05,{'regular': 'https://fonts.gstatic.com/s/playwritecz/v6/8vIP7wYp22pt_BUChSHeVxx_Ntf08h-8bA.woff2'},handwriting,webfonts#webfont,https://fonts.gstatic.com/s/playwritecz/v6/8vIa7wYp22pt_BUChSHeVxxlOPUEKoMfap_FCI4bfqX1Vw.woff2,"[{'tag': 'wght', 'start': 100, 'end': 400}]",,1821,2025,recent_12m,False,True,4,{'wght'},1,False,False,False,1,False,False,False
Wavefont,['regular'],['latin'],v19,2025-09-17,{'regular': 'https://fonts.gstatic.com/s/wavefont/v19/L0x-DF00m0cP6hefyPqnZyxEimK3.woff2'},display,webfonts#webfont,https://fonts.gstatic.com/s/wavefont/v19/L0xFDF00m0cP6hefyOCpRezQNuizSrqDyx8FHbFu21B3L4m0SEzuQYwq-f_JJ8I1WI3V04DGVqo.woff2,"[{'tag': 'ROND', 'start': 0, 'end': 100}, {'tag': 'YELA', 'start': -100, 'end': 100}, {'tag': 'wght', 'start': 4, 'end': 1000}]",,1822,2025,recent_12m,False,True,10,"{'YELA', 'wght', 'ROND'}",3,False,False,False,1,False,False,False
Kay Pho Du,"['regular', '500', '600', '700']","['kayah-li', 'latin', 'latin-ext']",v2,2025-05-30,"{'regular': 'https://fonts.gstatic.com/s/kayphodu/v2/jizfREFPvGNOx-jhPwHR4OynLD0Z4zM.woff2', '500': 'https://fonts.gstatic.com/s/kayphodu/v2/jizcREFPvGNOx-jhPwHR2B2OCDAy_zoyk18.woff2', '600': 'https://fonts.gstatic.com/s/kayphodu/v2/jizcREFPvGNOx-jhPwHR2DGJCDAy_zoyk18.woff2', '700': 'https://fonts.gstatic.com/s/kayphodu/v2/jizcREFPvGNOx-jhPwHR2FWICDAy_zoyk18.woff2'}",serif,webfonts#webfont,https://fonts.gstatic.com/s/kayphodu/v2/jizfREFPvGNOx-jhPwHR0OitLQ.woff2,,,1823,2025,older,False,False,4,set(),0,False,False,False,3,False,False,False
Noto Sans Imperial Aramaic,['regular'],"['imperial-aramaic', 'latin', 'latin-ext']",v18,2025-09-05,{'regular': 'https://fonts.gstatic.com/s/notosansimperialaramaic/v18/a8IMNpjwKmHXpgXbMIsbTc_kvks91LlLetBr5itQrtdjl3YfPNno.woff2'},sans-serif,webfonts#webfont,https://fonts.gstatic.com/s/notosansimperialaramaic/v18/a8IMNpjwKmHXpgXbMIsbTc_kvks91LlLetBr5itQrudnnXc.woff2,,,1824,2025,recent_12m,False,False,1,set(),0,False,False,False,3,False,False,False
Playwrite CO Guides,['regular'],['latin'],v5,2025-05-30,{'regular': 'https://fonts.gstatic.com/s/playwritecoguides/v5/AYCXpWvtftIVXepC5AzjAx1KgYPugOK0TqlTJw_GOM0.woff2'},handwriting,webfonts#webfont,https://fonts.gstatic.com/s/playwritecoguides/v5/AYCXpWvtftIVXepC5AzjAx1KgYPugOK0fq1ZJg.woff2,,,1825,2025,older,False,False,1,set(),0,False,False,False,1,False,False,False
Playwrite CL,['regular'],['latin'],v6,2025-09-02,{'regular': 'https://fonts.gstatic.com/s/playwritecl/v6/-zki91m7wssz_XLkGgu8hy33pJX-Xup87g.woff2'},handwriting,webfonts#webfont,https://fonts.gstatic.com/s/playwritecl/v6/-zk391m7wssz_XLkGgu8hy3tqrcOhnbf6ForU8JajLu9Dg.woff2,"[{'tag': 'wght', 'start': 100, 'end': 400}]",,1826,2025,recent_12m,False,True,4,{'wght'},1,False,False,False,1,False,False,False
Noto Sans Buginese,['regular'],"['buginese', 'latin', 'latin-ext']",v21,2026-01-20,{'regular': 'https://fonts.gstatic.com/s/notosansbuginese/v21/esDM30ldNv-KYGGJpKGk18phe_7Da6_gsPuEXLmNtw.woff2'},sans-serif,webfonts#webfont,https://fonts.gstatic.com/s/notosansbuginese/v21/esDM30ldNv-KYGGJpKGk18phe_7Da6_QtPGF.woff2,,,1827,2026,recent_12m,False,False,1,set(),0,False,False,False,3,False,False,False
Noto Serif Grantha,['regular'],"['grantha', 'latin', 'latin-ext']",v22,2025-09-11,{'regular': 'https://fonts.gstatic.com/s/notoserifgrantha/v22/qkBIXuEH5NzDDvc3fLDYxPk9-Wq3WLiqEUNLR7fHGw.woff2'},serif,webfonts#webfont,https://fonts.gstatic.com/s/notoserifgrantha/v22/qkBIXuEH5NzDDvc3fLDYxPk9-Wq3WLiaFUlK.woff2,,,1828,2025,recent_12m,False,False,1,set(),0,False,False,False,3,False,False,False
Noto Sans Old South Arabian,['regular'],"['latin', 'latin-ext', 'old-south-arabian']",v17,2025-09-16,{'regular': 'https://fonts.gstatic.com/s/notosansoldsoutharabian/v17/3qT5oiOhnSyU8TNFIdhZTice3hB_HWKsEnF--0XCHiKx0etDT9HwTA.woff2'},sans-serif,webfonts#webfont,https://fonts.gstatic.com/s/notosansoldsoutharabian/v17/3qT5oiOhnSyU8TNFIdhZTice3hB_HWKsEnF--0XCHiKB1eFC.woff2,,,1829,2025,recent_12m,False,False,1,set(),0,False,False,False,3,False,False,False
Noto Sans Tamil Supplement,['regular'],"['latin', 'latin-ext', 'tamil-supplement']",v23,2025-09-17,{'regular': 'https://fonts.gstatic.com/s/notosanstamilsupplement/v23/DdTz78kEtnooLS5rXF1DaruiCd_bFp_Ph4sGcn7ax_vpAeMkeq1x.woff2'},sans-serif,webfonts#webfont,https://fonts.gstatic.com/s/notosanstamilsupplement/v23/DdTz78kEtnooLS5rXF1DaruiCd_bFp_Ph4sGcn7ax8vtC-I.woff2,,,1830,2025,recent_12m,False,False,1,set(),0,False,False,False,3,False,False,False
Noto Sans Inscriptional Pahlavi,['regular'],"['inscriptional-pahlavi', 'latin', 'latin-ext']",v18,2025-09-05,{'regular': 'https://fonts.gstatic.com/s/notosansinscriptionalpahlavi/v18/ll8UK3GaVDuxR-TEqFPIbsR79Xxz9WEKbwsjpz7VklYlC7FCVt-VOAYK0QA.woff2'},sans-serif,webfonts#webfont,https://fonts.gstatic.com/s/notosansinscriptionalpahlavi/v18/ll8UK3GaVDuxR-TEqFPIbsR79Xxz9WEKbwsjpz7VklYlC7FCZtufOQ.woff2,,,1831,2025,recent_12m,False,False,1,set(),0,False,False,False,3,False,False,False
Bpmf Iansui,['regular'],"['chinese-traditional', 'latin', 'latin-ext']",v6,2026-03-11,{'regular': 'https://fonts.gstatic.com/s/bpmfiansui/v6/yMJWMIp-dJTO0T8F_WnJPgh0oNFxW0Hz.woff2'},handwriting,webfonts#webfont,https://fonts.gstatic.com/s/bpmfiansui/v6/yMJWMIp-dJTO0T8F_WnJPjhwqtA.woff2,,,1832,2026,recent_12m,False,False,1,set(),0,False,False,False,3,False,False,False
Noto Sans Tai Tham,['regular'],"['latin', 'latin-ext', 'tai-tham']",v25,2025-09-16,{'regular': 'https://fonts.gstatic.com/s/notosanstaitham/v25/kJEuBv0U4hgtwxDUw2x9q7tbjLIfbPGdCKRlkJrUNw.woff2'},sans-serif,webfonts#webfont,https://fonts.gstatic.com/s/notosanstaitham/v25/kJEbBv0U4hgtwxDUw2x9q7tbjLIfbPGHBoaVSAZ3MdLJBCUbDgukyA.woff2,"[{'tag': 'wght', 'start': 400, 'end': 700}]",,1833,2025,recent_12m,False,True,4,{'wght'},1,False,False,False,3,False,False,False
Noto Sans Bhaiksuki,['regular'],"['bhaiksuki', 'latin', 'latin-ext']",v18,2025-09-16,{'regular': 'https://fonts.gstatic.com/s/notosansbhaiksuki/v18/UcC63EosKniBH4iELXATsSBWdvUHXxhj8rfUdU4wh9U.woff2'},sans-serif,webfonts#webfont,https://fonts.gstatic.com/s/notosansbhaiksuki/v18/UcC63EosKniBH4iELXATsSBWdvUHXxhjwrPedA.woff2,,,1834,2025,recent_12m,False,False,1,set(),0,False,False,False,3,False,False,False
Playwrite PE,['regular'],['latin'],v6,2025-09-05,{'regular': 'https://fonts.gstatic.com/s/playwritepe/v6/FwZc7-Amxlw-50y5PJugmImLoGm6_K7bkA.woff2'},handwriting,webfonts#webfont,https://fonts.gstatic.com/s/playwritepe/v6/FwZJ7-Amxlw-50y5PJugmImRrktKJDJ4lnesO2ltfPDPdw.woff2,"[{'tag': 'wght', 'start': 100, 'end': 400}]",,1835,2025,recent_12m,False,True,4,{'wght'},1,False,False,False,1,False,False,False
Noto Sans SignWriting,['regular'],"['latin', 'latin-ext', 'signwriting']",v5,2025-09-02,{'regular': 'https://fonts.gstatic.com/s/notosanssignwriting/v5/Noas6VX_wIWFbTTCrYmvy9A2UnkL-2SZAWiUFFCARYQemg.woff2'},sans-serif,webfonts#webfont,https://fonts.gstatic.com/s/notosanssignwriting/v5/Noas6VX_wIWFbTTCrYmvy9A2UnkL-2SZAWikEFqB.woff2,,,1836,2025,recent_12m,False,False,1,set(),0,False,False,False,3,False,False,False
Jacquard 24 Charted,['regular'],"['latin', 'latin-ext']",v5,2025-09-17,{'regular': 'https://fonts.gstatic.com/s/jacquard24charted/v5/mtGm4-dNK6HaudrE9VVKhENTsEXEYish0iFrMYJ_K-4.woff2'},display,webfonts#webfont,https://fonts.gstatic.com/s/jacquard24charted/v5/mtGm4-dNK6HaudrE9VVKhENTsEXEYish4iVhMA.woff2,,,1837,2025,recent_12m,False,False,1,set(),0,False,False,False,2,False,False,False
Playwrite CO,['regular'],['latin'],v13,2025-09-08,{'regular': 'https://fonts.gstatic.com/s/playwriteco/v13/0FlTVP2Hl1iH-fv2BH4kJkgB_NMOdS7sSg.woff2'},handwriting,webfonts#webfont,https://fonts.gstatic.com/s/playwriteco/v13/0FlGVP2Hl1iH-fv2BH4kJkgb8vH-rbJPTDqqx7ZIk-ZEEw.woff2,"[{'tag': 'wght', 'start': 100, 'end': 400}]",,1838,2025,recent_12m,False,True,4,{'wght'},1,False,False,False,1,False,False,False
Noto Sans Kawi,['regular'],"['kawi', 'latin', 'latin-ext']",v5,2025-09-11,{'regular': 'https://fonts.gstatic.com/s/notosanskawi/v5/92zMtBJLNqsg7tCciW0EPHNNh0xuTCFOFZUF.woff2'},sans-serif,webfonts#webfont,https://fonts.gstatic.com/s/notosanskawi/v5/92zBtBJLNqsg7tCciW0EPHNNh1ZgbtGWiTYDjvnK4AhWC55z.woff2,"[{'tag': 'wght', 'start': 400, 'end': 700}]",,1839,2025,recent_12m,False,True,4,{'wght'},1,False,False,False,3,False,False,False
Noto Sans Miao,['regular'],"['latin', 'latin-ext', 'miao']",v19,2026-01-20,{'regular': 'https://fonts.gstatic.com/s/notosansmiao/v19/Dxxz8jmXMW75w3OmoDXVV4zyZUjlUYVslLhx.woff2'},sans-serif,webfonts#webfont,https://fonts.gstatic.com/s/notosansmiao/v19/Dxxz8jmXMW75w3OmoDXVV4zyZXjhW4Q.woff2,,,1840,2026,recent_12m,False,False,1,set(),0,False,False,False,3,False,False,False
Noto Sans Mandaic,['regular'],"['latin', 'latin-ext', 'mandaic']",v18,2025-09-16,{'regular': 'https://fonts.gstatic.com/s/notosansmandaic/v18/cIfnMbdWt1w_HgCcilqhKQBo_OsMI5_F_gMk0izH.woff2'},sans-serif,webfonts#webfont,https://fonts.gstatic.com/s/notosansmandaic/v18/cIfnMbdWt1w_HgCcilqhKQBo_OsMI6_B9AI.woff2,,,1841,2025,recent_12m,False,False,1,set(),0,False,False,False,3,False,False,False
Playwrite ES Deco,['regular'],['latin'],v11,2025-09-16,{'regular': 'https://fonts.gstatic.com/s/playwriteesdeco/v11/7Aulp-g3kjKKGkePXEf2jxctfDxlvHk12-m9x2iC.woff2'},handwriting,webfonts#webfont,https://fonts.gstatic.com/s/playwriteesdeco/v11/7AuWp-g3kjKKGkePXEf2jxctfDxlvGM7-RllW8uEsjJ4yrdBOAVo.woff2,"[{'tag': 'wght', 'start': 100, 'end': 400}]",,1842,2025,recent_12m,False,True,4,{'wght'},1,False,False,False,1,False,False,False
Noto Sans Zanabazar Square,['regular'],"['latin', 'latin-ext', 'zanabazar-square']",v20,2025-09-16,{'regular': 'https://fonts.gstatic.com/s/notosanszanabazarsquare/v20/Cn-jJsuGWQxOjaGwMQ6fOicyxLBEMRfDtkzl4uagQtJ0OCEgN0Gc.woff2'},sans-serif,webfonts#webfont,https://fonts.gstatic.com/s/notosanszanabazarsquare/v20/Cn-jJsuGWQxOjaGwMQ6fOicyxLBEMRfDtkzl4uagQuJwMiA.woff2,,,1843,2025,recent_12m,False,False,1,set(),0,False,False,False,3,False,False,False
Edu QLD Hand,['regular'],"['latin', 'latin-ext', 'vietnamese']",v3,2025-09-11,{'regular': 'https://fonts.gstatic.com/s/eduqldhand/v3/d6lPkaOkTtjy2QhuzWtup1rM0vJgjmRpOA.woff2'},handwriting,webfonts#webfont,https://fonts.gstatic.com/s/eduqldhand/v3/d6lakaOkTtjy2QhuzWtup1rW3NCQVvjKPjPjngAUSRpzgQ.woff2,"[{'tag': 'wght', 'start': 400, 'end': 700}]",,1844,2025,recent_12m,False,True,4,{'wght'},1,False,False,False,3,False,False,False
Jersey 25 Charted,['regular'],"['latin', 'latin-ext']",v3,2025-09-17,{'regular': 'https://fonts.gstatic.com/s/jersey25charted/v3/6NUM8EWHIhCWbxOqtLkv94Rlu6EkGv2rUGQW93Cg.woff2'},display,webfonts#webfont,https://fonts.gstatic.com/s/jersey25charted/v3/6NUM8EWHIhCWbxOqtLkv94Rlu6EkGs2vWmU.woff2,,,1845,2025,recent_12m,False,False,1,set(),0,False,False,False,2,False,False,False
Playwrite BR,['regular'],['latin'],v11,2025-09-02,{'regular': 'https://fonts.gstatic.com/s/playwritebr/v11/kJE0BuMK4Q07lDHc2Xp9vYgSqcxzBZ2lDA.woff2'},handwriting,webfonts#webfont,https://fonts.gstatic.com/s/playwritebr/v11/kJEhBuMK4Q07lDHc2Xp9vYgIp-6D3QEGCpthmFOPJsbpAQ.woff2,"[{'tag': 'wght', 'start': 100, 'end': 400}]",,1846,2025,recent_12m,False,True,4,{'wght'},1,False,False,False,1,False,False,False
Noto Sans Chakma,['regular'],"['chakma', 'latin', 'latin-ext']",v19,2026-01-20,{'regular': 'https://fonts.gstatic.com/s/notosanschakma/v19/Y4GQYbJ8VTEp4t3MKJSMjg5OIzhi4J3TQhYBeYo.woff2'},sans-serif,webfonts#webfont,https://fonts.gstatic.com/s/notosanschakma/v19/Y4GQYbJ8VTEp4t3MKJSMjg5OIzhi0JnZQw.woff2,,,1847,2026,recent_12m,False,False,1,set(),0,False,False,False,3,False,False,False
Bpmf Zihi Kai Std,['regular'],"['chinese-traditional', 'latin', 'latin-ext']",v6,2026-03-11,{'regular': 'https://fonts.gstatic.com/s/bpmfzihikaistd/v6/9XU_lIdmjlbGWCXAeHssPRoh5OLaAgzD5SMtfj3e.woff2'},sans-serif,webfonts#webfont,https://fonts.gstatic.com/s/bpmfzihikaistd/v6/9XU_lIdmjlbGWCXAeHssPRoh5OLaAjzH7yI.woff2,,,1848,2026,recent_12m,False,False,1,set(),0,False,False,False,3,False,False,False
Noto Sans Sharada,['regular'],"['latin', 'latin-ext', 'sharada']",v18,2026-01-20,{'regular': 'https://fonts.gstatic.com/s/notosanssharada/v18/gok0H7rwAEdtF9N8-mdTGALG6p0kwoXOPOwr4H8a.woff2'},sans-serif,webfonts#webfont,https://fonts.gstatic.com/s/notosanssharada/v18/gok0H7rwAEdtF9N8-mdTGALG6p0kwrXKNu0.woff2,,,1849,2026,recent_12m,False,False,1,set(),0,False,False,False,3,False,False,False
Jersey 15 Charted,['regular'],"['latin', 'latin-ext']",v4,2025-09-17,{'regular': 'https://fonts.gstatic.com/s/jersey15charted/v4/nuFjD-rCQIjoVp1Sva2ToCTudGbLeRv9r2024gxi.woff2'},display,webfonts#webfont,https://fonts.gstatic.com/s/jersey15charted/v4/nuFjD-rCQIjoVp1Sva2ToCTudGbLeSv5pWw.woff2,,,1850,2025,recent_12m,False,False,1,set(),0,False,False,False,2,False,False,False
Noto Sans Hatran,['regular'],"['hatran', 'latin', 'latin-ext']",v17,2025-09-11,{'regular': 'https://fonts.gstatic.com/s/notosanshatran/v17/A2BBn4Ne0RgnVF3Lnko-0sOBIfL_mMo3r1nwzDs.woff2'},sans-serif,webfonts#webfont,https://fonts.gstatic.com/s/notosanshatran/v17/A2BBn4Ne0RgnVF3Lnko-0sOBIfL_qM49rg.woff2,,,1851,2025,recent_12m,False,False,1,set(),0,False,False,False,3,False,False,False
Noto Sans Ugaritic,['regular'],"['latin', 'latin-ext', 'ugaritic']",v17,2025-09-16,{'regular': 'https://fonts.gstatic.com/s/notosansugaritic/v17/3qTwoiqhnSyU8TNFIdhZVCwbjCpkAXXkNxoIkiazfg.woff2'},sans-serif,webfonts#webfont,https://fonts.gstatic.com/s/notosansugaritic/v17/3qTwoiqhnSyU8TNFIdhZVCwbjCpkAXXUMxAJ.woff2,,,1852,2025,recent_12m,False,False,1,set(),0,False,False,False,3,False,False,False
Noto Sans Sogdian,['regular'],"['latin', 'latin-ext', 'sogdian']",v17,2025-09-11,{'regular': 'https://fonts.gstatic.com/s/notosanssogdian/v17/taiQGn5iC4--qtsfi4Jp6eHPnfxQBo-7Pm6KHidM.woff2'},sans-serif,webfonts#webfont,https://fonts.gstatic.com/s/notosanssogdian/v17/taiQGn5iC4--qtsfi4Jp6eHPnfxQBr-_NG8.woff2,,,1853,2025,recent_12m,False,False,1,set(),0,False,False,False,3,False,False,False
Noto Sans Tagbanwa,['regular'],"['latin', 'latin-ext', 'tagbanwa']",v21,2026-01-20,{'regular': 'https://fonts.gstatic.com/s/notosanstagbanwa/v21/Y4GWYbB8VTEp4t3MKJSMmQdIKjRtt_nZQzQEaYpGoQ.woff2'},sans-serif,webfonts#webfont,https://fonts.gstatic.com/s/notosanstagbanwa/v21/Y4GWYbB8VTEp4t3MKJSMmQdIKjRtt_npRz4F.woff2,,,1854,2026,recent_12m,False,False,1,set(),0,False,False,False,3,False,False,False
Noto Sans Caucasian Albanian,['regular'],"['caucasian-albanian', 'latin', 'latin-ext']",v19,2025-09-16,{'regular': 'https://fonts.gstatic.com/s/notosanscaucasianalbanian/v19/nKKA-HM_FYFRJvXzVXaANsU0VzsAc46QGOkWytlTs-TXrYXmoVmRSZo.woff2'},sans-serif,webfonts#webfont,https://fonts.gstatic.com/s/notosanscaucasianalbanian/v19/nKKA-HM_FYFRJvXzVXaANsU0VzsAc46QGOkWytlTs-TXnYHsoA.woff2,,,1855,2025,recent_12m,False,False,1,set(),0,False,False,False,3,False,False,False
Noto Sans PhagsPa,['regular'],"['latin', 'latin-ext', 'math', 'phags-pa', 'symbols']",v24,2025-09-10,{'regular': 'https://fonts.gstatic.com/s/notosansphagspa/v24/XLY8IYr5bJNDGYxPGjyYbaEjwQR-LFlpYMYHGGeT.woff2'},sans-serif,webfonts#webfont,https://fonts.gstatic.com/s/notosansphagspa/v24/XLY8IYr5bJNDGYxPGjyYbaEjwQR-LGltasc.woff2,,,1856,2025,recent_12m,False,False,1,set(),0,False,False,False,5,False,False,False
Noto Sans Mayan Numerals,['regular'],"['latin', 'latin-ext', 'mayan-numerals']",v17,2025-09-11,{'regular': 'https://fonts.gstatic.com/s/notosansmayannumerals/v17/PlIuFk25O6RzLfvNNVSivR09_KqYMwvvDKYjfIiE7soo6eepYQ.woff2'},sans-serif,webfonts#webfont,https://fonts.gstatic.com/s/notosansmayannumerals/v17/PlIuFk25O6RzLfvNNVSivR09_KqYMwvvDKYjfIi06sAp.woff2,,,1857,2025,recent_12m,False,False,1,set(),0,False,False,False,3,False,False,False
Noto Sans Vai,['regular'],"['latin', 'latin-ext', 'vai']",v19,2026-01-20,{'regular': 'https://fonts.gstatic.com/s/notosansvai/v19/NaPecZTSBuhTirw6IaFn_UrURMHsDIRSfr0.woff2'},sans-serif,webfonts#webfont,https://fonts.gstatic.com/s/notosansvai/v19/NaPecZTSBuhTirw6IaFn_UrUdMXmDQ.woff2,,,1858,2026,recent_12m,False,False,1,set(),0,False,False,False,3,False,False,False
Noto Sans Deseret,['regular'],"['deseret', 'latin', 'latin-ext']",v18,2025-09-16,{'regular': 'https://fonts.gstatic.com/s/notosansdeseret/v18/MwQsbgPp1eKH6QsAVuFb9AZM6MMr2Vq4ZnJSZtQG.woff2'},sans-serif,webfonts#webfont,https://fonts.gstatic.com/s/notosansdeseret/v18/MwQsbgPp1eKH6QsAVuFb9AZM6MMr2Wq8bHM.woff2,,,1859,2025,recent_12m,False,False,1,set(),0,False,False,False,3,False,False,False
Noto Sans Linear B,['regular'],"['latin', 'latin-ext', 'linear-b']",v18,2025-09-11,{'regular': 'https://fonts.gstatic.com/s/notosanslinearb/v18/HhyJU4wt9vSgfHoORYOiXOckKNB737IV2RkFTq4EPw.woff2'},sans-serif,webfonts#webfont,https://fonts.gstatic.com/s/notosanslinearb/v18/HhyJU4wt9vSgfHoORYOiXOckKNB737Il3RME.woff2,,,1860,2025,recent_12m,False,False,1,set(),0,False,False,False,3,False,False,False
Pochaevsk,['regular'],"['cyrillic', 'cyrillic-ext', 'latin']",v5,2025-05-30,{'regular': 'https://fonts.gstatic.com/s/pochaevsk/v5/55xuey9_OdX_Om7ReYglpZd4-bnQKg.woff2'},display,webfonts#webfont,https://fonts.gstatic.com/s/pochaevsk/v5/55xuey9_OdX_Om7ReYgVoZ15.woff2,,,1861,2025,older,False,False,1,set(),0,False,False,False,3,False,False,False
Noto Sans Siddham,['regular'],"['latin', 'latin-ext', 'siddham']",v21,2025-09-10,{'regular': 'https://fonts.gstatic.com/s/notosanssiddham/v21/OZpZg-FwqiNLe9PELUikxTWDoCCeGqnYk3Ic92ZH.woff2'},sans-serif,webfonts#webfont,https://fonts.gstatic.com/s/notosanssiddham/v21/OZpZg-FwqiNLe9PELUikxTWDoCCeGpncmXM.woff2,,,1862,2025,recent_12m,False,False,1,set(),0,False,False,False,3,False,False,False
Noto Sans Tirhuta,['regular'],"['latin', 'latin-ext', 'tirhuta']",v17,2025-09-05,{'regular': 'https://fonts.gstatic.com/s/notosanstirhuta/v17/t5t6IQYRNJ6TWjahPR6X-M-apUyby7uDUBsTrn5P.woff2'},sans-serif,webfonts#webfont,https://fonts.gstatic.com/s/notosanstirhuta/v17/t5t6IQYRNJ6TWjahPR6X-M-apUyby4uHWho.woff2,,,1863,2025,recent_12m,False,False,1,set(),0,False,False,False,3,False,False,False
Yarndings 20,['regular'],"['latin', 'math', 'symbols']",v4,2025-09-17,{'regular': 'https://fonts.gstatic.com/s/yarndings20/v4/TuGWUVlkUohEQu8l7K8b-vNFAn80PMTK1w.woff2'},display,webfonts#webfont,https://fonts.gstatic.com/s/yarndings20/v4/TuGWUVlkUohEQu8l7K8b-vN1BnU1.woff2,,,1864,2025,recent_12m,False,False,1,set(),0,False,False,False,3,False,False,False
Noto Sans Nushu,['regular'],"['latin', 'latin-ext', 'nushu']",v20,2025-09-16,{'regular': 'https://fonts.gstatic.com/s/notosansnushu/v20/rnCw-xRQ3B7652emAbAe_Ai1IYaFXVAMArZKqQ.woff2'},sans-serif,webfonts#webfont,https://fonts.gstatic.com/s/notosansnushu/v20/rnCw-xRQ3B7652emAbAe_Ai1IYa1WVoN.woff2,,,1865,2025,recent_12m,False,False,1,set(),0,False,False,False,3,False,False,False
Alien Block,['regular'],"['latin', 'latin-ext']",v2,2026-06-08,{'regular': 'https://fonts.gstatic.com/s/alienblock/v2/JIA3UVFjdXpFsgA7S8BAOxOnPzUveSxy.woff2'},display,webfonts#webfont,https://fonts.gstatic.com/s/alienblock/v2/JIA3UVFjdXpFsgA7S8BAOyOjNTQ.woff2,,,1866,2026,recent_12m,False,False,1,set(),0,False,False,False,2,False,False,False
Noto Sans Rejang,['regular'],"['latin', 'latin-ext', 'rejang']",v23,2025-12-10,{'regular': 'https://fonts.gstatic.com/s/notosansrejang/v23/Ktk2AKuMeZjqPnXgyqrib7DIogqwN4a3WYZB_sU.woff2'},sans-serif,webfonts#webfont,https://fonts.gstatic.com/s/notosansrejang/v23/Ktk2AKuMeZjqPnXgyqrib7DIogqwB4K9WA.woff2,,,1867,2025,recent_12m,False,False,1,set(),0,False,False,False,3,False,False,False
Jacquarda Bastarda 9 Charted,['regular'],"['latin', 'latin-ext', 'math', 'symbols']",v4,2025-09-17,{'regular': 'https://fonts.gstatic.com/s/jacquardabastarda9charted/v4/Yq6D-KaMUyfq4qLgx19A_ocp43FeLd9m0vDxm-yf8JPuf0IPaL8pmQg.woff2'},display,webfonts#webfont,https://fonts.gstatic.com/s/jacquardabastarda9charted/v4/Yq6D-KaMUyfq4qLgx19A_ocp43FeLd9m0vDxm-yf8JPuT0YFaQ.woff2,,,1868,2025,recent_12m,False,False,1,set(),0,False,False,False,4,False,False,False
Noto Sans Bassa Vah,['regular'],"['bassa-vah', 'latin', 'latin-ext']",v21,2025-09-16,{'regular': 'https://fonts.gstatic.com/s/notosansbassavah/v21/PN_sRee-r3f7LnqsD5sax12gjZn7mBpL_4I2VNUQptE.woff2'},sans-serif,webfonts#webfont,https://fonts.gstatic.com/s/notosansbassavah/v21/PN_bRee-r3f7LnqsD5sax12gjZn7mBpL5YwUpA2MBdcFn4MaAf6o1Yk.woff2,"[{'tag': 'wght', 'start': 400, 'end': 700}]",,1869,2025,recent_12m,False,True,4,{'wght'},1,False,False,False,3,False,False,False
Playwrite AU VIC Guides,['regular'],['latin'],v1,2025-05-30,{'regular': 'https://fonts.gstatic.com/s/playwriteauvicguides/v1/ll8sK3mEVy6nEMXMskXIZv8owEdZpVIWaQEnuD6A2TpBa98q.woff2'},handwriting,webfonts#webfont,https://fonts.gstatic.com/s/playwriteauvicguides/v1/ll8sK3mEVy6nEMXMskXIZv8owEdZpVIWaQEnuA6E0zs.woff2,,,1870,2025,older,False,False,1,set(),0,False,False,False,1,False,False,False
Betania Patmos In,['regular'],"['latin', 'latin-ext']",v2,2026-02-17,{'regular': 'https://fonts.gstatic.com/s/betaniapatmosin/v2/t5t6IQYdPp6dFAyhcz3W2MuHvhmmxLuDUBsTrn5P.woff2'},handwriting,webfonts#webfont,https://fonts.gstatic.com/s/betaniapatmosin/v2/t5t6IQYdPp6dFAyhcz3W2MuHvhmmxIuHWho.woff2,,,1871,2026,recent_12m,False,False,1,set(),0,False,False,False,2,False,False,False
Playwrite IE Guides,['regular'],['latin'],v1,2025-05-30,{'regular': 'https://fonts.gstatic.com/s/playwriteieguides/v1/LhW5MULFNP8PI-1UADw_Kbp9daTx5ovUaN8jN9_8IVQ.woff2'},handwriting,webfonts#webfont,https://fonts.gstatic.com/s/playwriteieguides/v1/LhW5MULFNP8PI-1UADw_Kbp9daTx5ovUWNspNg.woff2,,,1872,2025,older,False,False,1,set(),0,False,False,False,1,False,False,False
Playwrite DE Grund Guides,['regular'],['latin'],v1,2025-05-30,{'regular': 'https://fonts.gstatic.com/s/playwritedegrundguides/v1/OD5RuNCQ02KrAHnha1L36CWcQ83dtK5BLxqexnduX9oTJlnjHAA.woff2'},handwriting,webfonts#webfont,https://fonts.gstatic.com/s/playwritedegrundguides/v1/OD5RuNCQ02KrAHnha1L36CWcQ83dtK5BLxqexndub94ZJw.woff2,,,1873,2025,older,False,False,1,set(),0,False,False,False,1,False,False,False
Noto Sans Gunjala Gondi,['regular'],"['gunjala-gondi', 'latin', 'latin-ext']",v21,2025-09-10,{'regular': 'https://fonts.gstatic.com/s/notosansgunjalagondi/v21/bWto7e7KfBziStx7lIzKPrcSMwcEnCv6DW7n5hcQXYMTK4q1.woff2'},sans-serif,webfonts#webfont,https://fonts.gstatic.com/s/notosansgunjalagondi/v21/bWtX7e7KfBziStx7lIzKPrcSMwcEnCv6DW7n5g0ef3PLtymzNxYL4YD04ZQu.woff2,"[{'tag': 'wght', 'start': 400, 'end': 700}]",,1874,2025,recent_12m,False,True,4,{'wght'},1,False,False,False,3,False,False,False
Noto Sans Cypriot,['regular'],"['cypriot', 'latin', 'latin-ext']",v20,2025-09-05,{'regular': 'https://fonts.gstatic.com/s/notosanscypriot/v20/8AtzGta9PYqQDjyp79a6f8Cj-3a3cxIpK5MPpahF.woff2'},sans-serif,webfonts#webfont,https://fonts.gstatic.com/s/notosanscypriot/v20/8AtzGta9PYqQDjyp79a6f8Cj-3a3cyItIZI.woff2,,,1875,2025,recent_12m,False,False,1,set(),0,False,False,False,3,False,False,False
Noto Sans Limbu,['regular'],"['latin', 'latin-ext', 'limbu']",v26,2025-09-05,{'regular': 'https://fonts.gstatic.com/s/notosanslimbu/v26/3JnlSDv90Gmq2mrzckOBBRRoNJVj1cF3OHRDnA.woff2'},sans-serif,webfonts#webfont,https://fonts.gstatic.com/s/notosanslimbu/v26/3JnlSDv90Gmq2mrzckOBBRRoNJVT0ct2.woff2,,,1876,2025,recent_12m,False,False,1,set(),0,False,False,False,3,False,False,False
Noto Sans Phoenician,['regular'],"['latin', 'latin-ext', 'phoenician']",v18,2025-09-11,{'regular': 'https://fonts.gstatic.com/s/notosansphoenician/v18/jizFRF9Ksm4Bt9PvcTaEkIHiTVtxmFtS5X7Mot-p5561.woff2'},sans-serif,webfonts#webfont,https://fonts.gstatic.com/s/notosansphoenician/v18/jizFRF9Ksm4Bt9PvcTaEkIHiTVtxmFtS5U7IqN4.woff2,,,1877,2025,recent_12m,False,False,1,set(),0,False,False,False,3,False,False,False
Jersey 20 Charted,['regular'],"['latin', 'latin-ext']",v4,2025-09-17,{'regular': 'https://fonts.gstatic.com/s/jersey20charted/v4/JTUNjJMy9DKq5FzVaj9tpgYgvHqGn_Zwji-rqnQ_.woff2'},display,webfonts#webfont,https://fonts.gstatic.com/s/jersey20charted/v4/JTUNjJMy9DKq5FzVaj9tpgYgvHqGn8Z0hC4.woff2,,,1878,2025,recent_12m,False,False,1,set(),0,False,False,False,2,False,False,False
Noto Sans Syriac Western,['regular'],"['latin', 'latin-ext', 'syriac']",v2,2025-10-29,{'regular': 'https://fonts.gstatic.com/s/notosanssyriacwestern/v2/ke82OhEEMVFsvCav8hWjbItd6Jf6MP7Z9spJZ6UXLqARIyH5IA.woff2'},sans-serif,webfonts#webfont,https://fonts.gstatic.com/s/notosanssyriacwestern/v2/ke8LOhEEMVFsvCav8hWjbItd6Jf6MP7Z9spJZ6UNIILh-71aJmOWEaw-b8qF2w.woff2,"[{'tag': 'wght', 'start': 100, 'end': 900}]",,1879,2025,recent_12m,False,True,9,{'wght'},1,False,False,False,3,False,False,False
Noto Sans Mro,['regular'],"['latin', 'latin-ext', 'mro']",v20,2026-01-20,{'regular': 'https://fonts.gstatic.com/s/notosansmro/v20/qWcsB6--pZv9TqnUQMhe9b39WDnRtjkho4M.woff2'},sans-serif,webfonts#webfont,https://fonts.gstatic.com/s/notosansmro/v20/qWcsB6--pZv9TqnUQMhe9b39aD3btw.woff2,,,1880,2026,recent_12m,False,False,1,set(),0,False,False,False,3,False,False,False
Betania Patmos In GDL,['regular'],"['latin', 'latin-ext']",v2,2026-02-17,{'regular': 'https://fonts.gstatic.com/s/betaniapatmosingdl/v2/va9Y4lzJyMBdF8kOQbYe5MWhMhe2GnyJ0wb2GFPMgLIQTg.woff2'},handwriting,webfonts#webfont,https://fonts.gstatic.com/s/betaniapatmosingdl/v2/va9Y4lzJyMBdF8kOQbYe5MWhMhe2GnyJ0wbGHFnN.woff2,,,1881,2026,recent_12m,False,False,1,set(),0,False,False,False,2,False,False,False
Playwrite US Trad Guides,['regular'],['latin'],v1,2025-05-30,{'regular': 'https://fonts.gstatic.com/s/playwriteustradguides/v1/-zk29027wssz_XLkGgu8kTL39c2bMssjmiZPNnk5mZCZAyrUdw.woff2'},handwriting,webfonts#webfont,https://fonts.gstatic.com/s/playwriteustradguides/v1/-zk29027wssz_XLkGgu8kTL39c2bMssjmiZPNnkJnZqY.woff2,,,1882,2025,older,False,False,1,set(),0,False,False,False,1,False,False,False
Kanchenjunga,"['regular', '500', '600', '700']","['kirat-rai', 'latin']",v2,2025-04-23,"{'regular': 'https://fonts.gstatic.com/s/kanchenjunga/v2/RWmPoKKd5fUmrILiWsjCI6TirIsGBGBzCw.woff2', '500': 'https://fonts.gstatic.com/s/kanchenjunga/v2/RWmQoKKd5fUmrILiWsjCI6TaXaIiCUtvAlaMKw.woff2', '600': 'https://fonts.gstatic.com/s/kanchenjunga/v2/RWmQoKKd5fUmrILiWsjCI6TacaUiCUtvAlaMKw.woff2', '700': 'https://fonts.gstatic.com/s/kanchenjunga/v2/RWmQoKKd5fUmrILiWsjCI6TaFaQiCUtvAlaMKw.woff2'}",sans-serif,webfonts#webfont,https://fonts.gstatic.com/s/kanchenjunga/v2/RWmPoKKd5fUmrILiWsjCI6TSqIEH.woff2,,,1883,2025,older,False,False,4,set(),0,False,False,False,2,False,False,False
Noto Sans Masaram Gondi,['regular'],"['latin', 'latin-ext', 'masaram-gondi']",v19,2026-01-20,{'regular': 'https://fonts.gstatic.com/s/notosansmasaramgondi/v19/6xK_dThFKcWIu4bpRBjRYRV7KZCbUq6n_1kPnuGb7RI9WSWX.woff2'},sans-serif,webfonts#webfont,https://fonts.gstatic.com/s/notosansmasaramgondi/v19/6xK_dThFKcWIu4bpRBjRYRV7KZCbUq6n_1kPntGf5xM.woff2,,,1884,2026,recent_12m,False,False,1,set(),0,False,False,False,3,False,False,False
Noto Sans Ogham,['regular'],"['latin', 'latin-ext', 'ogham']",v18,2025-09-05,{'regular': 'https://fonts.gstatic.com/s/notosansogham/v18/kmKlZqk1GBDGN0mY6k5lmEmww4hrsplaQxcoCA.woff2'},sans-serif,webfonts#webfont,https://fonts.gstatic.com/s/notosansogham/v18/kmKlZqk1GBDGN0mY6k5lmEmww4hbtpNb.woff2,,,1885,2025,recent_12m,False,False,1,set(),0,False,False,False,3,False,False,False
Yuji Hentaigana Akebono,['regular'],"['japanese', 'latin', 'latin-ext']",v15,2025-09-16,{'regular': 'https://fonts.gstatic.com/s/yujihentaiganaakebono/v15/EJRGQhkhRNwM-RtitGUwh930GU_f5KAlkuL0wQy4NKXRzrrF.woff2'},handwriting,webfonts#webfont,https://fonts.gstatic.com/s/yujihentaiganaakebono/v15/EJRGQhkhRNwM-RtitGUwh930GU_f5KAlkuL0wTy8PqQ.woff2,,,1886,2025,recent_12m,False,False,1,set(),0,False,False,False,3,False,False,False
Noto Sans Khudawadi,['regular'],"['khudawadi', 'latin', 'latin-ext']",v23,2025-09-11,{'regular': 'https://fonts.gstatic.com/s/notosanskhudawadi/v23/fdNi9t6ZsWBZ2k5ltHN73zZ5hc8HANlHIjFnVVXz9MY.woff2'},sans-serif,webfonts#webfont,https://fonts.gstatic.com/s/notosanskhudawadi/v23/fdNi9t6ZsWBZ2k5ltHN73zZ5hc8HANlHEjVtVA.woff2,,,1887,2025,recent_12m,False,False,1,set(),0,False,False,False,3,False,False,False
Idiqlat,"['200', '300', 'regular']","['latin', 'syriac']",v3,2026-05-13,"{'200': 'https://fonts.gstatic.com/s/idiqlat/v3/YA9Wr0ef50XNM6kiAOrKkiQqs7GtlvY.woff2', '300': 'https://fonts.gstatic.com/s/idiqlat/v3/YA9Wr0ef50XNM6kiAI7JkiQqs7GtlvY.woff2', 'regular': 'https://fonts.gstatic.com/s/idiqlat/v3/YA9Tr0ef50XNM6kiOCfhtikBr7g.woff2'}",serif,webfonts#webfont,https://fonts.gstatic.com/s/idiqlat/v3/YA9Tr0ef50XNM6kiCCPrtw.woff2,,,1888,2026,recent_12m,False,False,3,set(),0,False,False,False,2,False,False,False
Noto Sans Psalter Pahlavi,['regular'],"['latin', 'latin-ext', 'psalter-pahlavi']",v18,2025-09-10,{'regular': 'https://fonts.gstatic.com/s/notosanspsalterpahlavi/v18/rP2Vp3K65FkAtHfwd-eISGznYihzggmsicPfud3w1GjKsUQBct4.woff2'},sans-serif,webfonts#webfont,https://fonts.gstatic.com/s/notosanspsalterpahlavi/v18/rP2Vp3K65FkAtHfwd-eISGznYihzggmsicPfud3w5GzAsA.woff2,,,1889,2025,recent_12m,False,False,1,set(),0,False,False,False,3,False,False,False
Betania Patmos GDL,['regular'],"['latin', 'latin-ext']",v2,2026-02-17,{'regular': 'https://fonts.gstatic.com/s/betaniapatmosgdl/v2/-nFhOHE6_uoR4VYoynWSh_bKTCFIT7tx0vr352np3Q.woff2'},handwriting,webfonts#webfont,https://fonts.gstatic.com/s/betaniapatmosgdl/v2/-nFhOHE6_uoR4VYoynWSh_bKTCFIT7tB1vD2.woff2,,,1890,2026,recent_12m,False,False,1,set(),0,False,False,False,2,False,False,False
Playwrite PL Guides,['regular'],['latin'],v1,2025-05-30,{'regular': 'https://fonts.gstatic.com/s/playwriteplguides/v1/jVyW7m_lCm7G5CZyQCAu8mgkGLk-kmibWRjaRZ2Kw7A.woff2'},handwriting,webfonts#webfont,https://fonts.gstatic.com/s/playwriteplguides/v1/jVyW7m_lCm7G5CZyQCAu8mgkGLk-kmibaRzQRA.woff2,,,1891,2025,older,False,False,1,set(),0,False,False,False,1,False,False,False
Noto Sans Chorasmian,['regular'],"['chorasmian', 'latin', 'latin-ext', 'math', 'symbols']",v3,2024-01-26,{'regular': 'https://fonts.gstatic.com/s/notosanschorasmian/v3/MQpL-X6uKMC7ROPLwRnI9ULxK_7NVkf8S5v3oH7w4g9b.woff2'},sans-serif,webfonts#webfont,https://fonts.gstatic.com/s/notosanschorasmian/v3/MQpL-X6uKMC7ROPLwRnI9ULxK_7NVkf8S6vzqn8.woff2,,,1892,2024,older,False,False,1,set(),0,False,False,False,5,False,False,False
Playwrite PT Guides,['regular'],['latin'],v2,2025-05-30,{'regular': 'https://fonts.gstatic.com/s/playwriteptguides/v2/sJoY3K5JjdGLJV3vyatrMkupgg-kWTx5F5w90TZO69o.woff2'},handwriting,webfonts#webfont,https://fonts.gstatic.com/s/playwriteptguides/v2/sJoY3K5JjdGLJV3vyatrMkupgg-kWTx5J5g30A.woff2,,,1893,2025,older,False,False,1,set(),0,False,False,False,1,False,False,False
Playwrite PE Guides,['regular'],['latin'],v1,2025-05-30,{'regular': 'https://fonts.gstatic.com/s/playwritepeguides/v1/AMONz5uBsGadFuvf9j8ZyqI0FA3br70wwymAlqETME8.woff2'},handwriting,webfonts#webfont,https://fonts.gstatic.com/s/playwritepeguides/v1/AMONz5uBsGadFuvf9j8ZyqI0FA3br70w8y2Klw.woff2,,,1894,2025,older,False,False,1,set(),0,False,False,False,1,False,False,False
Playwrite GB J Guides,"['regular', 'italic']",['latin'],v2,2025-05-30,"{'regular': 'https://fonts.gstatic.com/s/playwritegbjguides/v2/CSRh4yJOn-mMWCgLPl16K6UKAvM5yY1BdhmILhooUh-_nQ.woff2', 'italic': 'https://fonts.gstatic.com/s/playwritegbjguides/v2/CSRv4yJOn-mMWCgLPl16K6UKAvM5yY1Bdhm4KRApcBqvnb7O.woff2'}",handwriting,webfonts#webfont,https://fonts.gstatic.com/s/playwritegbjguides/v2/CSRh4yJOn-mMWCgLPl16K6UKAvM5yY1Bdhm4KhAp.woff2,,,1895,2025,older,True,False,1,set(),0,False,False,False,1,False,False,False
Noto Sans Pau Cin Hau,['regular'],"['latin', 'latin-ext', 'pau-cin-hau']",v21,2025-09-05,{'regular': 'https://fonts.gstatic.com/s/notosanspaucinhau/v21/x3d-cl3IZKmUqiMg_9wBLLtzl22EayN7ehIdiUWqKMxsKw.woff2'},sans-serif,webfonts#webfont,https://fonts.gstatic.com/s/notosanspaucinhau/v21/x3d-cl3IZKmUqiMg_9wBLLtzl22EayN7ehItjU-r.woff2,,,1896,2025,recent_12m,False,False,1,set(),0,False,False,False,3,False,False,False
Playwrite NZ Basic Guides,['regular'],['latin'],v1,2026-01-28,{'regular': 'https://fonts.gstatic.com/s/playwritenzbasicguides/v1/R70Ijzkdl_2TLaCpQB6Y1nC0FVKKJvaZ2hDyljkrmGWAdZNU-YI.woff2'},handwriting,webfonts#webfont,https://fonts.gstatic.com/s/playwritenzbasicguides/v1/R70Ijzkdl_2TLaCpQB6Y1nC0FVKKJvaZ2hDyljkrqGGKdA.woff2,,,1897,2026,recent_12m,False,False,1,set(),0,False,False,False,1,False,False,False
Noto Sans Old Sogdian,['regular'],"['latin', 'latin-ext', 'old-sogdian']",v18,2025-09-10,{'regular': 'https://fonts.gstatic.com/s/notosansoldsogdian/v18/3JnjSCH90Gmq2mrzckOBBhFhdrMst48aURt7mOIqM-9uyg.woff2'},sans-serif,webfonts#webfont,https://fonts.gstatic.com/s/notosansoldsogdian/v18/3JnjSCH90Gmq2mrzckOBBhFhdrMst48aURtLnOgr.woff2,,,1898,2025,recent_12m,False,False,1,set(),0,False,False,False,3,False,False,False
Playwrite FR Trad,['regular'],['latin'],v13,2025-09-11,{'regular': 'https://fonts.gstatic.com/s/playwritefrtrad/v13/sJoe3KxJjdGLJV3vyatrJE2pkQisWXkPHZ0f1CZO.woff2'},handwriting,webfonts#webfont,https://fonts.gstatic.com/s/playwritefrtrad/v13/sJot3KxJjdGLJV3vyatrJE2pkQisWWMBP23HSIVI5tvAogv9d9We.woff2,"[{'tag': 'wght', 'start': 100, 'end': 400}]",,1899,2025,recent_12m,False,True,4,{'wght'},1,False,False,False,1,False,False,False
Noto Sans Kayah Li,['regular'],"['kayah-li', 'latin', 'latin-ext']",v26,2025-09-16,{'regular': 'https://fonts.gstatic.com/s/notosanskayahli/v26/B50SF61OpWTRcGrhOVJJwOMXdca6Yec-hVPEM4EAUw.woff2'},sans-serif,webfonts#webfont,https://fonts.gstatic.com/s/notosanskayahli/v26/B50nF61OpWTRcGrhOVJJwOMXdca6Yecki3E06x2jVTX3WCc3OZDyEA.woff2,"[{'tag': 'wght', 'start': 400, 'end': 700}]",,1900,2025,recent_12m,False,True,4,{'wght'},1,False,False,False,3,False,False,False
Noto Sans Modi,['regular'],"['latin', 'latin-ext', 'modi']",v25,2025-09-10,{'regular': 'https://fonts.gstatic.com/s/notosansmodi/v25/pe03MIySN5pO62Z5YkFyT7jeav5vWVAgVol-.woff2'},sans-serif,webfonts#webfont,https://fonts.gstatic.com/s/notosansmodi/v25/pe03MIySN5pO62Z5YkFyT7jeas5rU1E.woff2,,,1901,2025,recent_12m,False,False,1,set(),0,False,False,False,3,False,False,False
Noto Sans Soyombo,['regular'],"['latin', 'latin-ext', 'soyombo']",v18,2025-09-16,{'regular': 'https://fonts.gstatic.com/s/notosanssoyombo/v18/RWmSoL-Y6-8q5LTtXs6MF6q7xsxgY0FuIFOcK25W.woff2'},sans-serif,webfonts#webfont,https://fonts.gstatic.com/s/notosanssoyombo/v18/RWmSoL-Y6-8q5LTtXs6MF6q7xsxgY3FqKlI.woff2,,,1902,2025,recent_12m,False,False,1,set(),0,False,False,False,3,False,False,False
Playwrite IN Guides,['regular'],['latin'],v1,2025-05-30,{'regular': 'https://fonts.gstatic.com/s/playwriteinguides/v1/GFD2WBRug3mQSvrAT9AL4vx4d3lQNQV4TthqdGqgdlM.woff2'},handwriting,webfonts#webfont,https://fonts.gstatic.com/s/playwriteinguides/v1/GFD2WBRug3mQSvrAT9AL4vx4d3lQNQV4ftxgdQ.woff2,,,1903,2025,older,False,False,1,set(),0,False,False,False,1,False,False,False
Yarndings 12,['regular'],"['latin', 'math', 'symbols']",v4,2025-09-17,{'regular': 'https://fonts.gstatic.com/s/yarndings12/v4/55xreyp2N8T5P2LJbZAlkY9c9JLMI2VUnQ.woff2'},display,webfonts#webfont,https://fonts.gstatic.com/s/yarndings12/v4/55xreyp2N8T5P2LJbZAlkY9s8JjN.woff2,,,1904,2025,recent_12m,False,False,1,set(),0,False,False,False,3,False,False,False
Noto Sans Manichaean,['regular'],"['latin', 'latin-ext', 'manichaean']",v19,2025-09-10,{'regular': 'https://fonts.gstatic.com/s/notosansmanichaean/v19/taiVGntiC4--qtsfi4Jp9-_GkPZZCcrfekqHNTtFCtdX.woff2'},sans-serif,webfonts#webfont,https://fonts.gstatic.com/s/notosansmanichaean/v19/taiVGntiC4--qtsfi4Jp9-_GkPZZCcrfenqDPzo.woff2,,,1905,2025,recent_12m,False,False,1,set(),0,False,False,False,3,False,False,False
Noto Sans Saurashtra,['regular'],"['latin', 'latin-ext', 'saurashtra']",v24,2025-09-16,{'regular': 'https://fonts.gstatic.com/s/notosanssaurashtra/v24/ea8GacQ0Wfz_XKWXe6OtoA8w8zvmYwTef9nYjhPTSIx9.woff2'},sans-serif,webfonts#webfont,https://fonts.gstatic.com/s/notosanssaurashtra/v24/ea8GacQ0Wfz_XKWXe6OtoA8w8zvmYwTef-nchBI.woff2,,,1906,2025,recent_12m,False,False,1,set(),0,False,False,False,3,False,False,False
Playwrite ES Deco Guides,['regular'],['latin'],v1,2025-05-30,{'regular': 'https://fonts.gstatic.com/s/playwriteesdecoguides/v1/flUrRriwwII5RVl2TZ1XBNTUOYY6ZzZzwPCEKtwqZUyDBQWJ7Q.woff2'},handwriting,webfonts#webfont,https://fonts.gstatic.com/s/playwriteesdecoguides/v1/flUrRriwwII5RVl2TZ1XBNTUOYY6ZzZzwPCEKtwaYUaC.woff2,,,1907,2025,older,False,False,1,set(),0,False,False,False,1,False,False,False
Playwrite TZ Guides,['regular'],['latin'],v1,2025-05-30,{'regular': 'https://fonts.gstatic.com/s/playwritetzguides/v1/SLXUc0_L5XEkcjBPGvusk4lULgsM9U5_YQm93JQ2XEg.woff2'},handwriting,webfonts#webfont,https://fonts.gstatic.com/s/playwritetzguides/v1/SLXUc0_L5XEkcjBPGvusk4lULgsM9U5_UQ233Q.woff2,,,1908,2025,older,False,False,1,set(),0,False,False,False,1,False,False,False
Noto Sans Lepcha,['regular'],"['latin', 'latin-ext', 'lepcha']",v20,2025-09-08,{'regular': 'https://fonts.gstatic.com/s/notosanslepcha/v20/0QI7MWlB_JWgA166SKhu05TekNS32AdstqBXgd4.woff2'},sans-serif,webfonts#webfont,https://fonts.gstatic.com/s/notosanslepcha/v20/0QI7MWlB_JWgA166SKhu05TekNS36ANmtw.woff2,,,1909,2025,recent_12m,False,False,1,set(),0,False,False,False,3,False,False,False
Playwrite IT Trad,['regular'],['latin'],v11,2025-09-11,{'regular': 'https://fonts.gstatic.com/s/playwriteittrad/v11/SlGKmR6Yo5oYZX5BFVcEySBSPE50BivNh2y2Iq91.woff2'},handwriting,webfonts#webfont,https://fonts.gstatic.com/s/playwriteittrad/v11/SlG5mR6Yo5oYZX5BFVcEySBSPE50BjHDpZxuvgxzFq96u-6PgUlM.woff2,"[{'tag': 'wght', 'start': 100, 'end': 400}]",,1910,2025,recent_12m,False,True,4,{'wght'},1,False,False,False,1,False,False,False
Noto Sans Kharoshthi,['regular'],"['kharoshthi', 'latin', 'latin-ext']",v17,2025-09-05,{'regular': 'https://fonts.gstatic.com/s/notosanskharoshthi/v17/Fh4qPiLjKS30-P4-pGMMXCCfvkc5Vd7KE5z9rFyx5mR1.woff2'},sans-serif,webfonts#webfont,https://fonts.gstatic.com/s/notosanskharoshthi/v17/Fh4qPiLjKS30-P4-pGMMXCCfvkc5Vd7KE6z5pl0.woff2,,,1911,2025,recent_12m,False,False,1,set(),0,False,False,False,3,False,False,False
Playwrite FR Trad Guides,['regular'],['latin'],v1,2025-05-30,{'regular': 'https://fonts.gstatic.com/s/playwritefrtradguides/v1/l7gMbit5yM62ycwevWCt133rT2kpYpEKjyfqRWLFe7iXYf2ZXw.woff2'},handwriting,webfonts#webfont,https://fonts.gstatic.com/s/playwritefrtradguides/v1/l7gMbit5yM62ycwevWCt133rT2kpYpEKjyfqRWL1f7KW.woff2,,,1912,2025,older,False,False,1,set(),0,False,False,False,1,False,False,False
Playwrite DE VA,['regular'],['latin'],v11,2025-09-05,{'regular': 'https://fonts.gstatic.com/s/playwritedeva/v11/VuJpdNPb2p7tvoFGLMPdeMxGN1p9umHRrDH0eA.woff2'},handwriting,webfonts#webfont,https://fonts.gstatic.com/s/playwritedeva/v11/VuJmdNPb2p7tvoFGLMPdeMxGN1pntEMhdK1XfsTyRSySj28pGg.woff2,"[{'tag': 'wght', 'start': 100, 'end': 400}]",,1913,2025,recent_12m,False,True,4,{'wght'},1,False,False,False,1,False,False,False
Playwrite GB S Guides,"['regular', 'italic']",['latin'],v1,2025-05-30,"{'regular': 'https://fonts.gstatic.com/s/playwritegbsguides/v1/0FlKVOSHl1iH-fv2BH4kIkUBqtlNCEaQLlyKwlQPi-Z8Fw.woff2', 'italic': 'https://fonts.gstatic.com/s/playwritegbsguides/v1/0FlEVOSHl1iH-fv2BH4kIkUBqtlNCEaQLly6xV4OqeNsFwxX.woff2'}",handwriting,webfonts#webfont,https://fonts.gstatic.com/s/playwritegbsguides/v1/0FlKVOSHl1iH-fv2BH4kIkUBqtlNCEaQLly6xl4O.woff2,,,1914,2025,older,True,False,1,set(),0,False,False,False,1,False,False,False
Playwrite AU TAS Guides,['regular'],['latin'],v1,2025-05-30,{'regular': 'https://fonts.gstatic.com/s/playwriteautasguides/v1/cY9Vfi6cVk5RvjGtQrLqjozy3ekUDtDMDX-NNjbPL4UbaDZD.woff2'},handwriting,webfonts#webfont,https://fonts.gstatic.com/s/playwriteautasguides/v1/cY9Vfi6cVk5RvjGtQrLqjozy3ekUDtDMDX-NNgbLJYQ.woff2,,,1915,2025,older,False,False,1,set(),0,False,False,False,1,False,False,False
Ramsina,['regular'],"['latin', 'syriac']",v3,2026-05-13,{'regular': 'https://fonts.gstatic.com/s/ramsina/v3/daaYSTE-LGmCbhP9-Ls1Q4mMrSg.woff2'},serif,webfonts#webfont,https://fonts.gstatic.com/s/ramsina/v3/daaYSTE-LGmCbhP9yL8_Qg.woff2,,,1916,2026,recent_12m,False,False,1,set(),0,False,False,False,2,False,False,False
Playwrite NL Guides,['regular'],['latin'],v1,2025-05-30,{'regular': 'https://fonts.gstatic.com/s/playwritenlguides/v1/FwZH7_8mxlw-50y5PJughoCL4jbXkMqwsWeGP6kvdPA.woff2'},handwriting,webfonts#webfont,https://fonts.gstatic.com/s/playwritenlguides/v1/FwZH7_8mxlw-50y5PJughoCL4jbXkMqwgWOMPg.woff2,,,1917,2025,older,False,False,1,set(),0,False,False,False,1,False,False,False
Playwrite CU Guides,['regular'],['latin'],v1,2025-05-30,{'regular': 'https://fonts.gstatic.com/s/playwritecuguides/v1/c4m81mZtG8v6p3iAoFBJ2dJdu9fWPSaOFo8IDQtJbok.woff2'},handwriting,webfonts#webfont,https://fonts.gstatic.com/s/playwritecuguides/v1/c4m81mZtG8v6p3iAoFBJ2dJdu9fWPSaOJosCDA.woff2,,,1918,2025,older,False,False,1,set(),0,False,False,False,1,False,False,False
Playwrite AR Guides,['regular'],['latin'],v5,2025-05-30,{'regular': 'https://fonts.gstatic.com/s/playwritearguides/v5/iJWYBWqKZTrYS9uv-Ry6kDf-q_0Xq67mcGAaW4_MiYQ.woff2'},handwriting,webfonts#webfont,https://fonts.gstatic.com/s/playwritearguides/v5/iJWYBWqKZTrYS9uv-Ry6kDf-q_0Xq67mQGQQWg.woff2,,,1919,2025,older,False,False,1,set(),0,False,False,False,1,False,False,False
Playwrite DK Loopet Guides,['regular'],['latin'],v1,2025-05-30,{'regular': 'https://fonts.gstatic.com/s/playwritedkloopetguides/v1/4iC46LlmYsRPlQ1zDEvT8weoW-sI8-h9xxN83W-Cb5tjElj-b0nB.woff2'},handwriting,webfonts#webfont,https://fonts.gstatic.com/s/playwritedkloopetguides/v1/4iC46LlmYsRPlQ1zDEvT8weoW-sI8-h9xxN83W-Cb6tnGFk.woff2,,,1920,2025,older,False,False,1,set(),0,False,False,False,1,False,False,False
Playwrite BR Guides,['regular'],['latin'],v1,2025-05-30,{'regular': 'https://fonts.gstatic.com/s/playwritebrguides/v1/tssxAohQaiQS-wrnJz-F5CqW4dOezRwp-9ICOxBu_BM.woff2'},handwriting,webfonts#webfont,https://fonts.gstatic.com/s/playwritebrguides/v1/tssxAohQaiQS-wrnJz-F5CqW4dOezRwpy9YIOg.woff2,,,1921,2025,older,False,False,1,set(),0,False,False,False,1,False,False,False
Playwrite BE WAL Guides,['regular'],['latin'],v1,2025-05-30,{'regular': 'https://fonts.gstatic.com/s/playwritebewalguides/v1/l7gPbiR5yM62ycwevWCt02rrTFoEJvY4kyrrUzHgVJabaOSA.woff2'},handwriting,webfonts#webfont,https://fonts.gstatic.com/s/playwritebewalguides/v1/l7gPbiR5yM62ycwevWCt02rrTFoEJvY4kyrrUwHkXpc.woff2,,,1922,2025,older,False,False,1,set(),0,False,False,False,1,False,False,False
Playwrite IT Moderna Guides,['regular'],['latin'],v1,2025-05-30,{'regular': 'https://fonts.gstatic.com/s/playwriteitmodernaguides/v1/2sDKZHBJg5rCj6fz_QgDJhGcTtJ5AVu-1w5jRQjRv9qPoeVtBhB5gQ.woff2'},handwriting,webfonts#webfont,https://fonts.gstatic.com/s/playwriteitmodernaguides/v1/2sDKZHBJg5rCj6fz_QgDJhGcTtJ5AVu-1w5jRQjRv9q_pe9s.woff2,,,1923,2025,older,False,False,1,set(),0,False,False,False,1,False,False,False
Noto Sans Lycian,['regular'],['lycian'],v16,2025-09-08,{'regular': 'https://fonts.gstatic.com/s/notosanslycian/v16/QldVNSNMqAsHtsJ7UmqxBQA9r8wA5_zaCJwn00E.woff2'},sans-serif,webfonts#webfont,https://fonts.gstatic.com/s/notosanslycian/v16/QldVNSNMqAsHtsJ7UmqxBQA9r8wA1_jQCQ.woff2,,,1924,2025,recent_12m,False,False,1,set(),0,False,False,False,1,False,False,False
Yarndings 12 Charted,['regular'],"['latin', 'math', 'symbols']",v4,2025-09-17,{'regular': 'https://fonts.gstatic.com/s/yarndings12charted/v4/eLGDP_DlKhO-DUfeqM4I_vDdJgmIh7hAvvbM0t-dHaJH.woff2'},display,webfonts#webfont,https://fonts.gstatic.com/s/yarndings12charted/v4/eLGDP_DlKhO-DUfeqM4I_vDdJgmIh7hAvsbI2N4.woff2,,,1925,2025,recent_12m,False,False,1,set(),0,False,False,False,3,False,False,False
Playwrite DK Uloopet Guides,['regular'],['latin'],v1,2025-05-30,{'regular': 'https://fonts.gstatic.com/s/playwritedkuloopetguides/v1/WwkKxOSkDVqm-ojMLT_kdMsoBb5Xs6efafiIBXYcVHk1a49bkIONtA.woff2'},handwriting,webfonts#webfont,https://fonts.gstatic.com/s/playwritedkuloopetguides/v1/WwkKxOSkDVqm-ojMLT_kdMsoBb5Xs6efafiIBXYcVHkFb4Va.woff2,,,1926,2025,older,False,False,1,set(),0,False,False,False,1,False,False,False
Playwrite DE VA Guides,['regular'],['latin'],v1,2025-05-30,{'regular': 'https://fonts.gstatic.com/s/playwritedevaguides/v1/WwkPxOmkDVqm-ojMLT_kdMUoBpMYm6KTeb28UBpSNQIUdqQ.woff2'},handwriting,webfonts#webfont,https://fonts.gstatic.com/s/playwritedevaguides/v1/WwkPxOmkDVqm-ojMLT_kdMUoBpMYm6KTeb28YB5YNA.woff2,,,1927,2025,older,False,False,1,set(),0,False,False,False,1,False,False,False
Playwrite DE LA Guides,['regular'],['latin'],v2,2025-05-30,{'regular': 'https://fonts.gstatic.com/s/playwritedelaguides/v2/1q2XY42fB0V64O4aSe1OjKs_yAXBOfDI5wE56giM62M1AXs.woff2'},handwriting,webfonts#webfont,https://fonts.gstatic.com/s/playwritedelaguides/v2/1q2XY42fB0V64O4aSe1OjKs_yAXBOfDI5wE52gyG6g.woff2,,,1928,2025,older,False,False,1,set(),0,False,False,False,1,False,False,False
Playwrite FR Moderne Guides,['regular'],['latin'],v2,2025-05-30,{'regular': 'https://fonts.gstatic.com/s/playwritefrmoderneguides/v2/CSRr4yxOn-mMWCgLPl16KrUKBbwa2ZZLdkrvXllIP22HmYzLvrG2fw.woff2'},handwriting,webfonts#webfont,https://fonts.gstatic.com/s/playwritefrmoderneguides/v2/CSRr4yxOn-mMWCgLPl16KrUKBbwa2ZZLdkrvXllIP223nYbK.woff2,,,1929,2025,older,False,False,1,set(),0,False,False,False,1,False,False,False
Playwrite US Modern Guides,['regular'],['latin'],v1,2025-05-30,{'regular': 'https://fonts.gstatic.com/s/playwriteusmodernguides/v1/0QI1MWNf_4C2VH-yUr5uyqKOvtOynXAoku8j8Lv9pry0ZQscrW1V.woff2'},handwriting,webfonts#webfont,https://fonts.gstatic.com/s/playwriteusmodernguides/v1/0QI1MWNf_4C2VH-yUr5uyqKOvtOynXAoku8j8Lv9poywbwo.woff2,,,1930,2025,older,False,False,1,set(),0,False,False,False,1,False,False,False
Playwrite IT Trad Guides,['regular'],['latin'],v2,2025-05-30,{'regular': 'https://fonts.gstatic.com/s/playwriteittradguides/v2/SlGDmReYo5oYZX5BFVcEySBSPE50BiuP2AHaRsRUBoV-e6yHgQ.woff2'},handwriting,webfonts#webfont,https://fonts.gstatic.com/s/playwriteittradguides/v2/SlGDmReYo5oYZX5BFVcEySBSPE50BiuP2AHaRsRkAo9_.woff2,,,1931,2025,older,False,False,1,set(),0,False,False,False,1,False,False,False
Playwrite AU SA Guides,['regular'],['latin'],v1,2025-05-30,{'regular': 'https://fonts.gstatic.com/s/playwriteausaguides/v1/3JnsSCLj03y8jUv7aFWBCCglBaFjl54aVBAovc0EP-Z3054.woff2'},handwriting,webfonts#webfont,https://fonts.gstatic.com/s/playwriteausaguides/v1/3JnsSCLj03y8jUv7aFWBCCglBaFjl54aVBAojckOPg.woff2,,,1932,2025,older,False,False,1,set(),0,False,False,False,1,False,False,False
Playwrite ZA Guides,['regular'],['latin'],v1,2025-05-30,{'regular': 'https://fonts.gstatic.com/s/playwritezaguides/v1/O4ZOFHPsmxlhCg3-iycDyEwy0BT1ribk2HXoCLfQmgE.woff2'},handwriting,webfonts#webfont,https://fonts.gstatic.com/s/playwritezaguides/v1/O4ZOFHPsmxlhCg3-iycDyEwy0BT1ribk6HHiCQ.woff2,,,1933,2025,older,False,False,1,set(),0,False,False,False,1,False,False,False
Playwrite CL Guides,['regular'],['latin'],v2,2025-05-30,{'regular': 'https://fonts.gstatic.com/s/playwriteclguides/v2/Z9XKDnxTQxyGzOn3eMH-i6Ws0czqkE-hrN9Vuw5_BAM.woff2'},handwriting,webfonts#webfont,https://fonts.gstatic.com/s/playwriteclguides/v2/Z9XKDnxTQxyGzOn3eMH-i6Ws0czqkE-hnNtfug.woff2,,,1934,2025,older,False,False,1,set(),0,False,False,False,1,False,False,False
Playwrite HU Guides,['regular'],['latin'],v1,2025-05-30,{'regular': 'https://fonts.gstatic.com/s/playwritehuguides/v1/AYCXpWvtftIVXepC5AzjCAdKgYPugOK0TqlTJw_GOM0.woff2'},handwriting,webfonts#webfont,https://fonts.gstatic.com/s/playwritehuguides/v1/AYCXpWvtftIVXepC5AzjCAdKgYPugOK0fq1ZJg.woff2,,,1935,2025,older,False,False,1,set(),0,False,False,False,1,False,False,False
Playwrite NG Modern Guides,['regular'],['latin'],v1,2025-05-30,{'regular': 'https://fonts.gstatic.com/s/playwritengmodernguides/v1/6qLVKYQNtxD-qVlIPUIPdWMlWxy3BmFEQgxB1xvFhDauWJtyZyGU.woff2'},handwriting,webfonts#webfont,https://fonts.gstatic.com/s/playwritengmodernguides/v1/6qLVKYQNtxD-qVlIPUIPdWMlWxy3BmFEQgxB1xvFhAaqUpo.woff2,,,1936,2025,older,False,False,1,set(),0,False,False,False,1,False,False,False
Playwrite AT Guides,"['regular', 'italic']",['latin'],v1,2025-05-30,"{'regular': 'https://fonts.gstatic.com/s/playwriteatguides/v1/QdVKSS0gJR2xneUeQPfE-FVA1BlZQRpBRb0JdhapcUU.woff2', 'italic': 'https://fonts.gstatic.com/s/playwriteatguides/v1/QdVISS0gJR2xneUeQPfE-FVA1BlZQRpBdboDdzSsYUVUjg.woff2'}",handwriting,webfonts#webfont,https://fonts.gstatic.com/s/playwriteatguides/v1/QdVKSS0gJR2xneUeQPfE-FVA1BlZQRpBdbkDdw.woff2,,,1937,2025,older,True,False,1,set(),0,False,False,False,1,False,False,False
Playwrite CA Guides,['regular'],['latin'],v1,2025-05-30,{'regular': 'https://fonts.gstatic.com/s/playwritecaguides/v1/MjQamj1kuP_soQ3o-rysO9Ci_8oJlIUUInIh3bTfcxs.woff2'},handwriting,webfonts#webfont,https://fonts.gstatic.com/s/playwritecaguides/v1/MjQamj1kuP_soQ3o-rysO9Ci_8oJlIUUEnYr3A.woff2,,,1938,2025,older,False,False,1,set(),0,False,False,False,1,False,False,False
Playwrite SK Guides,['regular'],['latin'],v1,2025-05-30,{'regular': 'https://fonts.gstatic.com/s/playwriteskguides/v1/P5sezYaSYdfH5z93kEFk3tyPlqxeQeo_Jz_uWQshcbU.woff2'},handwriting,webfonts#webfont,https://fonts.gstatic.com/s/playwriteskguides/v1/P5sezYaSYdfH5z93kEFk3tyPlqxeQeo_FzvkWA.woff2,,,1939,2025,older,False,False,1,set(),0,False,False,False,1,False,False,False
Playwrite HR Lijeva Guides,['regular'],['latin'],v1,2025-05-30,{'regular': 'https://fonts.gstatic.com/s/playwritehrlijevaguides/v1/uU9aCAgH7I63K35cu3bRkqamzjr8EW133LJaXDO-QObkgDgMKYJO.woff2'},handwriting,webfonts#webfont,https://fonts.gstatic.com/s/playwritehrlijevaguides/v1/uU9aCAgH7I63K35cu3bRkqamzjr8EW133LJaXDO-QNbgijk.woff2,,,1940,2025,older,False,False,1,set(),0,False,False,False,1,False,False,False
Playwrite AU NSW Guides,['regular'],['latin'],v1,2025-05-30,{'regular': 'https://fonts.gstatic.com/s/playwriteaunswguides/v1/LDIiao-QNRMmVPcU8-sgUraMF7GZs_1Emk3v8tPeZeQ3YBXs.woff2'},handwriting,webfonts#webfont,https://fonts.gstatic.com/s/playwriteaunswguides/v1/LDIiao-QNRMmVPcU8-sgUraMF7GZs_1Emk3v8uPab-U.woff2,,,1941,2025,older,False,False,1,set(),0,False,False,False,1,False,False,False
Playwrite ES Guides,['regular'],['latin'],v1,2025-05-30,{'regular': 'https://fonts.gstatic.com/s/playwriteesguides/v1/VuJtdM_b2p7tvoFGLMPdedpGJm402y6mhDXGfdnzXeU.woff2'},handwriting,webfonts#webfont,https://fonts.gstatic.com/s/playwriteesguides/v1/VuJtdM_b2p7tvoFGLMPdedpGJm402y6mtDHMfA.woff2,,,1942,2025,older,False,False,1,set(),0,False,False,False,1,False,False,False
Playwrite ID Guides,['regular'],['latin'],v1,2025-05-30,{'regular': 'https://fonts.gstatic.com/s/playwriteidguides/v1/MjQamj1kuP_soQ3o-rysMdWi_8oJlIUUInIh3bTfcxs.woff2'},handwriting,webfonts#webfont,https://fonts.gstatic.com/s/playwriteidguides/v1/MjQamj1kuP_soQ3o-rysMdWi_8oJlIUUEnYr3A.woff2,,,1943,2025,older,False,False,1,set(),0,False,False,False,1,False,False,False
Playwrite BE VLG Guides,['regular'],['latin'],v2,2025-05-30,{'regular': 'https://fonts.gstatic.com/s/playwritebevlgguides/v2/EYqjmb1Mz6hO4edaU9qKGFZMDd_Q-zwwK__U1u9DK3nNgEoc.woff2'},handwriting,webfonts#webfont,https://fonts.gstatic.com/s/playwritebevlgguides/v2/EYqjmb1Mz6hO4edaU9qKGFZMDd_Q-zwwK__U1t9HIXg.woff2,,,1944,2025,older,False,False,1,set(),0,False,False,False,1,False,False,False
Playwrite HR Guides,['regular'],['latin'],v1,2025-05-30,{'regular': 'https://fonts.gstatic.com/s/playwritehrguides/v1/6NUK8EedKwOcfRjj8ukv_L4kjqAoGrjdWmU08mCgdfM.woff2'},handwriting,webfonts#webfont,https://fonts.gstatic.com/s/playwritehrguides/v1/6NUK8EedKwOcfRjj8ukv_L4kjqAoGrjdamE-8w.woff2,,,1945,2025,older,False,False,1,set(),0,False,False,False,1,False,False,False
Playwrite AU QLD Guides,['regular'],['latin'],v1,2025-05-30,{'regular': 'https://fonts.gstatic.com/s/playwriteauqldguides/v1/TuGBUUJtX5tTUfQi_7kbiZZFVhl0FIKnvy00LDxgIzIU5RwD.woff2'},handwriting,webfonts#webfont,https://fonts.gstatic.com/s/playwriteauqldguides/v1/TuGBUUJtX5tTUfQi_7kbiZZFVhl0FIKnvy00LAxkKTM.woff2,,,1946,2025,older,False,False,1,set(),0,False,False,False,1,False,False,False
Playwrite RO Guides,['regular'],['latin'],v1,2025-05-30,{'regular': 'https://fonts.gstatic.com/s/playwriteroguides/v1/wlptgx7ZCE50snmWiOExiylvL10_b5Ym_LVte6KuGEo.woff2'},handwriting,webfonts#webfont,https://fonts.gstatic.com/s/playwriteroguides/v1/wlptgx7ZCE50snmWiOExiylvL10_b5YmzLFneg.woff2,,,1947,2025,older,False,False,1,set(),0,False,False,False,1,False,False,False
Playwrite DE SAS Guides,['regular'],['latin'],v1,2025-05-30,{'regular': 'https://fonts.gstatic.com/s/playwritedesasguides/v1/8At5GtCjPp-GWR2h9cC6ePzz2l6LJ3VZaPNi15BBdtBgPI1G.woff2'},handwriting,webfonts#webfont,https://fonts.gstatic.com/s/playwritedesasguides/v1/8At5GtCjPp-GWR2h9cC6ePzz2l6LJ3VZaPNi16BFfNE.woff2,,,1948,2025,older,False,False,1,set(),0,False,False,False,1,False,False,False
Playwrite CZ Guides,['regular'],['latin'],v1,2025-05-30,{'regular': 'https://fonts.gstatic.com/s/playwriteczguides/v1/6qLcKY0NtxD-qVlIPUIPeH4lUQa6B3ZZQk4euneh7xc.woff2'},handwriting,webfonts#webfont,https://fonts.gstatic.com/s/playwriteczguides/v1/6qLcKY0NtxD-qVlIPUIPeH4lUQa6B3ZZckoUuw.woff2,,,1949,2025,older,False,False,1,set(),0,False,False,False,1,False,False,False
Playwrite NO Guides,['regular'],['latin'],v1,2025-05-30,{'regular': 'https://fonts.gstatic.com/s/playwritenoguides/v1/DPEwYx-Cyg4cQ2aAcFshOLL79zJKccqHe2qZ2vnLeAs.woff2'},handwriting,webfonts#webfont,https://fonts.gstatic.com/s/playwritenoguides/v1/DPEwYx-Cyg4cQ2aAcFshOLL79zJKccqHS26T2w.woff2,,,1950,2025,older,False,False,1,set(),0,False,False,False,1,False,False,False
Playwrite IS Guides,['regular'],['latin'],v1,2025-05-30,{'regular': 'https://fonts.gstatic.com/s/playwriteisguides/v1/5aUp9-GkphaVExwxdX6SwWF-uigk3Cglrmpptxu7HZ0.woff2'},handwriting,webfonts#webfont,https://fonts.gstatic.com/s/playwriteisguides/v1/5aUp9-GkphaVExwxdX6SwWF-uigk3Cglnm5jtg.woff2,,,1951,2025,older,False,False,1,set(),0,False,False,False,1,False,False,False
